person_id,name,birth_year,death_year,birth_place,death_place,father_id,mother_id,spouse_id,notes
P1,James WHITEFORD,1752,1812,Paisley,,,,P2,"was born in 1752 in Paisley, Renfrewshire, Scotland. He died before 1812. He was a Weaver.He was married to Janet SMITH on 11 Oct 1777 in Paisley, Renfrewshire, Scotland. Children were: Jean WHITEFORD, William WHITEFORD, James WHITEFORD, John WHITEFORD, Janet WHITEFORD, Andrew WHITEFORD, Robert WHITEFORD, David WHITEFORD, Agnes WHITEFORD, Ann WHITEFORD."
P2,Janet SMITH,1760,1823,Paisley,Paisley,,,P1,"was born on 11 Sep 1760 in Paisley, Renfrewshire, Scotland. She died in 1823 in Paisley, Renfrewshire, Scotland. She was buried on 1 Feb 1823 in Canal St. UP, Paisley, Renfrewshire.She was married to James WHITEFORD on 11 Oct 1777 in Paisley, Renfrewshire, Scotland. Children were: Jean WHITEFORD, William WHITEFORD , James WHITEFORD, John WHITEFORD , Janet WHITEFORD, Andrew WHITEFORD , Robert WHITEFORD, David WHITEFORD , Agnes WHITEFORD, Ann WHITEFORD ."
P3,Jean WHITEFORD,1778,,Paisley,,P1,P2,P13,"was born on 8 Oct 1778 in Paisley, Renfrewshire, Scotland. Parents: James WHITEFORD and Janet SMITH .She was married to Samuel YOUNG on 10 Oct 1798 in Paisley, Renfrewshire, Scotland."
P5,James WHITEFORD,1783,1784,Paisley,Paisley,P1,P2,P15,"was born in 1783 in Paisley, Renfrewshire, Scotland. He was baptised on 19 Feb 1784 in Paisley, Renfrewshire, Scotland. He died on 26 Apr 1854 in Paisley, Renfrewshire, Scotland. He was a in Weaver. Chaplain in the Abbey Poorhouse, a Missionary, an Elder in the Canal Street UP Church. He was for a time a delegate to the Synod in Glasgow. James was also an officer in the Temperance Society and made motions in the Kirk Session records as to his feelings on the subject of intemperance. Parents: Jam"
P6,John WHITEFORD,1785,,Paisley,,P1,P2,P17,"was born on 12 Apr 1785 in Paisley, Renfrewshire, Scotland. Parents: James WHITEFORD and Janet SMITH .He was married to Helen ROBERTSON."
P7,Janet WHITEFORD,1787,1807,Paisley,Paisley,P1,P2,,"was born on 14 Jul 1787 in Paisley, Renfrewshire, Scotland. She died on 22 Mar 1807 in Paisley, Renfrewshire, Scotland. Parents: James WHITEFORD and Janet SMITH.She was married to Tarbet CHAMBERS on 14 Sep 1805 in Paisley, Renfrewshire, Scotland."
P8,Andrew WHITEFORD,1789,1841,Paisley,Paisley,P1,P2,P19,"was born on 14 Jul 1789 in Paisley, Renfrewshire, Scotland. He appeared on the census in 1841 in Paisley, Renfrewshire, Scotland. Described as Head of Household and a Tailor, aged 50 years of 28 Maxwelton St, Paisley, Renfrewshire, Scotland. Parents: James WHITEFORD and Janet SMITH.He was married to Mary BELL on 8 Feb 1810 in Paisley, Renfrewshire, Scotland. Children were: James WHITEFORD, William WHITEFORD , Mary WHITEFORD, Elizabeth WHITEFORD, Samuel WHITEFORD, John WHITEFORD."
P9,Robert WHITEFORD,1792,,Paisley,,P1,P2,,"was born on 22 Feb 1792 in Paisley, Renfrewshire, Scotland. Parents: James WHITEFORD and Janet SMITH ."
P10,David WHITEFORD,1794,,Paisley,,P1,P2,,"was born on 2 Oct 1794 in Paisley, Renfrewshire, Scotland. Parents: James WHITEFORD and Janet SMITH ."
P11,Agnes WHITEFORD,1799,,Paisley,,P1,P2,P20,"was born about 1799 in Paisley, Renfrewshire, Scotland. Parents: James WHITEFORD and Janet SMITH .She was married to John BLAIR on 16 Jul 1820 in Paisley, Renfrewshire, Scotland. Children were: Mary BLAIR , Matthew BLAIR, John BLAIR , James BLAIR, Janet BLAIR , Robert BLAIR."
P12,Ann WHITEFORD,1801,,Paisley,,P1,P2,P21,"was born about 1801 in Paisley, Renfrewshire, Scotland. Parents: James WHITEFORD and Janet SMITH .She was married to Reuben BROTHERTON.She was married to Archibald COATS on 14 Mar 1823 in Paisley, Renfrewshire, Scotland."
P14,Elizabeth JACKSON,,,,,,,P4,"She was married to William WHITEFORD on 7 Mar 1807 in Paisley, Renfrewshire, Scotland."
P15,Margaret FERGUSON,,,,,,,P5,She was married to James WHITEFORD on 21 Apr 1851.She was married to William WHITEFORD .
P16,Agnes HARPER,1784,1851,Paisley,,,,P5,"was born about 1784 in Paisley, Renfrewshire, Scotland. She died before 1851.She was married to James WHITEFORD on 6 Feb 1803 in Paisley, Renfrewshire, Scotland. Children were: James WHITEFORD, Andrew WHITEFORD, Janet WHITEFORD, Jean WHITEFORD, Agnes WHITEFORD, Ann WHITEFORD, Helen WHITEFORD, William WHITEFORD, John Harper WHITEFORD."
P17,Helen ROBERTSON,1785,,,,,,P6,was born about 1785.She was married to John WHITEFORD.
P19,Mary BELL,1792,1810,,Paisley,,,,"was born about 1792. She appeared on the census in 1841 in Paisley, Renfrewshire, Scotland. Described as wife of the Head of Household, aged 59 years of 28 Maxwelton St, Paisley, Renfrewshire, Scotland.She was married to Andrew WHITEFORD on 8 Feb 1810 in Paisley, Renfrewshire, Scotland. Children were: James WHITEFORD, William WHITEFORD, Mary WHITEFORD, Elizabeth WHITEFORD, Samuel WHITEFORD, John WHITEFORD."
P20,John BLAIR,,,,,,,P11,"He was married to Agnes WHITEFORD on 16 Jul 1820 in Paisley, Renfrewshire, Scotland. Children were: Mary BLAIR, Matthew BLAIR, John BLAIR, James BLAIR, Janet BLAIR, Robert BLAIR."
P21,Reuben BROTHERTON,1808,,,,,,P12,was born about 1808.He was married to Ann WHITEFORD.
P23,James WHITEFORD,1803,1873,Paisley,Sep 1873 in Canal St,P5,P16,P32,"was born about 1803 in Paisley, Renfrewshire, Scotland. He was buried in Sep 1873 in Canal St. UP, Paisley, Renfrewshire. He died on 18 Sep 1873 in Paisley, Renfrewshire, Scotland. Parents: James WHITEFORD and Agnes HARPER.He was married to Mary MATHIE on 28 Jan 1827 in Paisley, Renfrewshire, Scotland. Children were: James WHITEFORD, Agnes WHITEFORD, Euphemia WHITEFORD, John WHITEFORD, Jeannie WHITEFORD, Janet WHITEFORD, Mary WHITEFORD."
P24,Andrew WHITEFORD,1809,1873,High Church,Paisley,P5,P16,,"was born about 1809 in High Church, Paisley, Renfrewshire, Scotland. He died on 18 Sep 1873 in Paisley, Renfrewshire, Scotland. Parents: James WHITEFORD and Agnes HARPER.He was married to Mary RULE on 6 Jun 1828 in Paisley, Renfrewshire, Scotland. Children were: James WHITEFORD, Janet WHITEFORD, Agnes WHITEFORD, Andrew WHITEFORD, William WHITEFORD, David E. WHITEFORD, Mary Winning WHITEFORD, John WHITEFORD, Jane WHITEFORD, John WHITEFORD."
P25,Janet WHITEFORD,1810,1870,Paisley,Paisley,P5,P16,,"was born about 1810 in Paisley, Renfrewshire, Scotland. She died on 1 Sep 1870 in Paisley, Renfrewshire, Scotland. Parents: James WHITEFORD and Agnes HARPER.She was married to John MCINTOSH. Children were: Agnes MCINTOSH, John MCINTOSH.She was married to William ROBIN. Children were: Andrew ROBIN, Janet ROBIN, William ROBIN, Isobella ROBIN, Agnes ROBIN, James ROBIN, Henry ROBIN, Mary ROBIN. Back Next"
P26,Jean WHITEFORD,1815,1844,Paisley,Paisley,P5,P16,,"was born about 1815 in Paisley, Renfrewshire, Scotland. She died on 4 Jul 1844 in Paisley, Renfrewshire, Scotland. Parents: James WHITEFORD and Agnes HARPER."
P27,Agnes WHITEFORD,1817,1832,Paisley,Paisley,P5,P16,,"was born about 1817 in Paisley, Renfrewshire, Scotland. She died in 1832 in Paisley, Renfrewshire, Scotland. She was buried on 6 Nov 1832 in Canal St. UP, Paisley, Renfrewshire. Parents: James WHITEFORD and Agnes HARPER."
P28,Ann WHITEFORD,1820,1840,,,P5,P16,,"was born about 1820. She died in 1840. She was buried on 12 Aug 1840 in Canal St. UP, Paisley, Renfrewshire. Parents: James WHITEFORD and Agnes HARPER."
P29,Helen WHITEFORD,1826,1846,Paisley,,P5,P16,,"was born about 1826 in Paisley, Renfrewshire, Scotland. She died on 11 May 1846. Parents: James WHITEFORD and Agnes HARPER."
P31,John Harper WHITEFORD,1830,1881,Paisley,Abbey,P5,P16,P85,"was born about 1830 in Paisley, Renfrewshire, Scotland. He appeared on the census in 1881 in Abbey, Paisley, Renfrewshire, Scotland. Described as John Whitford, a photographer, Head of household, aged 50, living at 7 East Lane, Abbey, Renfrew and born in Paisley, Renfrew, Scotland. He died on 22 Feb 1898 in Paisley, Renfrewshire, Scotland. Parents: James WHITEFORD and Agnes HARPER.He was married to Elizabeth LINDSAY on 21 Aug 1851 in Paisley, Renfrewshire, Scotland. Children were: James Balderst"
P32,Mary MATHIE,1803,1876,Paisley,Paisley,,,P23,"was born on 11 Sep 1803 in Paisley, Renfrewshire, Scotland. She died on 17 Aug 1876 in Paisley, Renfrewshire, Scotland.She was married to James WHITEFORD on 28 Jan 1827 in Paisley, Renfrewshire, Scotland. Children were: James WHITEFORD, Agnes WHITEFORD, Euphemia WHITEFORD, John WHITEFORD, Jeannie WHITEFORD, Janet WHITEFORD, Mary WHITEFORD."
P34,Agnes WHITEFORD,1835,1875,Paisley,Paisley,P23,P32,,"was born about 1835 in Paisley, Renfrewshire, Scotland. She died on 5 Aug 1875 in Paisley, Renfrewshire, Scotland. Parents: James WHITEFORD and Mary MATHIE.She was married to William ELLIOTT on 9 Oct 1857 in Abbey, Paisley, Renfrewshire, Scotland. Witnessed by John & James Whiteford. Children were: Jane ELLIOTT, James ELLIOTT , Mary ELLIOTT, William ELLIOTT , Euphemia ELLIOTT, George ELLIOTT , Andrew ELLIOTT, John ELLIOTT , Thomas ELLIOTT."
P35,Euphemia WHITEFORD,1838,1923,Paisley,Paisley,P23,P32,,"was born about 1838 in Paisley, Renfrewshire, Scotland. She died on 25 May 1923 in Paisley, Renfrewshire, Scotland. Parents: James WHITEFORD and Mary MATHIE.She was married to Thomas JOHNSON(E) on 10 Aug 1860 in Linwood, Renfrewshire, Scotland. Children were: Mary JOHNSON(E)."
P36,John WHITEFORD,1838,1881,Paisley,Govan,P23,P32,P43,"was born about 1838 in Paisley, Renfrewshire, Scotland. He appeared on the census in 1881 in Govan, Lanarkshire, Scotland. Described as of 109 Broomloan Rd, Govan, Lanark, Scotland, the Head of Household and aged 44, an Engine Patternmaker, born Paisley, Rewnfrewshire, Scotland. Parents: James WHITEFORD and Mary MATHIE.He was married to Janet RIED on 27 Jun 1862 in Glasgow, Lanarkshire, Scotland. Children were: William WHITEFORD, Mary WHITEFORD, Elizabeth WHITEFORD, James WHITEFORD."
P37,Jeannie WHITEFORD,1842,1915,Paisley,Paisley,P23,P32,,"was born about 1842 in Paisley, Renfrewshire, Scotland. She died on 14 Jan 1915 in Paisley, Renfrewshire, Scotland. Parents: James WHITEFORD and Mary MATHIE.She was married to James FITZPATRICK on 17 Jun 1864 in High Church, Paisley, Renfrewshire, Scotland. Children were: James William FITZPATRICK, William FITZPATRICK, Mary FITZPATRICK, Janet FITZPATRICK."
P38,Janet WHITEFORD,1843,1873,Paisley,Paisley,P23,P32,,"was born about 1843 in Paisley, Renfrewshire, Scotland. She died on 7 Aug 1873 in Paisley, Renfrewshire, Scotland. Parents: James WHITEFORD and Mary MATHIE.She was married to William Johnston BELL on 31 Dec 1861 in High Church, Paisley, Renfrewshire, Scotland. Children were: Jane BELL , Mary BELL, Robert Elliott BELL , James BELL, Samuel Dickie BELL , Hannah Good BELL."
P39,Mary WHITEFORD,1851,,Feb 1851 in Paisley,,P23,P32,P46,"was born in Feb 1851 in Paisley, Renfrewshire, Scotland. Parents: James WHITEFORD and Mary MATHIE .She was married to William PETTIGREW on 13 Jun 1876 in Paisley, Renfrewshire, Scotland."
P40,Elizabeth SMITH,1833,1992,Paisley,High Church,,,P1975,"was born on 27 Oct 1833 in Paisley, Renfrewshire, Scotland. As noted in 1992 IGI, page 4089She was married to James WHITEFORD on 1 Dec 1854 in High Church, Paisley, Renfrewshire, Scotland. As noted in 1992 IGI, page 4089 Children were: James WHITEFORD , James WHITEFORD, Elizabeth WHITEFORD, John WHITEFORD, Eliza WHITEFORD, William WHITEFORD, Robert C. WHITEFORD, Mary WHITEFORD, Andrew WHITEFORD, Thomas WHITEFORD, Hugh WHITEFORD, John WHITEFORD."
P41,William ELLIOTT,1835,1881,Fermanagh,Glasgow,,,P34,"was born about 1835 in Fermanagh, Ireland. He appeared on the census in 1881 in Glasgow, Lanarkshire, Scotland. Described as a Grain Miller of 10 Duke Street and was living with children William, Euphemia and George.He was married to Agnes WHITEFORD on 9 Oct 1857 in Abbey, Paisley, Renfrewshire, Scotland. Witnessed by John & James Whiteford. Children were: Jane ELLIOTT, James ELLIOTT , Mary ELLIOTT, William ELLIOTT , Euphemia ELLIOTT, George ELLIOTT , Andrew ELLIOTT, John ELLIOTT , Thomas ELLIOT"
P42,Thomas JOHNSON(E),1839,,,,,,P35,"was born about 1839.He was married to Euphemia WHITEFORD on 10 Aug 1860 in Linwood, Renfrewshire, Scotland. Children were: Mary JOHNSON(E)."
P43,Janet RIED,1843,1862,,Glasgow,,,P36,"was born about 1843. She appeared on the census in 1881 in Govan, Lanarkshire, Scotland. Described as of 109 Broomloan Rd, Govan, Lanark, Scotland, wife of the Head of Household and aged 38r, born Kilmalcolm, Renfrew, Scotland.She was married to John WHITEFORD on 27 Jun 1862 in Glasgow, Lanarkshire, Scotland. Children were: William WHITEFORD , Mary WHITEFORD, Elizabeth WHITEFORD, James WHITEFORD."
P44,James FITZPATRICK,1842,,,,,,P37,"was born about 1842.He was married to Jeannie WHITEFORD on 17 Jun 1864 in High Church, Paisley, Renfrewshire, Scotland. Children were: James William FITZPATRICK, William FITZPATRICK, Mary FITZPATRICK, Janet FITZPATRICK."
P45,William Johnston BELL,1840,,,,,,P38,"was born about 1840.He was married to Janet WHITEFORD on 31 Dec 1861 in High Church, Paisley, Renfrewshire, Scotland. Children were: Jane BELL, Mary BELL, Robert Elliott BELL, James BELL, Samuel Dickie BELL, Hannah Good BELL."
P46,William PETTIGREW,,,,,,,P39,"He was married to Mary WHITEFORD on 13 Jun 1876 in Paisley, Renfrewshire, Scotland."
P47,Mary RULE,1811,,,,,,P24,"was born about 1811.She was married to Andrew WHITEFORD on 6 Jun 1828 in Paisley, Renfrewshire, Scotland. Children were: James WHITEFORD, Janet WHITEFORD , Agnes WHITEFORD, Andrew WHITEFORD , William WHITEFORD, David E. WHITEFORD, Mary Winning WHITEFORD, John WHITEFORD, Jane WHITEFORD, John WHITEFORD."
P48,James WHITEFORD,1829,,Paisley,Paisley,P24,P47,P57,"was born about 1829. He appeared on the census in 1881 in Paisley High Church, Renfrew, Scotland. Described as aged 53, married and Head of Household, a House Painter by Trade and born in Paisley, Renfrewshire, Scotland, living at 80 Broomlands, Paisley, Scotland. Parents: Andrew WHITEFORD and Mary RULE.He was married to Mary WILLIAMSON on 14 Aug 1856 in High Church, Paisley, Renfrewshire, Scotland. Children were: Andrew WHITEFORD, Jane WHITEFORD, John Williamson WHITEFORD, Andrew WHITEFORD, Mar"
P49,Janet WHITEFORD,1831,,,,P24,P47,,was born about 1831. Parents: Andrew WHITEFORD and Mary RULE.
P50,Agnes WHITEFORD,1836,,,,P24,P47,P58,"was born about 1836. Parents: Andrew WHITEFORD and Mary RULE.She was married to William Montgomerie WYLIE on 25 Apr 1856 in High Church, Paisley, Renfrewshire, Scotland. Children were: Mary WYLIE, John WYLIE, Andrew WYLIE, Robert WYLIE, William WYLIE, James WYLIE, Alexander WYLIE, Agnes WYLIE."
P51,Andrew WHITEFORD,1840,,Paisley,Paisley,P24,P47,,"was born about 1840. He appeared on the census in 1881 in West Greenock, Renfrew, Scotland. Described as aged 42 years, married and Head of Household, A Tinsmith born in Paisley, Renfrewshire, Scotland and living at 39 Trafalgar Street, Paisley, Renfrewshire, Scotland. Parents: Andrew WHITEFORD and Mary RULE.He was married to Rachel HALDEN on 23 Jan 1863 in High Church, Paisley, Renfrewshire, Scotland. Children were: Andrew WHITEFORD , Martha Lochead WHITEFORD, James WHITEFORD, John WHITEFORD, R"
P53,David E. WHITEFORD,1847,,,,P24,P47,,was born about 1847. Parents: Andrew WHITEFORD and Mary RULE.
P54,Mary Winning WHITEFORD,1847,,,,P24,P47,P60,"was born about 1847. Parents: Andrew WHITEFORD and Mary RULE.She was married to Edward PICKEN on 27 Jun 1873 in High Church, Paisley, Renfrewshire, Scotland. Children were: Alexander PICKEN, Mary PICKEN, Jane PICKEN, Andrew PICKEN."
P55,John WHITEFORD,1849,1859,,,P24,P47,,was born about 1849. He died Pre 1859. Parents: Andrew WHITEFORD and Mary RULE.
P56,Jane WHITEFORD,1853,,,,P24,P47,P61,was born about 1853. Parents: Andrew WHITEFORD and Mary RULE.She was married to Thomas KELSO. Children were: Thomas KELSO.
P59,Rachel HALDEN,1837,1863,Paisley,Paisley,,,P51,"was born about 1837. She appeared on the census in 1881 in West Greenock, Renfrew, Scotland. Described as aged 43 years,wife of Head of Household, born in Paisley, Renfrewshire, Scotland and living at 39 Trafalgar Street, Paisley, Renfrewshire, Scotland.She was married to Andrew WHITEFORD on 23 Jan 1863 in High Church, Paisley, Renfrewshire, Scotland. Children were: Andrew WHITEFORD, Martha Lochead WHITEFORD, James WHITEFORD, John WHITEFORD, Robert Wylie WHITEFORD, William WHITEFORD, Mary Rule W"
P60,Edward PICKEN,1847,,,,,,P54,"was born about 1847.He was married to Mary Winning WHITEFORD on 27 Jun 1873 in High Church, Paisley, Renfrewshire, Scotland. Children were: Alexander PICKEN, Mary PICKEN, Jane PICKEN, Andrew PICKEN."
P61,Thomas KELSO,1851,,,,,,P56,was born about 1851.He was married to Jane WHITEFORD. Children were: Thomas KELSO.
P62,John WHITEFORD,1859,,,,P24,P47,,was born about 1859. Parents: Andrew WHITEFORD and Mary RULE.
P63,John MCINTOSH,,,,,,,P25,"He was married to Janet WHITEFORD. Children were: Agnes MCINTOSH, John MCINTOSH."
P64,Agnes MCINTOSH,1826,,,,P63,P25,,was born about 1826. Parents: John MCINTOSH and Janet WHITEFORD.
P65,John MCINTOSH,1833,,,,P63,P25,,was born about 1833. Parents: John MCINTOSH and Janet WHITEFORD.
P66,William ROBIN,1810,,,,,,P25,"was born about 1810.He was married to Janet WHITEFORD. Children were: Andrew ROBIN, Janet ROBIN, William ROBIN, Isobella ROBIN, Agnes ROBIN, James ROBIN, Henry ROBIN, Mary ROBIN."
P67,Andrew ROBIN,1838,,,,P66,P25,,was born about 1838. Parents: William ROBIN and Janet WHITEFORD.
P68,Janet ROBIN,1840,,,,P66,P25,,was born about 1840. Parents: William ROBIN and Janet WHITEFORD.
P69,William ROBIN,1843,,,,P66,P25,,was born about 1843. Parents: William ROBIN and Janet WHITEFORD.
P70,Isobella ROBIN,,,,,P66,P25,,Parents: William ROBIN and Janet WHITEFORD.
P71,Agnes ROBIN,1847,,,,P66,P25,,was born about 1847. Parents: William ROBIN and Janet WHITEFORD.
P72,James ROBIN,1850,,,,P66,P25,,was born about 1850. Parents: William ROBIN and Janet WHITEFORD.
P73,Henry ROBIN,1851,,,,P66,P25,,was born about 1851. Parents: William ROBIN and Janet WHITEFORD.
P74,Mary ROBIN,1854,,,,P66,P25,,was born about 1854. Parents: William ROBIN and Janet WHITEFORD.
P75,Jane MCMILLAN,,,,,,,P30,"She was married to William WHITEFORD on 31 Mar 1851 in Paisley, Renfrewshire, Scotland. Children were: William Barter WHITEFORD, James WHITEFORD, Alexander McMillan WHITEFORD, Jessie Comb WHITEFORD , Agnes Harper WHITEFORD."
P77,James WHITEFORD,1854,,,,P30,P75,P81,was born about 1854. Parents: William WHITEFORD and Jane MCMILLAN.He was married to Jessie Combe MCMILLAN. Children were: William WHITEFORD .
P78,Alexander McMillan WHITEFORD,1856,,High Church,,P30,P75,P82,"was born on 3 Sep 1856 in High Church, Paisley, Renfrewshire, Scotland. Parents: William WHITEFORD and Jane MCMILLAN.He was married to Christina Smith MCINDOE. Children were: John McIndoe WHITEFORD .He was married to Jane JEFFREY. Children were: Jane McMillan WHITEFORD, Elizabeth Jeffrey WHITEFORD, Jane McMillan WHITEFORD."
P79,Jessie Comb WHITEFORD,1860,,High Church,,P30,P75,P84,"was born on 30 Oct 1860 in High Church, Paisley, Renfrewshire, Scotland. Parents: William WHITEFORD and Jane MCMILLAN.She was married to Allan CRAIG ."
P80,Agnes Harper WHITEFORD,1864,,High Church,,P30,P75,,"was born on 6 Dec 1864 in High Church, Paisley, Renfrewshire, Scotland. Parents: William WHITEFORD and Jane MCMILLAN."
P81,Jessie Combe MCMILLAN,1858,,,,,,P77,was born about 1858.She was married to James WHITEFORD. Children were: William WHITEFORD .
P82,Christina Smith MCINDOE,1859,,,,,,P78,was born about 1859.She was married to Alexander McMillan WHITEFORD. Children were: John McIndoe WHITEFORD.
P83,Jane JEFFREY,,,,,,,P78,"She was married to Alexander McMillan WHITEFORD . Children were: Jane McMillan WHITEFORD, Elizabeth Jeffrey WHITEFORD, Jane McMillan WHITEFORD .Back Next"
P84,Allan CRAIG,,,,,,,P79,He was married to Jessie Comb WHITEFORD .
P85,Elizabeth LINDSAY,1831,,Neilston,Neilston,,,P31,"was born about 1831. She appeared on the census in 1881 in Abbey, Paisley, Renfrewshire, Scotland. Described as wife of the Head of household, aged 49, living at 7 East Lane, Abbey, Renfrew and born in Neilston, Renfrew, Scotland. Also noted that Barbara Lindsay, widow, mother-in-law to the Head of Household, aged 76 born in Dunfermline, Fife, Scotland was living with the family. She was married to John Harper WHITEFORD on 21 Aug 1851 in Paisley, Renfrewshire, Scotland. Children were: James Bald"
P86,James Balderston WHITEFORD,1852,,,,P31,P85,P97,"was born about 1852. Parents: John Harper WHITEFORD and Elizabeth LINDSAY. He was married to Margaret COCHRAN. Children were: John Harper WHITEFORD, Allan Cochran WHITEFORD, Janet Watson WHITEFORD, Elizabeth Lindsay WHITEFORD."
P87,John WHITEFORD,1853,1868,,,P31,P85,,was born about 1853. He died pre 1868. Parents: John Harper WHITEFORD and Elizabeth LINDSAY.
P88,Frederick Cochran WHITEFORD,1856,1881,High Church,Abbey,P31,P85,P98,"was born on 23 Mar 1856 in High Church, Paisley, Renfrewshire, Scotland. He appeared on the census in 1881 in Abbey, Paisley, Renfrewshire, Scotland. Described as an upholsterer, unmarried son of Head of household, aged 25, living at 7 East Lane, Abbey, Renfrew and born in Paisley, Renfrew, Scotland. Parents: John Harper WHITEFORD and Elizabeth LINDSAY.He was married to Jeannie FRAME . Children were: Elizabeth Lindsay WHITEFORD, Mary Forrest WHITEFORD, John Harper WHITEFORD , Agnes Harper WHITEF"
P89,Barbara Lindsay WHITEFORD,1858,,High Church,,P31,P85,,"was born on 5 May 1858 in High Church, Paisley, Renfrewshire, Scotland. Parents: John Harper WHITEFORD and Elizabeth LINDSAY."
P90,Elizabeth King WHITEFORD,1860,1870,High Church,,P31,P85,,"was born on 13 Feb 1860 in High Church, Paisley, Renfrewshire, Scotland. She died Pre 1870. Parents: John Harper WHITEFORD and Elizabeth LINDSAY."
P91,Agnes Harper WHITEFORD,1863,1881,High Church,Abbey,P31,P85,,"was born on 23 Oct 1863 in High Church, Paisley, Renfrewshire, Scotland. She appeared on the census in 1881 in Abbey, Paisley, Renfrewshire, Scotland. Described as a spooler, unmarried daughter of Head of household, aged 18, living at 7 East Lane, Abbey, Renfrew and born in Paisley, Renfrew, Scotland. Parents: John Harper WHITEFORD and Elizabeth LINDSAY."
P92,Jessie Ann WHITEFORD,1864,1881,High Church,Abbey,P31,P85,,"was born on 24 Jun 1864 in High Church, Paisley, Renfrewshire, Scotland. She appeared on the census in 1881 in Abbey, Paisley, Renfrewshire, Scotland. Described awharehouse girl, unmarried daughter of Head of household, aged 16, living at 7 East Lane, Abbey, Renfrew and born in Paisley, Renfrew, Scotland. Parents: John Harper WHITEFORD and Elizabeth LINDSAY."
P93,Andrew Balderston Lindsay WHITEFORD,1866,1881,High Church,Abbey,P31,P85,P99,"was born on 18 Mar 1866 in High Church, Paisley, Renfrewshire, Scotland. He appeared on the census in 1881 in Abbey, Paisley, Renfrewshire, Scotland. Described a message boy, unmarried son of Head of household, aged 15, living at 7 East Lane, Abbey, Renfrew and born in Paisley, Renfrew, Scotland. Parents: John Harper WHITEFORD and Elizabeth LINDSAY.He was married to Marion KILPATRICK ."
P94,John Harper WHITEFORD,1868,1881,High Church,Abbey,P31,P85,P100,"was born on 13 Jan 1868 in High Church, Paisley, Renfrewshire, Scotland. He appeared on the census in 1881 in Abbey, Paisley, Renfrewshire, Scotland. Parents: John Harper WHITEFORD and Elizabeth LINDSAY.He was married to Janet DICKIE ."
P95,Elizabeth King WHITEFORD,1870,,Paisley,Paisley,P31,P85,,"was born about 1870. She appeared on the census in 1881 in Abbey, Paisley, Renfrewshire, Scotland. Described a scholar, daughter of Head of household, aged 10, living at 7 East Lane, Abbey, Renfrew and born in Paisley, Renfrew, Scotland. Parents: John Harper WHITEFORD and Elizabeth LINDSAY."
P98,Jeannie FRAME,1859,,,,,,P88,"was born about 1859.She was married to Frederick Cochran WHITEFORD. Children were: Elizabeth Lindsay WHITEFORD, Mary Forrest WHITEFORD, John Harper WHITEFORD, Agnes Harper WHITEFORD , William Frame WHITEFORD."
P99,Marion KILPATRICK,,,,,,,P93,She was married to Andrew Balderston Lindsay WHITEFORD.
P100,Janet DICKIE,,,,,,,P94,She was married to John Harper WHITEFORD .
P102,James WHITEFORD,1811,1867,,Paisley,P8,P19,P107,"was born about 1811. He died on 23 Jan 1867 in Paisley, Renfrewshire, Scotland. at 5 Thread Street. Parents: Andrew WHITEFORD and Mary BELL.He was married to Agnes TAYLOR on 14 Mar 1835 in Paisley, Renfrewshire, Scotland. Children were: Agnes WHITEFORD, James WHITEFORD, Mary WHITEFORD, John WHITEFORD, William WHITEFORD, Robert WHITEFORD.Children were: Mary WHITEFORD ."
P104,Mary WHITEFORD,1818,,,,P8,P19,P111,"was born about 1818. Parents: Andrew WHITEFORD and Mary BELL.She was married to William CARUTH. Children were: Mary CARUTH, Agnes CARUTH, Margaret CARUTH, William CARUTH, Jean CARUTH, Robert CARUTH, Andrew CARUTH, Janet CARUTH, Elizabeth CARUTH, John CARUTH."
P105,Elizabeth WHITEFORD,1819,,,,P8,P19,,"was born about 1819. She appeared on the census in 1841 in Paisley, Renfrewshire, Scotland. Described as daughter of the Head of Household, a Threadworker, aged 20 years of 28 Maxwelton St, Paisley, Renfrewshire, Scotland. Parents: Andrew WHITEFORD and Mary BELL ."
P106,John WHITEFORD,1831,,,,P8,P19,,"was born about 1831. He appeared on the census in 1841 in Paisley, Renfrewshire, Scotland. Described as son of the Head of Household, aged 10 years of 28 Maxwelton St, Paisley, Renfrewshire, Scotland. Parents: Andrew WHITEFORD and Mary BELL."
P107,Agnes TAYLOR,1810,,,,,,P102,"was born about 1810.She was married to James WHITEFORD on 14 Mar 1835 in Paisley, Renfrewshire, Scotland. Children were: Agnes WHITEFORD, James WHITEFORD, Mary WHITEFORD, John WHITEFORD, William WHITEFORD, Robert WHITEFORD."
P108,Catherine BELL,,,,,,,,
P109,Margaret RYALL,,,,,,,,Children were: Mary WHITEFORD.
P110,Margaret STEVENSON,1813,,,,,,P103,"was born about 1813.She was married to William WHITEFORD on 20 May 1832 in High Church, Paisley, Renfrewshire, Scotland."
P112,Agnes WHITEFORD,1837,,,,P102,P107,,was born about 1837. Parents: James WHITEFORD and Agnes TAYLOR.
P113,James WHITEFORD,1839,,,,P102,P107,,was born about 1839. Parents: James WHITEFORD and Agnes TAYLOR.
P114,Mary WHITEFORD,1844,,,,P102,P107,,was born about 1844. Parents: James WHITEFORD and Agnes TAYLOR.
P115,John WHITEFORD,1847,1881,Paisley,Cotton Street,P102,P107,P118,"was born about 1847 in Paisley, Renfrewshire, Scotland. in Cotton Street. He died in 1881. Details from Death Certificate indicate that he died aged 34 years, described as a Joiner and husband of Mary Barbour, son of James Whiteford and Agnes Taylor. He appeared on the census in 1881 in Paisley Middle Church, Renfrewshire , Scotland. Described as aged 33years, Head of Household, married and a Joiner by Trade. Born in Paisley, Renfrewshire, Scotland and living in Albert Street Paisley. Parents: J"
P117,Robert WHITEFORD,1853,,,,P102,P107,,was born about 1853. Parents: James WHITEFORD and Agnes TAYLOR.
P118,Mary BARBOUR,1849,1881,Glenfield,Paisley Middle Church,,,P115,"was born about 1849 in Glenfield, Renfrewshire, Scotland. She appeared on the census in 1881 in Paisley Middle Church, Renfrewshire , Scotland. Described as wife of the Head of Household, aged 32 years and born in Paisley, Renfrewshire, Scotland. living at Albert St. Paisley.She was married to John WHITEFORD on 2 Oct 1871 in Paisley, Renfrewshire, Scotland. Children were: Margaret Watson WHITEFORD, Robert J. WHITEFORD, Thomas Barbour WHITEFORD , Agnes J. WHITEFORD."
P119,Maggie BARR,,,,,,,P116,"She was married to William WHITEFORD. Children were: James Muir WHITEFORD, James Barr WHITEFORD."
P120,Mary WHITEFORD,1841,,,,P102,P109,P121,was born about 1841. Parents: James WHITEFORD and Margaret RYALL.She was married to John BLAIR.
P121,John BLAIR,,,,,,,P120,He was married to Mary WHITEFORD.
P132,Mary BLAIR,1820,,,,P20,P11,,was born about 1820. Parents: John BLAIR and Agnes WHITEFORD.
P133,Matthew BLAIR,1822,,,,P20,P11,,was born about 1822. Parents: John BLAIR and Agnes WHITEFORD.
P134,John BLAIR,1824,,,,P20,P11,,was born about 1824. Parents: John BLAIR and Agnes WHITEFORD.
P135,James BLAIR,1826,,,,P20,P11,,was born about 1826. Parents: John BLAIR and Agnes WHITEFORD.
P136,Janet BLAIR,1828,,,,P20,P11,,was born about 1828. Parents: John BLAIR and Agnes WHITEFORD.
P137,Robert BLAIR,1831,,,,P20,P11,,was born about 1831. Parents: John BLAIR and Agnes WHITEFORD.
P138,James WHITEFORD,1855,1855,High Church,Paisley,P1975,P40,,"was born on 12 Sep 1855 in High Church, Paisley, Renfrewshire, Scotland. He died on 16 Sep 1855 in Paisley, Renfrewshire, Scotland. He was buried on 18 Sep 1855 in Canal St. UP, Paisley, Renfrewshire. Parents: James WHITEFORD and Elizabeth SMITH."
P139,James WHITEFORD,1857,1857,High Church,Paisley,P1975,P40,P148,"was born on 18 Jun 1857 in High Church, Paisley, Renfrewshire, Scotland. He was baptised on 3 Aug 1857. He died on 28 Jun 1897 in Paisley, Renfrewshire, Scotland. Parents: James WHITEFORD and Elizabeth SMITH.He was married to Jeannie ROSS on 25 Dec 1879. Children were: Janet A. WHITEFORD."
P140,Elizabeth WHITEFORD,1860,1861,Lochwinnoch,Feb 1861 in Canal St,P1975,P40,,"was born on 29 Jan 1860 in Lochwinnoch, Renfrewshire, Scotland. She was buried in Feb 1861 in Canal St. UP, Paisley, Renfrewshire. She died on 9 Feb 1861 in Lochwinnoch, Renfrewshire, Scotland. Parents: James WHITEFORD and Elizabeth SMITH."
P141,John WHITEFORD,1862,1862,Lochwinnoch,Lochwinnoch,P1975,P40,,"was christened on 14 Jun 1824 in Forres, Moray. He was born on 30 Nov 1862 in Lochwinnoch, Renfrewshire, Scotland. He died on 1 Dec 1862 in Lochwinnoch, Renfrewshire, Scotland. Parents: James WHITEFORD and Elizabeth SMITH."
P142,John WHITEFORD,1863,1901,,Paisley Poorhouse,P1975,P40,,"was born on 1 Nov 1863. He died on 16 Jun 1901 in Paisley Poorhouse, Paisley , Scotland. Applied for relief #7238 Parents: James WHITEFORD and Elizabeth SMITH."
P143,Eliza WHITEFORD,1866,,Paisley,,P1975,P40,,"was born on 22 Jul 1866 in Paisley, Renfrewshire, Scotland. Parents: James WHITEFORD and Elizabeth SMITH."
P145,Robert C. WHITEFORD,1871,,,,P1975,P40,,was born about 1871. Parents: James WHITEFORD and Elizabeth SMITH.
P146,Mary WHITEFORD,1873,1873,Paisley,,P1975,P40,,"was born on 3 Jan 1873 in Paisley, Renfrewshire, Scotland. She died on 7 Jan 1873. She was buried on 8 Jan 1873 in Canal St. UP, Paisley, Renfrewshire. Parents: James WHITEFORD and Elizabeth SMITH."
P147,Andrew WHITEFORD,1874,1875,Paisley,,P1975,P40,,"was born on 30 May 1874 in Paisley, Renfrewshire, Scotland. He died on 20 Dec 1875. He was buried on 23 Dec 1875 in Canal St. UP, Paisley, Renfrewshire. Parents: James WHITEFORD and Elizabeth SMITH."
P148,Jeannie ROSS,,,,,,,P139,She was married to James WHITEFORD on 25 Dec 1879. Children were: Janet A. WHITEFORD.
P150,Mary WHITEFORD,1866,,Glasgow,,P36,P43,,"was born on 2 Jan 1866 in Glasgow, Lanarkshire, Scotland. Parents: John WHITEFORD and Janet RIED ."
P151,Elizabeth WHITEFORD,1868,1881,Glasgow,Govan,P36,P43,,"was born on 26 Oct 1868 in Glasgow, Lanarkshire, Scotland. She appeared on the census in 1881 in Govan, Lanarkshire, Scotland. Described as daughter of the Head of Hosehold, aged 12 and born in Govan, Lanark, Scotland, a scholar. Parents: John WHITEFORD and Janet RIED."
P152,James WHITEFORD,1871,,Glasgow,,P36,P43,,"was born on 17 Jul 1871 in Glasgow, Lanarkshire, Scotland. Parents: John WHITEFORD and Janet RIED ."
P153,Jane ELLIOTT,1857,1861,Paisley,Paisley,P41,P34,P162,"was born on 5 Oct 1857 in Paisley, Renfrewshire, Scotland. She appeared on the census in 1861. Living with Whiteford Grandparents whilst parents were in Ireland. She died on 12 Jan 1902 in Paisley, Renfrewshire, Scotland. She was a Treadmill Worker. Parents: William ELLIOTT and Agnes WHITEFORD.She was married to Charles MCGIBBON on 21 Oct 1887 in Paisley, Renfrewshire, Scotland."
P154,James ELLIOTT,1858,,Ireland,,P41,P34,,was born about 1858 in Ireland. Parents: William ELLIOTT and Agnes WHITEFORD.
P155,Mary ELLIOTT,1861,1939,Ireland,Broxburn,P41,P34,P163,"was born on 6 Mar 1861 in Ireland. She died on 11 Feb 1939 in Broxburn, West Lothian, Scotland. Parents: William ELLIOTT and Agnes WHITEFORD.She was married to Robert FERGUSON on 10 Aug 1882 in Paisley, Renfrewshire, Scotland."
P156,William ELLIOTT,1864,,Paisley,,P41,P34,,"was born about 1864 in Paisley, Renfrewshire, Scotland. Parents: William ELLIOTT and Agnes WHITEFORD ."
P157,Euphemia ELLIOTT,1866,1935,Paisley,Glasgow,P41,P34,P164,"was born on 8 Aug 1866 in Paisley, Renfrewshire, Scotland. She died on 12 Dec 1935 in Glasgow, Lanarkshire, Scotland. Parents: William ELLIOTT and Agnes WHITEFORD.She was married to George MCCRAKEN on 11 Jul 1888 in Glasgow, Lanarkshire, Scotland."
P158,George ELLIOTT,1868,,Paisley,,P41,P34,,"was born on 7 Jun 1868 in Paisley, Renfrewshire, Scotland. Parents: William ELLIOTT and Agnes WHITEFORD ."
P159,Andrew ELLIOTT,1870,,Paisley,,P41,P34,,"was born on 13 Sep 1870 in Paisley, Renfrewshire, Scotland. Parents: William ELLIOTT and Agnes WHITEFORD ."
P160,John ELLIOTT,1872,1875,Paisley,Paisley,P41,P34,,"was born on 11 Dec 1872 in Paisley, Renfrewshire, Scotland. He died on 19 Mar 1875 in Paisley, Renfrewshire, Scotland. Parents: William ELLIOTT and Agnes WHITEFORD."
P161,Thomas ELLIOTT,1875,1875,Paisley,Paisley,P41,P34,,"was born on 17 Jun 1875 in Paisley, Renfrewshire, Scotland. He died on 24 Jun 1875 in Paisley, Renfrewshire, Scotland. Parents: William ELLIOTT and Agnes WHITEFORD."
P162,Charles MCGIBBON,1859,1933,Paisley,Paisley,,,P153,"was born on 11 Jun 1859 in Paisley, Renfrewshire, Scotland. He died on 2 Oct 1933 in Paisley, Renfrewshire, Scotland. He was a Cloth Dyer. He was married to Jane ELLIOTT on 21 Oct 1887 in Paisley, Renfrewshire, Scotland."
P163,Robert FERGUSON,1862,1942,Rory's Glen,Broxburn,,,,"was born on 28 Dec 1862 in Rory's Glen, Kilwaughter, Antrim, Ireland. He died on 1 Apr 1942 in Broxburn, West Lothian, Scotland.He was married to Mary ELLIOTT on 10 Aug 1882 in Paisley, Renfrewshire, Scotland."
P164,George MCCRAKEN,1865,1929,Ireland,Glasgow,,,P157,"was born about 1865 in Ireland. He died on 9 Feb 1929 in Glasgow, Lanarkshire, Scotland.He was married to Euphemia ELLIOTT on 11 Jul 1888 in Glasgow, Lanarkshire, Scotland."
P165,Mary JOHNSON(E),1878,1898,Oban,Paisley,P42,P35,P166,"was born on 28 Apr 1878 in Oban. Parents: Thomas JOHNSON(E) and Euphemia WHITEFORD.She was married to Ludovic CARERON on 16 Dec 1898 in Paisley, Renfrewshire, Scotland."
P167,James William FITZPATRICK,1864,,Paisley,,P44,P37,,"was born on 25 Dec 1864 in Paisley, Renfrewshire, Scotland. Parents: James FITZPATRICK and Jeannie WHITEFORD."
P168,William FITZPATRICK,1867,,Paisley,,P44,P37,,"was born on 1 Apr 1867 in Paisley, Renfrewshire, Scotland. Parents: James FITZPATRICK and Jeannie WHITEFORD."
P169,Mary FITZPATRICK,1869,,Paisley,,P44,P37,,"was born on 23 May 1869 in Paisley, Renfrewshire, Scotland. Parents: James FITZPATRICK and Jeannie WHITEFORD."
P170,Janet FITZPATRICK,1871,,Paisley,,P44,P37,,"was born on 28 Feb 1871 in Paisley, Renfrewshire, Scotland. Parents: James FITZPATRICK and Jeannie WHITEFORD."
P171,Jane BELL,1862,,Paisley,,P45,P38,,"was born on 6 Apr 1862 in Paisley, Renfrewshire, Scotland. Parents: William Johnston BELL and Janet WHITEFORD."
P172,Mary BELL,1864,,Paisley,,P45,P38,,"was born on 3 Mar 1864 in Paisley, Renfrewshire, Scotland. Parents: William Johnston BELL and Janet WHITEFORD."
P173,Robert Elliott BELL,1866,,Paisley,,P45,P38,,"was born on 28 Jan 1866 in Paisley, Renfrewshire, Scotland. Parents: William Johnston BELL and Janet WHITEFORD."
P174,James BELL,1868,,Paisley,,P45,P38,,"was born on 8 Feb 1868 in Paisley, Renfrewshire, Scotland. Parents: William Johnston BELL and Janet WHITEFORD."
P175,Samuel Dickie BELL,1869,,Paisley,,P45,P38,,"was born on 22 Dec 1869 in Paisley, Renfrewshire, Scotland. Parents: William Johnston BELL and Janet WHITEFORD."
P176,Hannah Good BELL,1872,,Paisley,,P45,P38,,"was born on 21 Jul 1872 in Paisley, Renfrewshire, Scotland. Parents: William Johnston BELL and Janet WHITEFORD."
P177,Andrew WHITEFORD,1858,1864,High Church,,P48,P57,,"was born on 21 Feb 1858 in High Church, Paisley, Renfrewshire, Scotland. He died pre 1864. Parents: James WHITEFORD and Mary WILLIAMSON."
P178,Jane WHITEFORD,1860,1881,High Church,Paisley High Church,P48,P57,P187,"was born on 2 Jul 1860 in High Church, Paisley, Renfrewshire, Scotland. She appeared on the census in 1881 in Paisley High Church, Renfrew, Scotland. Described as aged 20, unmarried and daughter of the Head of Household, a Mill Worker, born in Paisley, Renfrewshire, Scotland. Parents: James WHITEFORD and Mary WILLIAMSON.She was married to William SHEARER."
P179,John Williamson WHITEFORD,1861,1881,High Church,Paisley High Church,P48,P57,,"was born on 25 Sep 1861 in High Church, Paisley, Renfrewshire, Scotland. He appeared on the census in 1881 in Paisley High Church, Renfrew, Scotland. Described as aged 19, unmarried and son of the Head of Household, a Joiner, born in Paisley, Renfrewshire, Scotland. Parents: James WHITEFORD and Mary WILLIAMSON. Back Next"
P180,Andrew WHITEFORD,1864,1881,High Church,Paisley High Church,P48,P57,,"was born on 10 Jul 1864 in High Church, Paisley, Renfrewshire, Scotland. He appeared on the census in 1881 in Paisley High Church, Renfrew, Scotland. Described as aged 16, unmarried and son of the Head of Household, a Plumber, born in Paisley, Renfrewshire, Scotland. Parents: James WHITEFORD and Mary WILLIAMSON."
P181,Mary Rule WHITEFORD,1866,1881,High Church,Paisley High Church,P48,P57,,"was born on 12 Dec 1866 in High Church, Paisley, Renfrewshire, Scotland. She appeared on the census in 1881 in Paisley High Church, Renfrew, Scotland. Described as aged 14, unmarried and daughter of the Head of Household, a Mill Worker, born in Paisley, Renfrewshire, Scotland. Parents: James WHITEFORD and Mary WILLIAMSON."
P182,James WHITEFORD,1869,1873,,,P48,P57,,was born about 1869. He died pre 1873. Parents: James WHITEFORD and Mary WILLIAMSON.
P183,Archibald Williamson WHITEFORD,1870,,High Church,,P48,P57,,"was born on 12 Oct 1870 in High Church, Paisley, Renfrewshire, Scotland. Parents: James WHITEFORD and Mary WILLIAMSON."
P184,James WHITEFORD,1873,1874,High Church,,P48,P57,,"was born on 6 Feb 1873 in High Church, Paisley, Renfrewshire, Scotland. He died pre 1874. Parents: James WHITEFORD and Mary WILLIAMSON."
P185,James WHITEFORD,1874,,High Church,,P48,P57,,"was born on 14 Jun 1874 in High Church, Paisley, Renfrewshire, Scotland. Parents: James WHITEFORD and Mary WILLIAMSON."
P186,Hugh WHITEFORD,1875,,Paisley,Paisley,P48,P57,,"was born about 1875. He appeared on the census in 1881 in Paisley High Church, Renfrew, Scotland. Described as aged 5, son of the Head of Household, a Scholar, born in Paisley, Renfrewshire, Scotland. Parents: James WHITEFORD and Mary WILLIAMSON."
P187,William SHEARER,,,,,,,P178,He was married to Jane WHITEFORD.
P196,Martha Lochead WHITEFORD,1865,1881,High Church,West Greenock,P51,P59,,"was born on 1 Jan 1865 in High Church, Paisley, Renfrewshire, Scotland. She appeared on the census in 1881 in West Greenock, Renfrew, Scotland. Described as aged 15 years, unmarried and daughter of Head of Household, an Office Girl, born in Paisley, Renfrewshire, Scotland and living at 39 Trafalgar Street, Paisley, Renfrewshire, Scotland. Parents: Andrew WHITEFORD and Rachel HALDEN."
P197,James WHITEFORD,1866,,Paisley,Paisley,P51,P59,,"was born about 1866. He appeared on the census in 1881 in West Greenock, Renfrew, Scotland. Described as aged 14 years, unmarried and son of Head of Household, an Apprentice Painter, born in Paisley, Renfrewshire, Scotland and living at 39 Trafalgar Street, Paisley, Renfrewshire, Scotland. Parents: Andrew WHITEFORD and Rachel HALDEN ."
P198,John WHITEFORD,1868,,Paisley,Paisley,P51,P59,,"was born about 1868. He appeared on the census in 1881 in West Greenock, Renfrew, Scotland. Described as aged 13 years, unmarried and son of Head of Household, an Scolar, born in Paisley, Renfrewshire, Scotland and living at 39 Trafalgar Street, Paisley, Renfrewshire, Scotland. Parents: Andrew WHITEFORD and Rachel HALDEN."
P199,Robert Wylie WHITEFORD,1870,,Greenock,,P51,P59,,"was born on 8 Dec 1870 in Greenock, Renfrewshire, Scotland. Mother's name noted as Rachel Haldane. Parents: Andrew WHITEFORD and Rachel HALDEN."
P201,Mary Rule WHITEFORD,1874,1881,Greenock,West Greenock,P51,P59,,"was born on 1 Jun 1874 in Greenock, Renfrewshire, Scotland. She appeared on the census in 1881 in West Greenock, Renfrew, Scotland. Described as aged 6 years, unmarried and daughter of Head of Household, an Scolar, born in Paisley, Renfrewshire, Scotland and living at 39 Trafalgar Street, Paisley, Renfrewshire, Scotland. Parents: Andrew WHITEFORD and Rachel HALDEN."
P202,Alfred WHITEFORD,,,Paisley,Paisley,P51,P59,,"appeared on the census in 1881 in West Greenock, Renfrew, Scotland. Described as aged 4 years, unmarried and sonr of Head of Household, an Scolar, born in Paisley, Renfrewshire, Scotland and living at 39 Trafalgar Street, Paisley, Renfrewshire, Scotland. Parents: Andrew WHITEFORD and Rachel HALDEN."
P203,Alexander WHITEFORD,,,Paisley,Paisley,P51,P59,,"appeared on the census in 1881 in West Greenock, Renfrew, Scotland. Described as aged 3 years, unmarried and sonr of Head of Household, an Scolar, born in Paisley, Renfrewshire, Scotland and living at 39 Trafalgar Street, Paisley, Renfrewshire, Scotland. Parents: Andrew WHITEFORD and Rachel HALDEN."
P204,Alexander PICKEN,1875,,,,P60,P54,,was born about 1875. Parents: Edward PICKEN and Mary Winning WHITEFORD.
P205,Mary PICKEN,1876,,,,P60,P54,,was born about 1876. Parents: Edward PICKEN and Mary Winning WHITEFORD.
P206,Jane PICKEN,1878,,,,P60,P54,,was born about 1878. Parents: Edward PICKEN and Mary Winning WHITEFORD.
P207,Andrew PICKEN,1880,,,,P60,P54,,was born about 1880. Parents: Edward PICKEN and Mary Winning WHITEFORD.
P208,Thomas KELSO,1879,,,,P61,P56,,was born about 1879. Parents: Thomas KELSO and Jane WHITEFORD.
P210,John McIndoe WHITEFORD,1885,,,,P78,P82,,was born about 1885. Parents: Alexander McMillan WHITEFORD and Christina Smith MCINDOE .
P211,Jane McMillan WHITEFORD,1895,1898,,,P78,P83,,was born about 1895. She died pre 1898. Parents: Alexander McMillan WHITEFORD and Jane JEFFREY.
P212,Elizabeth Jeffrey WHITEFORD,1898,,,,P78,P83,,was born about 1898. Parents: Alexander McMillan WHITEFORD and Jane JEFFREY.
P213,Jane McMillan WHITEFORD,1898,,,,P78,P83,,was born about 1898. Parents: Alexander McMillan WHITEFORD and Jane JEFFREY.
P214,John Harper WHITEFORD,1877,,,,P86,P97,,was born about 1877. Parents: James Balderston WHITEFORD and Margaret COCHRAN.
P215,Allan Cochran WHITEFORD,1879,,,,P86,P97,,was born about 1879. Parents: James Balderston WHITEFORD and Margaret COCHRAN.
P216,Janet Watson WHITEFORD,1881,,,,P86,P97,,was born about 1881. Parents: James Balderston WHITEFORD and Margaret COCHRAN.
P217,Elizabeth Lindsay WHITEFORD,1884,,,,P86,P97,,was born about 1884. Parents: James Balderston WHITEFORD and Margaret COCHRAN.
P218,Elizabeth Lindsay WHITEFORD,1882,,,,P88,P98,,was born about 1882. Parents: Frederick Cochran WHITEFORD and Jeannie FRAME.
P219,Mary Forrest WHITEFORD,1884,,,,P88,P98,,was born about 1884. Parents: Frederick Cochran WHITEFORD and Jeannie FRAME.
P220,John Harper WHITEFORD,1886,,,,P88,P98,,was born about 1886. Parents: Frederick Cochran WHITEFORD and Jeannie FRAME.
P221,Agnes Harper WHITEFORD,1888,,,,P88,P98,,was born about 1888. Parents: Frederick Cochran WHITEFORD and Jeannie FRAME.
P224,James Muir WHITEFORD,1873,,High Church,,P116,P119,,"was born on 28 Feb 1873 in High Church, Paisley, Renfrewshire, Scotland. Parents: William WHITEFORD and Maggie BARR."
P225,James Barr WHITEFORD,1874,,High Church,,P116,P119,,"was born on 8 May 1874 in High Church, Paisley, Renfrewshire, Scotland. Parents: William WHITEFORD and Maggie BARR."
P226,Margaret Watson WHITEFORD,1872,1881,High Church,Paisley Middle Church,P115,P118,,"was born on 25 Sep 1872 in High Church, Paisley, Renfrewshire, Scotland. She appeared on the census in 1881 in Paisley Middle Church, Renfrewshire , Scotland. Described as aged 8 years, a scholar and daughter of the Head of Household, born in Paisley, Refrewshire and living in Albert Street, Paisley. Parents: John WHITEFORD and Mary BARBOUR."
P227,Robert William WHITEFORD,1916,1945,Richmond Hill,Accountant,P231,P232,P228,"was born on 13 Nov 1916 in Richmond Hill, New York, USA. He was educated in 1938 in BS Business, City College of NY. He served in the military in 1941. For details check here: <a href=""RWWhiteford.html""></a> He was a between 1945 and 1968 in Accountant, Comptroller for Squibb, Olin Mathesion, New York, NY. He died on 1 Mar 1968 in Mineola, New York, USA. Baptism Record: All Saints Church, Protestant Episcopal, Lefferts Blvd & Jerome Ave, Richmond Hill, NY. From Letter Dated: March 23, 1942: Robe"
P228,Cissie ENFIELD,1922,1945,Kettering,San Luis Obispo,,,P227,"was born on 26 Sep 1922 in Kettering, England. She immigrated in 1945 to from England to NY via ship. She was naturalised in 1958. She died on 10 Nov 1998 in San Luis Obispo, CA.She was married to Robert William WHITEFORD on 25 Aug 1943 in Kettering, England. Children were: Mary Ann WHITEFORD, Robert Gordon WHITEFORD."
P229,Mary Ann WHITEFORD,1951,1996,Kew Gardens,Morro Bay,P227,P228,P260,"was born on 6 Aug 1951 in Kew Gardens, NY. She was educated in 1969 in SH Calhoun High School, Merrick NY. She was educated between 1972 and 1974 in School of Visual Arts. She was a between 1 Aug 1982 and 1998 in Academic Programs Analyst, Cal Poly State University, SLO. Parents: Robert William WHITEFORD and Cissie ENFIELD. She was married to Stephen Edward ALLEY on 8 Dec 1996 in Morro Bay, CA."
P230,Robert Gordon WHITEFORD,1958,,Hempstead,,P227,P228,,"was born on 2 Jan 1958 in Hempstead, NY. He was educated in 1976 in SH Calhoun High School, Merrick NY. He was a between 1991 and 1996 in Schwab, San Franciso, Microfiche. He was a BET. 1997 - 1998 in Owner, Insomniac Video, SLO, Ca. ""Robert Gordon (Bob) is witty, intelligent, sensitive, artistic and thoughtful. He owns and manages a truly ecclectic video store, 'Insomniac Video,' in San Luis Obispo, CA. The store reflects his wide-range of interests, memorabilia, and talents. If you come in to "
P231,Andrew WHITEFORD,1880,1944,New York,New York,P238,P239,P232,"was born on 28 Jun 1880 in New York, NY. He was educated about 1896 in Grade School. He was a between 1910 and 1940 in Refined Sugar Broker. He died on 26 Sep 1944 in New York, NY. ""Andrew Whiteford was a self-made man, funny, and very intelligent. He was a Shakespeare scholar and taught himself shorthand. He was great at crossword puzzles. He drank heavily -- probably an alcoholic."" Noel Whiteford, son, 1995. At the time of his marriage to Grace, Andrew was 21 yrs old and lived at 449 W. 32 St,"
P232,Grace A. MALTBY,1878,1961,New York,New York,,,P231,"was born on 24 May 1878 in New York, NY. She died on 4 Aug 1961 in New York, NY. Grace was born at home, 512 West 44th Street. A. Rose, M.D., of 410 West 34 Street, recorded the birth. I believe that Grace was the first child of Joseph & Fanny. ""Return of Birth"" certificate, Vital Statisitics, Health Department, New York City. ""Mom was short, serious and never touched a drop of alcohol. She was a serious bingo player and a great crossword puzzle player."" Noel Whiteford, son, 1995. ""From the pers"
P233,Grace E. WHITEFORD,1903,1965,Brooklyn,Merrick,P231,P232,P240,"was born on 18 Nov 1903 in Brooklyn, NY. She died on 27 Aug 1965 in Merrick, NY. ""Sweet person."" Noel Whiteford, brother, 1995. ""My Aunt Grace was a gracious lady -- very kind, genteel and loving. For 10 years, we lived in the same town, Merrick, NY. She was father's (Robert) oldest sibling and became a surrogate grandmother for me, and mother/mother-in-law for my mom, Cissie. We had Thanksgiving dinners at her home. She had lovely china, linen and a gracious home. I recall a lovely wisteria vin"
P234,Andrew Hope WHITEFORD,1907,1968,Brooklyn,Mar 1968,P231,P232,P243,"was born on 29 Dec 1907 in Brooklyn, NY. He was born on 29 Dec 1907. He was born on 13 Nov 1916. He died in Mar 1968. He died in Nov 1974. He died on 19 Nov 1974 in Richmond Hill, New York, USA. He was a in Bank Clerk, Chase Manhattan Bank. [Broderbund Family Archive #110, Vol. 2 M-Z, Ed. 6, Social Security Death Index: U.S., Date of Import: Aug 8, 1998, Internal Ref. #1.112.6.117597.96] Individual: Whiteford, Andrew Social Security #: 086-16-1076 Issued in: New York Birth date: Dec 29, 1907 Dea"
P235,James Leonard WHITEFORD,1909,1975,Richmond Hill,Florida,P231,P232,P250,"was born on 30 Apr 1909 in Richmond Hill, New York, USA. He died on 25 Mar 1975 in Florida. [Broderbund Family Archive #110, Vol. 2 M-Z, Ed. 6, Social Security Death Index: U.S., Date of Import: Dec 17, 1998, Internal Ref. #1.112.6.117598.55] Individual: Whiteford, James Social Security #: 061-03-3055 Issued in: New York Birth date: Apr 30, 1909 Death date: Mar 1979 Residence code: Florida ZIP Code of last known residence: 32713 Primary location associated with this ZIP Code: Debary, Florida Par"
P236,Jeanne WHITEFORD,1919,1984,Jamaica,May 1984,P231,P232,,"was born on 25 Sep 1919 in Jamaica, NY. She was born on 25 Sep 1919. She died in May 1984. She died on 17 May 1984 in New York, NY. Parents: Andrew WHITEFORD and Grace A. MALTBY."
P237,Noel Bassett WHITEFORD,1923,,Richmond Hill,,P231,P232,P254,"was born on 25 Apr 1923 in Richmond Hill, New York, USA. He was a between 1945 and 1985 in Merrill Lynch, Operations Division. Noel worked for 40 years for Merrill Lynch Operations Division. Retired in 1985. Bought a home in Brentwood, Long Island, NY, in 1956 and has lived there ever since. His sons, Tom and Wayne, are single and live at home. Parents: Andrew WHITEFORD and Grace A. MALTBY.He was married to Veronica Marie DUFFY on 6 Aug 1951 in New York, NY. Children were: Wendy WHITEFORD, Thoma"
P238,Samuel WHITEFORD,1844,1914,Paisley,Richmond Hill,P1600,P266,P239,"was born on 27 Oct 1844 in Paisley, Renfrewshire, Scotland. He died on 29 Dec 1914 in Richmond Hill, Queens, New York, NY. At the time of his death, Samuel lived at 4 Briggs Ave, Richmond Hill, NY and was buried Dec 31, 1914, St Michael's, Jackson Heights, NY NYC 1890 Directory: Painter, 506 West 49 Street, NYC From the 1900 Census Record: Samuel was born Oct 1844 in Scotland. The Citizenship box indicates ""N check-mark."" Hannah's birth is given as June 1849, birthplace New York. Samuel, Hannah,"
P239,Hannah BEAUMONT,1849,1912,Poughkeepsie,Manhattan,,,P238,"was born on 21 Jun 1849 in Poughkeepsie, Dutchess County, NY. She was baptised on 8 Jul 1853 in Christ Church (Episcopal), Poughkeepsie, Dutchess County, NY. Sponsor: Elizabeth Beaumont. Referen. She died on 12 Jan 1912 in Manhattan, NY. She was buried on 15 Jan 1912 in St. Michael's, Jackson Heights, NY. At the time of her death, Hannah lived at 245 East 25th Street, Manhattan, NY. She died in a ""tenement,"" and was sick for 25 days. The physician first visited her on Jan 3, and she died on Janu"
P240,John BRUCE,,1965,New York,Merrick,,,P233,"died in 1965 in Merrick, NY. He was born in New York. ""Uncle Jack was a warm, loving and fun person. He was my grandfather-figure. He was a chemist with a degree from Columbia University. He served in World War I and lost several fingers. He was a chemist for Squibb, and helped my dad, Robert, to get a job after his graduation from CCNY. I recall that my Dad and Mom both respected and loved Uncle Jack. He died not long after his wife, Grace, and that was a tremendous loss for our family."" Mary W"
P241,John BRUCE,1924,,New York,,P240,P233,,"was born on 6 Jul 1924 in New York. ""Cousin Jack was many years my senior. He was married to a lovely woman, whose name I can't recall. In her earlier years, she was a Radio City Rockette (New York). They have 2 sons -- the eldest boy was mentally handicapped (close to my age) and the other son was quite charming, as I recall. Jack worked for Eastern Air Lines, lived on Long Island for a while, then the family moved to Florida."" Mary Whiteford, cousin, 1998. Parents: John BRUCE and Grace E. WHIT"
P242,Jane BRUCE,1930,,New York,,P240,P233,,"was born on 16 Apr 1930 in New York. ""My Cousin, Jane Bruce Thompson, was quite a bit older than me, but I do remember her lovely smile and face. She had two(?) children with her husband Warren -- my second cousin, Tommy Thompson, and his sister. I recall going to the Thompson home out in Sayville, Long Island, NY. It was a renovated stable and I found it to be charming and artistic. At some time in the late 1960's or 1970's (after the death of Grace and John (Jack) Bruce, the Thompson family mo"
P243,EVA,,,,,,,P234,"She was married to Andrew Hope WHITEFORD in 1937 in Richmond Hill, New York, NY. Children were: Neil WHITEFORD , Linda WHITEFORD."
P244,Neil WHITEFORD,1938,,Richmond Hill,Southgate,P234,P243,,"was born on 29 Apr 1938 in Richmond Hill, New York, USA. ""I remember my cousin Neil looking very handsome in his white sailor uniform. In 1957-58, he dated my mom's 17-year old sister, Pamela, who came from England to live with us for the year. I think that they were in love, but then Pam had to return to England. I don't recall much about Neil after thattime, except that I heard he lived in Southgate, Los Angeles, CA for many years and worked for UPS. "" Mary Whiteford, cousin, 1998 Parents: And"
P245,Linda WHITEFORD,1941,,Richmond Hill,,P234,P243,P248,"was born on 28 Nov 1941 in Richmond Hill, New York, USA. Parents: Andrew Hope WHITEFORD and EVA.She was married to Robert BARLOW in New York, NY. Children were: Daughter BARLOW."
P246,Son WHITEFORD,,,,,P244,,,Parents: Neil WHITEFORD.
P247,Daughter WHITEFORD,,,,,P244,,,Parents: Neil WHITEFORD.
P248,Robert BARLOW,,,,,,,P245,"He was married to Linda WHITEFORD in New York, NY. Children were: Daughter BARLOW."
P249,Daughter BARLOW,,,,,P248,P245,,Parents: Robert BARLOW and Linda WHITEFORD.
P250,Jacqueline MCEVOY,,,,New Jersey,,,P235,"died in New Jersey.She was married to James Leonard WHITEFORD in 1940 in Westfield, NJ. Children were: Stephen WHITEFORD, Pamela WHITEFORD, Richard WHITEFORD."
P251,Stephen WHITEFORD,1941,,Brooklyn,,P235,P250,P269,"was born on 14 Jan 1941 in Brooklyn, New York. He was educated in 1958 in Westfield High School, NJ. He was a between 1975 and 1998 in The Cooper Companies. Steve & Janie Whiteford 181 Anne Way Los Gatos, CA 95032 Parents: James Leonard WHITEFORD and Jacqueline MCEVOY.He was married to Mary JANE in 1968. Children were: Heather WHITEFORD , Todd WHITEFORD, Scott WHITEFORD ."
P252,Pamela WHITEFORD,1946,,,,P235,P250,,was born on 26 Jul 1946. Parents: James Leonard WHITEFORD and Jacqueline MCEVOY.
P253,Richard WHITEFORD,1948,,,,P235,P250,,was born on 29 Mar 1948. Parents: James Leonard WHITEFORD and Jacqueline MCEVOY.
P254,Veronica Marie DUFFY,,,,,,,P237,"She was married to Noel Bassett WHITEFORD on 6 Aug 1951 in New York, NY. Children were: Wendy WHITEFORD, Thomas WHITEFORD, Wayne WHITEFORD, AMY, JANET ."
P255,AMY,1953,,,,P237,P254,P279,"was born on 19 Jan 1953. Amy is married and lives in Florida. Parents: Noel Bassett WHITEFORD and Veronica Marie DUFFY .She was married to Wayne FITZDAM on 31 Aug 1975. Children were: Mitchell WNOROWSKI, Justin FITZDAM."
P256,JANET,1958,,,,P237,P254,P281,"was born on 16 Apr 1958. Janet lives in Rochester, NY Parents: Noel Bassett WHITEFORD and Veronica Marie DUFFY .She was married to James MISSELL on 21 May 1983. Children were: LAUREN, RACHEL ."
P260,Stephen Edward ALLEY,1948,,Memphis,,,,P229,"was born on 15 Jan 1948 in Memphis, TN. He was a in Carpenter. He was married to Mary Ann WHITEFORD on 8 Dec 1996 in Morro Bay, CA."
P261,Son BRUCE,,,,,P241,,,Parents: John BRUCE.
P263,Warren THOMPSON,,,,,,,,"Children were: Daughter THOMPSON, Tommy THOMPSON."
P264,Tommy THOMPSON,1954,,,,P263,P242,,was born about 1954. Parents: Warren THOMPSON and Jane BRUCE.
P265,Daughter THOMPSON,,,,,P263,P242,,Parents: Warren THOMPSON and Jane BRUCE.
P266,MARGARET,1826,1844,Scotland,New York,,,P1600,"was born about 1826 in Scotland. She died in New York. Proclomation of Banns and Marriages, Paisley Middle Parish, dated 7 April 1844: Samuel Whiteford and Margaret Orr, both of this Parish. Was Margaret's surname Young or Orr? Was she from Scotland or Ireland?She was married to Samuel WHITEFORD about 1844 in Scotland. Proclomation of Banns and Marriages, Paisley Middle Church dated 7th April 1844. Samuel Whitefoord and Margaret Orr, both of this parish. She was married to Samuel WHITEFORD. Chil"
P268,Ida WHITEFORD,1885,1960,Aug 1885 in Manhattan,New York,P238,P239,,"was born in Aug 1885 in Manhattan, NY. She died on 15 Jul 1960 in New York. She was buried on 18 Jul 1960 in Maple Grove Cemeter, Kew Gardens, NY. Parents: Samuel WHITEFORD and Hannah BEAUMONT."
P269,Mary JANE,,,,,,,P251,"She was married to Stephen WHITEFORD in 1968. Children were: Heather WHITEFORD, Todd WHITEFORD, Scott WHITEFORD."
P270,Heather WHITEFORD,1970,,,,P251,P269,,"was born in 1970. Resides in Chapel Hill, North Carolina and will be married July 1999. Parents: Stephen WHITEFORD and Mary JANE."
P272,Scott WHITEFORD,1977,,,,P251,P269,,was born in 1977. Parents: Stephen WHITEFORD and Mary JANE.
P273,Justin FITZDAM,1980,,,,P279,P255,,was born on 1 Aug 1980. Parents: Wayne FITZDAM and AMY.
P275,LAUREN,1988,,,,P281,P256,,was born on 13 Jun 1988. Parents: James MISSELL and JANET.
P276,RACHEL,1991,,,,P281,P256,,was born on 26 Nov 1991. Parents: James MISSELL and JANET.
P279,Wayne FITZDAM,,,,,,,P255,"He was married to AMY on 31 Aug 1975. Children were: Mitchell WNOROWSKI, Justin FITZDAM."
P281,James MISSELL,1958,,,,,,P256,"was born on 3 Nov 1958.He was married to JANET on 21 May 1983. Children were: LAUREN, RACHEL."
P282,Daniel T. MATTIAS,1960,,,,,,P257,"was born on 28 Dec 1960.He was married to Wendy WHITEFORD on 7 Sep 1985. Children were: CHELSEA , CAROLINE."
P283,Sarah Jane WHITEFORD,1882,,May 1882,,P238,P239,,was born in May 1882. Parents: Samuel WHITEFORD and Hannah BEAUMONT.
P284,Lillian WHITEFORD,1887,,Nov 1887,,P238,P239,,was born in Nov 1887. Parents: Samuel WHITEFORD and Hannah BEAUMONT.
P285,Francis A. WHITEFORD,1902,1903,Brooklyn,Brooklyn,P231,P232,,"was born on 11 Mar 1902 in Brooklyn, NY. He died on 26 Jun 1903 in Brooklyn, New York. Parents: Andrew WHITEFORD and Grace A. MALTBY."
P286,Francis C. SMITH,1898,1959,New York,New York,,,,"was born in 1898 in New York. He died on 24 Nov 1959 in New York. He was buried on 27 Nov 1959 in Maple Grove Cemeter, Kew Gardens, NY."
P287,William Whiteford JR.,1893,,Jan 1893,,P238,P239,,"was born in Jan 1893. Is William Jr. the son of Samuel's eldest son, William? Parents: Samuel WHITEFORD and Hannah BEAUMONT."
P288,Margaret WHITEFORD,1848,,,,P1600,P266,,was born in 1848. Parents: Samuel WHITEFORD and MARGARET.
P290,Robert Andrew WHITEFORD,1875,,,,P238,P239,,was born about 1875. Robert Andrew Whiteford was a Witness at the Baptism of Robert William Whiteford. Parents: Samuel WHITEFORD and Hannah BEAUMONT.
P296,Fay POTTER,,,,,,,P1608,He was married to Gertrude WHITEFORD . Children were: Gladys POTTER.
P297,Gladys POTTER,,,,,P296,P1608,,Parents: Fay POTTER and Gertrude WHITEFORD.
P303,Florence TATRO,,,,,,,P1611,"She was married to Charles WHITEFORD . Children were: Robert Owen WHITEFORD, Charles Leroy WHITEFORD."
P304,Robert Owen WHITEFORD,,,,,P1611,P303,,Parents: Charles WHITEFORD and Florence TATRO.
P305,Charles Leroy WHITEFORD,,,,,P1611,P303,,Parents: Charles WHITEFORD and Florence TATRO.
P309,Robert J. WHITEFORD,1875,1881,Paisley,Paisley Middle Church,P115,P118,,"was born about 1875 in Paisley, Renfrewshire, Scotland. He appeared on the census in 1881 in Paisley Middle Church, Renfrewshire , Scotland. Described as aged 6 years, a scholar and son of the Head of Household, born in Paisley, Refrewshire and living in Albert Street, Paisley. Parents: John WHITEFORD and Mary BARBOUR."
P311,Agnes J. WHITEFORD,1880,1881,Paisley,Paisley Middle Church,P115,P118,,"was born about 1880 in Paisley, Renfrewshire, Scotland. She appeared on the census in 1881 in Paisley Middle Church, Renfrewshire , Scotland. Described as aged 1 year, daughter of the Head of Household, born in Paisley, Refrewshire and living in Albert Street, Paisley. Parents: John WHITEFORD and Mary BARBOUR."
P312,Mary BOWIE,,,,,,,P310,"She was married to Thomas Barbour WHITEFORD about 1899. Children were: John Taylor WHITEFORD , Elizabeth WHITEFORD, Samuel McColl WHITEFORD, Mary Barbour WHITEFORD, Bert WHITEFORD, William Barbour WHITEFORD, Ann McColl WHITEFORD."
P313,John Taylor WHITEFORD,1899,1960,Paisley,Toronto,P310,P312,P320,"was born on 29 Oct 1899 in Paisley, Renfrewshire, Scotland. He died on 11 Mar 1960 in Toronto, Ontario, Canada. Parents: Thomas Barbour WHITEFORD and Mary BOWIE.He was married to Edith Emma JACKSON. Children were: Thomas Henry Jackson WHITEFORD, John Bruce WHITEFORD ."
P314,Elizabeth WHITEFORD,1901,1978,Paisley,Detroit,P310,P312,P331,"was born on 18 Jan 1901 in Paisley, Renfrewshire, Scotland. She died on 1 Jan 1978 in Detroit, Michigan, USA. Parents: Thomas Barbour WHITEFORD and Mary BOWIE.She was married to George T. LOWEY on 1 Jan 1919 in Detroit, Michigan, USA. Children were: Neil Kenneth LOWEY , Jean L. LOWEY, Clinton Churchill LOWEY, Joan Elizabeth LOWEY."
P315,Samuel McColl WHITEFORD,1902,1987,Paisley,Toronto,P310,P312,,"was born on 24 Nov 1902 in Paisley, Renfrewshire, Scotland. He died on 12 Mar 1987 in Toronto, Ontario, Canada. Parents: Thomas Barbour WHITEFORD and Mary BOWIE."
P316,Mary Barbour WHITEFORD,1904,1970,Paisley,Toronto,P310,P312,P336,"was born on 11 Sep 1904 in Paisley, Renfrewshire, Scotland. She died on 14 May 1970 in Toronto, Ontario, Canada. Parents: Thomas Barbour WHITEFORD and Mary BOWIE.She was married to George Emsley QUACKENBUSH on 11 Sep 1923 in Toronto, Ontario, Canada. Children were: Fern Doreen QUACKENBUSH, Lorraine Mary QUACKENBUSH ."
P317,Bert WHITEFORD,1908,1987,Paisley,Toronto,P310,P312,,"was born on 6 Jan 1908 in Paisley, Renfrewshire, Scotland. He died on 19 May 1987 in Toronto, Ontario, Canada. Parents: Thomas Barbour WHITEFORD and Mary BOWIE."
P319,Ann McColl WHITEFORD,,,,,P310,P312,P350,Parents: Thomas Barbour WHITEFORD and Mary BOWIE.She was married to Bill TAYLOR.
P320,Edith Emma JACKSON,,,,,,,P313,"She was married to John Taylor WHITEFORD . Children were: Thomas Henry Jackson WHITEFORD, John Bruce WHITEFORD."
P322,John Bruce WHITEFORD,,,,,P313,P320,P324,Parents: John Taylor WHITEFORD and Edith Emma JACKSON.He was married to Doris Madeline CARON. Children were: Linda Ann WHITEFORD .
P323,Ursula Emma SCHMIDT,,,,,,,P321,She was married to Thomas Henry Jackson WHITEFORD.
P325,Linda Ann WHITEFORD,,,,,P322,P324,P326,"Parents: John Bruce WHITEFORD and Doris Madeline CARON.She was married to Michael David SPRACKETT. Children were: Jennifer Susan SPRACKETT, Ryan John Terrance SPRACKETT , Melissa Diane Leine SPRACKETT, Hannah Elizabeth SPRACKETT.Back Next"
P326,Michael David SPRACKETT,,,,,,,P325,"He was married to Linda Ann WHITEFORD . Children were: Jennifer Susan SPRACKETT, Ryan John Terrance SPRACKETT, Melissa Diane Leine SPRACKETT, Hannah Elizabeth SPRACKETT."
P327,Jennifer Susan SPRACKETT,,,,,P326,P325,,Parents: Michael David SPRACKETT and Linda Ann WHITEFORD.
P328,Ryan John Terrance SPRACKETT,,,,,P326,P325,,Parents: Michael David SPRACKETT and Linda Ann WHITEFORD.
P329,Melissa Diane Leine SPRACKETT,,,,,P326,P325,,Parents: Michael David SPRACKETT and Linda Ann WHITEFORD.
P330,Hannah Elizabeth SPRACKETT,,,,,P326,P325,,Parents: Michael David SPRACKETT and Linda Ann WHITEFORD.
P331,George T. LOWEY,1919,,Detroit,,,,,"was born on 1 Jan 1919 in Detroit, Michigan, USA.He was married to Elizabeth WHITEFORD on 1 Jan 1919 in Detroit, Michigan, USA. Children were: Neil Kenneth LOWEY, Jean L. LOWEY, Clinton Churchill LOWEY, Joan Elizabeth LOWEY."
P332,Neil Kenneth LOWEY,,,,,P331,P314,,Parents: George T. LOWEY and Elizabeth WHITEFORD.
P333,Jean L. LOWEY,,,,,P331,P314,,Parents: George T. LOWEY and Elizabeth WHITEFORD.
P334,Clinton Churchill LOWEY,,,,,P331,P314,,Parents: George T. LOWEY and Elizabeth WHITEFORD.
P335,Joan Elizabeth LOWEY,,,,,P331,P314,,Parents: George T. LOWEY and Elizabeth WHITEFORD.
P336,George Emsley QUACKENBUSH,1904,1970,Smith Falls,Toronto,,,P316,"was born on 4 Oct 1904 in Smith Falls, Ontario, Canada. He died on 14 May 1970 in Toronto, Ontario, Canada.He was married to Mary Barbour WHITEFORD on 11 Sep 1923 in Toronto, Ontario, Canada. Children were: Fern Doreen QUACKENBUSH, Lorraine Mary QUACKENBUSH."
P337,Fern Doreen QUACKENBUSH,,,,,P336,P316,,Parents: George Emsley QUACKENBUSH and Mary Barbour WHITEFORD.
P338,Lorraine Mary QUACKENBUSH,,,,,P336,P316,,Parents: George Emsley QUACKENBUSH and Mary Barbour WHITEFORD.
P339,Elsie LISTER,1909,1994,Liverpool,Toronto,,,P318,"was born on 12 Nov 1909 in Liverpool, Lancashire, England. She died on 6 Jan 1994 in Toronto, Ontario, Canada.She was married to William Barbour WHITEFORD on 14 Mar 1936 in Toronto, Ontario, Canada. Children were: Gary Thomas WHITEFORD, Brian Edwin WHITEFORD."
P340,Gary Thomas WHITEFORD,,,,,P318,P339,P342,"Parents: William Barbour WHITEFORD and Elsie LISTER.He was married to Carole Ann MCINTYRE. Children were: Jennifer Ann WHITEFORD, Thomas William WHITEFORD."
P341,Brian Edwin WHITEFORD,,,,,P318,P339,P346,"Parents: William Barbour WHITEFORD and Elsie LISTER.He was married to Pasqualina MAIETTA. Children were: Christopher Brian WHITEFORD, Karen Louise WHITEFORD, Adam Gary WHITEFORD."
P342,Carole Ann MCINTYRE,,,,,,,P340,"She was married to Gary Thomas WHITEFORD . Children were: Jennifer Ann WHITEFORD, Thomas William WHITEFORD."
P343,Jennifer Ann WHITEFORD,,,,,P340,P342,P345,Parents: Gary Thomas WHITEFORD and Carole Ann MCINTYRE.She was married to William Robert Leon DICKSON.
P345,William Robert Leon DICKSON,,,,,,,P343,He was married to Jennifer Ann WHITEFORD.
P346,Pasqualina MAIETTA,,,,,,,P341,"She was married to Brian Edwin WHITEFORD . Children were: Christopher Brian WHITEFORD, Karen Louise WHITEFORD, Adam Gary WHITEFORD."
P347,Christopher Brian WHITEFORD,,,,,P341,P346,,Parents: Brian Edwin WHITEFORD and Pasqualina MAIETTA.
P348,Karen Louise WHITEFORD,,,,,P341,P346,,Parents: Brian Edwin WHITEFORD and Pasqualina MAIETTA.
P349,Adam Gary WHITEFORD,,,,,P341,P346,,Parents: Brian Edwin WHITEFORD and Pasqualina MAIETTA.
P350,Bill TAYLOR,1908,1985,Ottawa,Toronto,,,P319,"was born on 23 Jul 1908 in Ottawa, Ontario, Canada. He died on 5 Jul 1985 in Toronto, Ontario, Canada.He was married to Ann McColl WHITEFORD."
P351,Andrew WHITEFORD,1863,1881,Rothsay,West Greenock,P51,P59,P6347,"was born on 15 Aug 1863 in Rothsay, Bute, Scotland. He appeared on the census in 1881 in West Greenock, Renfrew, Scotland. Described as aged 17 years, unmarried andson of Head of Household, an Engineer's Apprentice, born in Rothesay, Bute, Scotland and living at 39 Trafalgar Street, Paisley, Renfrewshire, Scotland. He immigrated before 1889 to USA. He died on 27 May 1945 in St Johnsville, New York, USA. He was an Engineer in New York, New York, USA. Previously Andrew worked on ships out of Scotl"
P352,Michael Craig WHITEFORD,1959,,Epping,,P354,P355,P353,"was born in 1959 in Epping, Essex, England. Parents: Douglas Gibson WHITEFORD and Brenda Anne BOGGIS .He was married to Carol Anne MCCARTHY in 1988 atHorsham, Sussex, England. Children were: Daniel Craig WHITEFORD, Matthew David Thomas WHITEFORD ."
P353,Carol Anne MCCARTHY,,1988,,,,,P352,"1958 in Liverpool, England. She was married to Michael Craig WHITEFORD in 1988 Children were: Daniel Craig WHITEFORD, Matthew David Thomas WHITEFORD ."
P354,Douglas Gibson WHITEFORD,1933,,Moss Park,,P361,P362,P355,"was born on 2 Sep 1933 in Moss Park, Glasgow, Scotland. Parents: John WHITEFORD and Annie Whyte CRAIG.He was married to Brenda Anne BOGGIS on 27 Feb 1957 in Rushmere St. Andrew, Suffolk, England. Children were: Michael Craig WHITEFORD, Neil Douglas WHITEFORD, Karen Anne WHITEFORD."
P355,Brenda Anne BOGGIS,1932,1955,Great Bealings,Count Hall,,,,"was born on 11 Feb 1932 in Great Bealings, Suffolk, England. She emigrated on 1 Aug 1955 from Toronto, Canada. She emigrated after Sep 1955 from England. She was a Secretary in Count Hall, Ipswich, Suffolk. She was a Secretary in Ipswich. P.A. to Mr John Fison of Fisons LtdShe was married to Douglas Gibson WHITEFORD on 27 Feb 1957 in Rushmere St. Andrew, Suffolk, England. Children were: Michael Craig WHITEFORD, Neil Douglas WHITEFORD, Karen Anne WHITEFORD."
P356,Neil Douglas WHITEFORD,1961,1991,North Weald,,P354,P355,P360,"was born on 27 Mar 1961 in North Weald, Essex, England. Parents: Douglas Gibson WHITEFORD and Brenda Anne BOGGIS.He was married to Julie HESKETH on 26 Oct 1986 in West Grinstead, Sussex, England. He was divorced from Julie HESKETH after 1991. Children were: Richard Douglas WHITEFORD , Christopher Neil WHITEFORD."
P357,Karen Anne WHITEFORD,1963,1995,,,P354,P355,,"was born on 26 May 1963 in 6 Richmond Rd., Horsham, Sussex, England. She Lived at Houghton, Regis 1995 -. with her partner Robert Hill. Parents: Douglas Gibson WHITEFORD and Brenda Anne BOGGIS."
P358,Daniel Craig WHITEFORD,1987,,Crawley,,P352,P353,,"was born in 1987 in Crawley, England. Parents: Michael Craig WHITEFORD and Carol Anne MCCARTHY."
P359,Matthew David Thomas WHITEFORD,1989,,Crawley,,P352,P353,,"was born in 1989 in Crawley , England. Parents: Michael Craig WHITEFORD and Carol Anne MCCARTHY ."
P360,Julie HESKETH,,1991,,,,,P356,"She was married to Neil Douglas WHITEFORD on 26 Oct 1986 in West Grinstead, Sussex, England. She was divorced from Neil Douglas WHITEFORD after 1991. Children were: Richard Douglas WHITEFORD, Christopher Neil WHITEFORD ."
P361,John WHITEFORD,1906,1940,,hospital,P363,P364,P362,"was born on 16 Nov 1906 in 3 Ralston Drive, Ibrox, Glasgow. He was an Engine Fitter on 15 Feb 1929. Complted 5 year apprenticeship with C & J Wier Ltd, Cathcart, Glasgow He died on 14 May 1940 in 39 Woodcroft Rd., Croydon, Surrey, England. Died of a Heart Attack after a long illness in hospital. He was an Engineering Draughtsman 17 Sept 1929 to 13 Apr 1935. Employed by Babcock & Wilcox in Glasgow. He Lived at 41 Harold Rd, Upper Norwood, Croydon pre 14 may 1940. He was also known as John Hamilto"
P362,Annie Whyte CRAIG,1905,1976,,Drumchapel Hospital,,,P361,"was born on 18 Jul 1905 in 300 Cathcart Rd, Glasgow. She was baptised on 6 Aug 1905 in Shawlands Church, Glasgow. She died on 27 Aug 1976 in Drumchapel Hospital, Glasgow. She Lived at 283 Church Rd, Upper Norwood, Croydon pre 14 May 1940. She Lived at 41 Harold Rd, Upper Norwood, Croydon pre 14 Nov 1940. She was described as.She was married to John WHITEFORD on 29 Apr 1932 in Burlington House, Glasgow, Scotland. Children were: Douglas Gibson WHITEFORD."
P363,John WHITEFORD,1877,1881,Caldcoat's Farm,Caldcaot's Farm,P368,P369,P364,"was born on 8 Aug 1877 in Caldcoat's Farm, Newton-Means, Scotland. He appeared on the census in 1881 in Caldcaot's Farm, Newton Means, Scotland. Described as aged 3 years and born in Mearns, Renfrew, Scotland. He was an Engineering Draftsman on 5 Dec 1905 in Glasgow, Lanarkshire, Scotland. He was an Engineer for Dubbs & Co.. Parents: John WHITEFORD and Margaret F. HAMILTON.He was married to Annie Wallace GIBSON on 5 Dec 1905 in United Free Church, 193 Bath St, Glasgow, Scotland. Marriage Certifi"
P364,Annie Wallace GIBSON,,1956,,,,,P363,"died on 18 Jan 1956.She was married to John WHITEFORD on 5 Dec 1905 in United Free Church, 193 Bath St, Glasgow, Scotland. Marriage Certificate Children were: John WHITEFORD , Annie Sneddon WHITEFORD, Laurence Gibson WHITEFORD."
P365,Annie Sneddon WHITEFORD,1909,1997,Bolton Drive,Inverkip,P363,P364,P407,"was born on 10 Jun 1909 in Bolton Drive, Mount Florida, Glasgow, Scotland. She died on 13 May 1997 in Inverkip, Renfrew. Ran a shop in Largs, Ayrshire specialising in Wedding & Bridal Gifts Parents: John WHITEFORD and Annie Wallace GIBSON.She was married to William Montgomery YATES on 7 Jul 1941 in Glasgow, Lanarkshire, Scotland."
P366,Laurence Gibson WHITEFORD,1912,1951,Bolton Drive,,P363,P364,,"was born in 1912 in Bolton Drive, Mount Florida, Glasgow, Scotland. He emigrated in 1951 from New York, U.S.A.. He died on 16 Dec 1957. Will disposing of the Estate of Mr. O.G.Scot indictates that Laurence was no longer alive at this time. Parents: John WHITEFORD and Annie Wallace GIBSON.Children were: Sheila C WHITEFORD, Laurence William Gibson WHITEFORD ."
P367,Daniel WHITEFORD,1879,1953,Mearns,Mearns,P368,P369,,"was born in 1879. He was christened in 1880. He appeared on the census in 1881 in Caldcaot's Farm, Newton Means, Scotland. Described as aged 1 year and born in Mearns, Renfrew, Scotland. He died in 1953. Census Entries: 1881 - Described as aged 1 of Caldcoat's Farm, Newton Means, Scotland. Later in Wellsgreen, nr Windygates, Fife, Scotland Parents: John WHITEFORD and Margaret F. HAMILTON.Children were: John M. WHITEFORD, William C. WHITEFORD, Isobel H. WHITEFORD, Daniel WHITEFORD, Robert WHITEFO"
P368,John WHITEFORD,1844,,,,P411,P412,P369,"was born in 1844. He was christened on 30 Jun 1844 in Neilston, Renfrewshire, Scotland. Described as the son of John Whiteford and Isabella Osborne. He appeared on the census in 1861 in Cauldcoats Farm, Newton Mearns. Described as aged 16 of Caldcoat's Farm. He was Mentioned in his father's Settlement & Inventory. in 1865 in Cauldcoats Farm, Newton Mearns. He appeared on the census in 1881 in Cauldcoats Farm, Newton Mearns. Described as aged 36, a farmer of Caldcoat's Farm (a 120 acre farm of wh"
P369,Margaret F. HAMILTON,1854,1854,Stonehouse,Bothwell,,,P368,"was born on 22 May 1854 in Stonehouse, Lanark, Scotland. She was baptised on 4 Jun 1854 in Bothwell, Lanark. She appeared on the census in 1881 in Cauldcoats Farm, Newton Mearns. Described as a Farmer's Wife of Caldcoat's Farm aged 26 and born in Stonehouse, Lanark, ScotlandShe was married to John WHITEFORD on 9 Jun 1876 in United Free Church, Crumaugh, Stonehouse, Scotland. Described as aged 22 years and of Crumhaugh at her wedding. Children were: John WHITEFORD, Daniel WHITEFORD, Robert WHITEF"
P370,Robert WHITEFORD,1881,,Caldcoat's Farm,,P368,P369,P391,"was born on 21 Aug 1881 in Caldcoat's Farm, Newton-Means, Scotland. Described as 'at Kilmany, Fife'. Parents: John WHITEFORD and Margaret F. HAMILTON.He was married to Jane GEMMEL. Children were: John WHITEFORD, Robert WHITEFORD, Daniel WHITEFORD, Jean WHITEFORD.He was married to Annie OSBORNE ."
P373,James Lawrie WHITEFORD,1886,1976,Cauldcoats Farm,Jul 1976 in Craiginvarn,P368,P369,P377,"was born on 12 Jul 1886 in Cauldcoats Farm, Newton Mearns. He died in Jul 1976 in Craiginvarn, Boarhills, St. Andrews, Fife. Parents: John WHITEFORD and Margaret F. HAMILTON.He was married to Annie Watt LAMBIE on 3 Feb 1920 in Langton Farm, Newton Mearns, Glasgow. Children were: Annabella (Annie) WHITEFORD, John WHITEFORD, George WHITEFORD, James WHITEFORD, Daniel Hamilton WHITEFORD, Margaret WHITEFORD ."
P374,Janet Jack WHITEFORD,1888,,Caldcoat's Farm,,P368,P369,,"was born on 5 Dec 1888 in Caldcoat's Farm, Newton Means, Scotland. She was also known as Netty. Parents: John WHITEFORD and Margaret F. HAMILTON.Children were: Margaret GILMOUR, Nettie GILMOUR, John GILMOUR."
P375,Isobella Osborne WHITEFORD,1891,,Coldcoat's Farm,,P368,P369,,"was born on 27 Nov 1891 in Coldcoat's Farm, Newton Means, Scotland. She has reference number d1,7. Parents: John WHITEFORD and Margaret F. HAMILTON.Children were: William CARSWELL, Margaret CARSWELL, Jessie CARSWELL."
P376,Margaret Hamilton WHITEFORD,1894,,Caldcoat's Farm,,P368,P369,,"was born on 15 Jun 1894 in Caldcoat's Farm, Newton Means, Scotland. Parents: John WHITEFORD and Margaret F. HAMILTON."
P377,Annie Watt LAMBIE,,,,,,,P373,"She was married to James Lawrie WHITEFORD on 3 Feb 1920 in Langton Farm, Newton Mearns, Glasgow. Children were: Annabella (Annie) WHITEFORD, John WHITEFORD, George WHITEFORD, James WHITEFORD, Daniel Hamilton WHITEFORD, Margaret WHITEFORD ."
P378,John WHITEFORD,1922,,Cauldcoats Farm,,P373,P377,P598,"was born on 28 Apr 1922 in Cauldcoats Farm, Newton Mearns. He resided in Hill of Tarvit, Cupar, Fife. Location: Later of Hill of Taervit, nr. Cupar, Fife Parents: James Lawrie WHITEFORD and Annie Watt LAMBIE.He was married to Mary MCNIVEN on 11 Dec 1946. Children were: James Ian WHITEFORD, Robert WHITEFORD."
P379,Annabella (Annie) WHITEFORD,1921,,Cauldcoats Farm,,P373,P377,P599,"was born in 1921 in Cauldcoats Farm, Newton Mearns. She resided in Lundie Castle Farm, Dundee. Parents: James Lawrie WHITEFORD and Annie Watt LAMBIE.She was married to Peter Alston ARBUCKLE on 3 Dec 1946 in Pittenween Parish Church. Children were: John ARBUCKLE , James Whiteford ARBUCKLE, Annette ARBUCKLE, Peter Alston ARBUCKLE, Angus ARBUCKLE."
P380,George WHITEFORD,1923,1993,Cauldcoats Farm,Strone,P373,P377,,"was born on 14 Nov 1923 in Cauldcoats Farm, Newton Mearns. He died 27nov 1993 in Strone, Viewforth Place, Pittenweem, Fife. He resided Inch Farm in Pittenween. Location: Later of Inch Farm, Pittenween Parents: James Lawrie WHITEFORD and Annie Watt LAMBIE.He was married to Gabrielle DUNLOP on 7 Jun 1951 in Abdie Church, Newburgh, Fife. Children were: Margaret Louise WHITEFORD , James WHITEFORD, Allan Robert WHITEFORD, Gabrielle Fiona WHITEFORD, Alayne WHITEFORD."
P381,James WHITEFORD,1923,1988,Cauldcoats Farm,Cupar,P373,P377,P600,"was born on 28 Dec 1923 in Cauldcoats Farm, Newton Mearns. He died in 1988 in Cupar. He resided in Rannoch, Perthshire. Location: Later of Rannoch, Perthshire Parents: James Lawrie WHITEFORD and Annie Watt LAMBIE.He was married to Elizabeth BAXTER on 12 Jun 1952. Children were: Alison WHITEFORD, Allan James WHITEFORD."
P382,Daniel Hamilton WHITEFORD,1927,1998,Cauldcoats Farm,Berwick-upon-Tweed,P373,P377,P601,"was born on 9 Feb 1927 in Cauldcoats Farm, Newton Mearns. He died on 8 Jan 1998 in Berwick-upon-Tweed. He resided in Borewell, Screnerston, Northumberland. Location: Later of Borewell, Screnerston, Northumberland. Parents: James Lawrie WHITEFORD and Annie Watt LAMBIE. He was married to Jean R. CUTHILL on 28 Jun 1956 in Easter Kincaple, St. Andrews. Children were: Caroline Margaret WHITEFORD, John Archabald WHITEFORD, Sandra Jane WHITEFORD, Gail WHITEFORD."
P383,Margaret WHITEFORD,1927,,Cauldcoats Farm,,P373,P377,,"was born on 9 Feb 1927 in Cauldcoats Farm, Newton Mearns. She resided in Langlees, Oakley, Fife. Location: Later of Langlees, Oakley, Fife Parents: James Lawrie WHITEFORD and Annie Watt LAMBIE.She was married to Walter MCFARLANE on 8 Jun 1950 in Pittenween Parish Church. Children were: Annabella MCFARLANE, Edward MCFARLANE, Walter Whiteford MCFARLANE, James MCFARLANE, Margaret MCFARLANE ."
P385,John M. WHITEFORD,1904,1983,Fauld's Farm,Apr 1983,P367,P371,P466,"was born on 15 Mar 1904 in Fauld's Farm, Nether Southbar, Renfrew. He died in Apr 1983. Parents: Daniel WHITEFORD and Agnes CLARK.He was married to Jeannie LYLE. Children were: Lilian WHITEFORD , Daniel WHITEFORD, Isobel WHITEFORD."
P387,Isobel H. WHITEFORD,1911,,Nether Southbar,Wellsgreen,P367,P371,,"was born on 26 Aug 1911 in Nether Southbar, Renfewshire, Scotland. She resided in Wellsgreen. She resided in Dairsie Mains. Parents: Daniel WHITEFORD and Agnes CLARK.She was married to James LOGAN in 1937."
P388,Daniel WHITEFORD,1916,,Southbar,,P367,P371,P472,"was born on 4 Dec 1916 in Southbar, Renfew. He resided in Wellsgreen. He resided in Shropshire. Parents: Daniel WHITEFORD and Agnes CLARK.He was married to Edna HARRIS. Children were: Margaret WHITEFORD , Robin WHITEFORD, Katherine WHITEFORD, Christopher WHITEFORD."
P389,Robert WHITEFORD,1919,,Southbar,,P367,P371,P477,"was born on 16 Jan 1919 in Southbar, Renfew. He resided in Wellsgreen. He resided in Kilmany. Parents: Daniel WHITEFORD and Agnes CLARK.He was married to Nancy EADIE. Children were: Margaret WHITEFORD , Dorothy WHITEFORD, Robin WHITEFORD."
P390,James WHITEFORD,1921,,Southbar,,P367,P371,P484,"was born on 10 Jun 1921 in Southbar, Renfew. He was a Farmer in Wellsgreen. He was a Farmer in Bishop Briggs. He resided in Glasgow, Lanarkshire, Scotland. A farmer of Wellsgreen, Bishop Briggs and later of Glasgow. Parents: Daniel WHITEFORD and Agnes CLARK .He was married to Jessie Arnott WHITEFORD on 29 Apr 1947. Children were: William WHITEFORD, Sandra WHITEFORD."
P391,Jane GEMMEL,,,,,,,P370,"She was married to Robert WHITEFORD. Children were: John WHITEFORD, Robert WHITEFORD, Daniel WHITEFORD, Jean WHITEFORD."
P392,John WHITEFORD,1911,,,,P370,P391,P607,"was born on 13 Feb 1911. He resided in Belstane, Carluke. Parents: Robert WHITEFORD and Jane GEMMEL .He was married to Martha ALLAN."
P393,Robert WHITEFORD,1914,,,,P370,P391,,was born on 5 Mar 1914. He resided in Crumhaugh. Parents: Robert WHITEFORD and Jane GEMMEL.He was married to Margaret STRUTHERS.
P394,Daniel WHITEFORD,1909,,,,P370,P391,,"was born in 1909. He resided in Norfolk, England. Parents: Robert WHITEFORD and Jane GEMMEL.He was married to ?."
P395,Jean WHITEFORD,1907,,,,P370,P391,P610,"was born on 19 May 1907. She was a. She resided in Netherfield Dyke, Stratharen. Parents: Robert WHITEFORD and Jane GEMMEL.She was married to James KEDAR ."
P397,Elizabeth MILLAR,,,,,,,,"was also known as Lizzie.Children were: John WHITEFORD, William WHITEFORD, Margaret WHITEFORD, Marion WHITEFORD."
P398,John WHITEFORD,1913,,,,P372,P397,P585,"was born on 9 Apr 1913. He was a Farmer in Brampton, Carlisle. He resided Dumbuck Farm in Dumbarton, Dumbartonshire, Scotland. Location: Lived at Dumbuck Farm, Dumbarton. Occupation: A FArmer, later of Brampton near Carlise, Parents: William Hamilton WHITEFORD and Elizabeth MILLAR.He was married to Margaret Sloan CRAWFORD on 6 Jun 1945. Children were: Agnes Young WHITEFORD, William Hamilton WHITEFORD, Thomas Crawford WHITEFORD , John WHITEFORD, Robert WHITEFORD ."
P400,Margaret WHITEFORD,1918,,,,P372,P397,,"was born on 15 Jun 1918. She resided in Strathmilgo, Fife. Location: Later of Strathmilgo, Fife Parents: William Hamilton WHITEFORD and Elizabeth MILLAR.She was married to Gordon BROWN."
P401,Marion WHITEFORD,1916,,,,P372,P397,P593,"was born on 2 Oct 1916. Location: Later of East Kilbride Parents: William Hamilton WHITEFORD and Elizabeth MILLAR.She was married to Donald WILSON in East Kilbride, Lanark, Scotland."
P402,John GILMOUR,,,,,,,,"has reference number D1.6.Children were: Margaret GILMOUR, Nettie GILMOUR, John GILMOUR."
P408,Dorothy,,1990,,Jan 1990 in Albany,,,,"emigrated in 1951 from New York, U.S.A.. She died in Jan 1990 in Albany, New York.Children were: Sheila C WHITEFORD, Laurence William Gibson WHITEFORD."
P409,Sheila C WHITEFORD,,,,,P366,P408,P849,"emigrated in 1951 from New York, U.S.A.. Emmigrated to the USA Parents: Laurence Gibson WHITEFORD and Dorothy.She was married to JONES. Children were: Jennifer JONES, Cory , Corrina, John."
P410,Laurence William Gibson WHITEFORD,,,,,P366,P408,P848,"emigrated in 1951 from New York, U.S.A.. Emmigrated to the USA Parents: Laurence Gibson WHITEFORD and Dorothy.He was married to MARY C.."
P411,John WHITEFORD,1798,1798,Dunlop,Dunlop,P433,P434,,"was born on 24 Feb 1798 in Dunlop, Ayrshire, Scotland. Parents noted as John Whiteford & Elizabeth Muir He was baptised on 24 Feb 1798 in Dunlop, Ayrshire, Scotland. He was in 1852. Described as of Carswell in OPR, Births & Baptisms: Neilston, Renfrew He appeared on the census in 1861 in Cauldcoat's Farm, Newton Means, Scotland. Described as a farmer of 123 Acres at Caldcoat's Farm, Newton Means, aged 62 years. He died on 14 Jul 1864 in Cauldcoat's Farm, Newton Means, Scotland. Entry found in In"
P413,Jean WHITEFORD,1836,1861,Carswell,,P411,P412,P667,"was born in 1836 in Carswell, Neilston. She was also known as Jane Whiteford. Census Entries: 1861 - Described as 'Jane', aged 25, of caldcoat's Farm, Newton Means. Miscellanious: 1865 - Menyioned in her father's Settlement & Inventory Parents: John WHITEFORD and Isobella OSBORNE.She was married to Robert WILSON on 14 Apr 1871 in Cauldcoat's Farm, Newton Means, Scotland."
P414,Elizabeth WHITEFORD,1838,1859,,,P411,P412,P431,"was born in 1838. She was christened on 1 Apr 1838 in Kilmaurs, Ayrshire, Scotland. Described as the daughter of John Whiteford and Isabella Osborne. She died on 5 Nov 1859. Index of Scottish Registry of Deaths indicates Elizabeth died in 1859 aged 21 and described as the wife of Alan Gilmour and daughter of John Whiteford, farmer and Isabella Osborne. Miscellanious: 1865 - Mentioned as desceased in her father's Settlement & Inventory. Parents: John WHITEFORD and Isobella OSBORNE.She was married"
P415,Margaret WHITEFORD,1840,1840,Neilston,Neilston,P411,P412,P668,"was born on 10 May 1840 in Neilston, Renfrewshire, Scotland. She was christened on 10 May 1840 in Neilston, Renfrewshire, Scotland. Described as the daughter of John Whiteford and Isabella Osborne. She appeared on the census in 1881 in East Kilbride, Lanark, Scotland. Described as a Farmer's Wife, aged 40, born Neilston, Renfrew and living at Westend Farm, East Kilbride, Lanark, Scotland Census Entries: 1861 - Described as aged 20, of Caldcoat's Farm, Newton Means. Parents: John WHITEFORD and Is"
P416,Mary WHITEFORD,1842,,Carswell,,P411,P412,P669,"was born in 1842 in Carswell, Neilston. She was christened on 29 May 1842 in Neilston, Renfrewshire, Scotland. Described as the daughter of John Whiteford and Isabella Osborne. Census Entries: 1861 - Described as aged 18, of Caldcoat's Farm, Newton Means. Parents: John WHITEFORD and Isobella OSBORNE.She was married to Peter STRUTHERS on 30 Dec 1862 in Cauldcoat's Farm, Newton Means, Scotland."
P417,Agnes WHITEFORD,1846,1940,Carswell,Neilston,P411,P412,P670,"was born on 28 Nov 1846 in Carswell, Neilston. She was christened on 6 Dec 1846 in Neilston, Renfrewshire, Scotland. Described as the daughter of John Whiteford and Isabella Osborne. She appeared on the census in 1881 in Mearns, Renfrew, Scotland. Described as Farmer's wife aged 34, born in Neilston, Renfrew, living at Mearns, Refrew. She died on 30 Mar 1940 in Ladeside, Fenwick. Census Entries: 1861 - Described as aged 14, of Caldcoat's Farm, Newton Means Parents: John WHITEFORD and Isobella OS"
P418,Robert WHITEFORD,1850,1919,Carswell,Neilston,P411,P412,P421,"was christened on 30 Dec 1849 in Neilston, Renfrewshire, Scotland. Described as the son of John Whiteford and Isabella Osborne. He was born in 1850 in Carswell, Neilston. He appeared on the census in 1881 in East Kilbride, Lanark, Scotland. Described as aged 30, a Farmer of 81 Acres All Arable, born in Neilston, Renfrew. Living at Burnhouse, East Kilbride, Lanark, Scotland. He died in 1919. Census Entries: 1861 - Described as aged 11, of Caldcoat's Farm, Newton Means. 1865 - Mentioned in his fat"
P419,Isobella WHITEFORD,1852,1852,Neilston,Neilston,P411,P412,P671,"was born on 26 Apr 1852 in Neilston, Renfrewshire, Scotland. She was christened on 19 May 1852 in Neilston, Renfrewshire, Scotland. Described as the daughter of John Whiteford and Isabella Osborne. She died in 1939. WFT CD #3 Census Entries: 1861 - Described as aged 8, of Caldcoat's Farm, Newton Means. Parents: John WHITEFORD and Isobella OSBORNE.She was married to John YOUNG on 12 Nov 1873 in Cauldcoats Farm, Newton Mearns. Children were: Agnes YOUNG."
P420,Jessie WHITEFORD,1855,,Carswell,,P411,P412,P672,"was born in 1855 in Carswell, Neilston. Census Entries: 1861 - Described as aged 5, of Caldcoat's Farm, Newton Means. Called 'Janet'. Parents: John WHITEFORD and Isobella OSBORNE.She was married to Robert STRACHEN on 16 Nov 1880 in Cauldcoats Farm, Newton Mearns."
P421,Jeannie STEWART,1859,1881,Cambuslang,East Kilbride,,,P418,"was born in 1859 in Cambuslang, Lanark, Scotland. She appeared on the census in 1881 in East Kilbride, Lanark.She was married to Robert WHITEFORD on 19 Nov 1880. Children were: John WHITEFORD, Jessie Strang WHITEFORD, Robert WHITEFORD, Isobella Osborne WHITEFORD, William Stewart WHITEFORD, David Steel WHITEFORD, Jeannie Stewart WHITEFORD , Dr. James Dunlop WHITEFORD, Helen Stewart WHITEFORD."
P422,John WHITEFORD,1882,1968,Burnhouse Farm,,P418,P421,P725,"was born on 3 Nov 1882 in Burnhouse Farm, East Kilbride. He died on 1 Jun 1968. He was a Farmer. Occupation: Worked as a Farmer. Parents: Robert WHITEFORD and Jeannie STEWART.He was married to Elizabeth SMITH. Children were: Isobella WHITEFORD .Back Next"
P423,Jessie Strang WHITEFORD,1884,1943,Burnhouse Farm,,P418,P421,P728,"was born on 3 Jul 1884 in Burnhouse Farm, East Kilbride. She died on 29 Jul 1943. Parents: Robert WHITEFORD and Jeannie STEWART.She was married to John MANN. Children were: Jean MANN."
P424,Robert WHITEFORD,1885,1971,Burnhouse Farm,,P418,P421,P731,"was born in 1885 in Burnhouse Farm, East Kilbride. He died on 30 Jun 1971. Occupation: A Farmer He was a Farmer. Parents: Robert WHITEFORD and Jeannie STEWART.He was married to Agnes BUCHANAN."
P425,Isobella Osborne WHITEFORD,1887,1942,Burnhouse Farm,,P418,P421,P732,"was born in 1887 in Burnhouse Farm, East Kilbride. She died in 1942. Parents: Robert WHITEFORD and Jeannie STEWART.She was married to Alex DICKSON . Children were: Alison DICKSON, Jean DICKSON."
P427,David Steel WHITEFORD,1893,1933,Burnhouse Farm,,P418,P421,P735,"was born on 25 Sep 1893 in Burnhouse Farm, East Kilbride. He died on 22 Jun 1933. He was a Marine Engineer. Occupation: A Marine Engineer Parents: Robert WHITEFORD and Jeannie STEWART.He was married to Jean DONALDSON . Children were: Jean WHITEFORD."
P428,Jeannie Stewart WHITEFORD,1894,1947,Burnhouse Farm,,P418,P421,P737,"was born on 30 Nov 1894 in Burnhouse Farm, East Kilbride. She died on 12 Mar 1947. Parents: Robert WHITEFORD and Jeannie STEWART.She was married to John BELL."
P429,Dr. James Dunlop WHITEFORD,1898,1972,Burnhouse Farm,,P418,P421,P738,"was born on 31 Oct 1898 in Burnhouse Farm, East Kilbride. He died in 1972. He was a Doctor in London, England. Parents: Robert WHITEFORD and Jeannie STEWART.He was married to Margaret SHAW. Children were: Brian WHITEFORD, David WHITEFORD."
P430,Helen Stewart WHITEFORD,1904,,Burnhouse Farm,,P418,P421,P741,"was born on 18 Mar 1904 in Burnhouse Farm, East Kilbride. She emigrated in 1947 from Canada. Alive July 1985. Parents: Robert WHITEFORD and Jeannie STEWART.She was married to Joseph ALLEN. Children were: Jim ALLEN, Eileen ALLEN."
P431,Allan GILMOUR,,1859,,,,,P414,died on 5 Nov 1859. From NeilstonHe was married to Elizabeth WHITEFORD on 10 Nov 1858 in Neiston. Children were: John GILMOUR.
P432,John GILMOUR,,,,,P431,P414,,Parents: Allan GILMOUR and Elizabeth WHITEFORD.
P433,John WHITEFORD,1767,1851,the county of Ayr,,P2645,P2646,,"was born in 1767. He was christened on 19 Apr 1767 in Achenhervy, Stewarton, Ayr. He appeared on the census in 1841 in Brekenhill. Described as a farmer,born in the county of Ayr, living at Brekenhill, aged 70 years. He died in 1851. He appeared on the census in 1851 in Low Breckenhill. Described as aged 81, a widower and head of the house, a retired farmer, born in Stewarton and living at Low Breckenhill. Parents: William WHYTFORD and Mary WILSON.He was married to Elizabeth MUIR in 1792 in Gurr"
P436,Mary WHITEFORD,1796,1796,Dunlop,,P433,P434,P444,"was born in 1796 in Dunlop, Ayrshire, Scotland. She was baptised on 10 Mar 1796. Parents: John WHITEFORD and Elizabeth MUIR.She was married to William STEVEN in 1815. Children were: ? STEVEN, John STEVEN, William STEVEN, Janet STEVEN, Elizabeth STEVEN, Robert STEVEN, Mary STEVEN, Margaret STEVEN, Thomas STEVEN, Marion STEVEN, John STEVEN, Jean STEVEN, James STEVEN."
P437,Margaret WHITEFORD,1796,1796,Dunlop,Newland's Farm,P433,P434,P446,"was born in 1796 in Dunlop, Ayrshire, Scotland. She was baptised on 10 Mar 1796. Dunlop or Stewarton She appeared on the census in 1851 in 'Braehead', Kilmaurs. Described as wife, aged 54 and born in Stewarton. She died on 25 May 1877 in Newland's Farm, Kilmaurs, Ayr. Death registered by Hugh Smith Shanks, her Grandson Parents: John WHITEFORD and Elizabeth MUIR.She was married to Hugh SMITH on 26 Jun 1825 in Kilmaurs, Ayrshire, Scotland. Children were: Margaret SMITH, Janet SMITH, Mary SMITH, Ja"
P438,Janet WHITEFORD,1801,1801,Dunlop,Dunlop,P433,P434,P448,"was born in 1801 in Dunlop, Ayrshire, Scotland. She was baptised on 11 Jun 1801 in Dunlop, Ayrshire, Scotland. She died in 1881 in Beith, Ayrshire, Scotland. Index of Scottish Registry of Deaths indicates that Janet died in 1881, aged 81 years, described as the wife of John D. Kirkwood, carter and daughter of John Whiteford and Elizabeth Muir. Census Entries: 1851 - Described as Jane Whiteford, wife of David Garvener, aged 54, born in Stewarton, and living with her father John Whiteford at Low B"
P439,Elizabeth WHITEFORD,1803,,,,P433,P434,P664,"was born in 1803. She was baptised on 25 Jul 1803 in Dunlop, Ayrshire, Scotland. Parents: John WHITEFORD and Elizabeth MUIR.She was married to James THOMSON ."
P440,Robert WHITEFORD,1805,1887,Dunlop,Stewarton,P433,P434,,"was born on 25 Sep 1805 in Dunlop, Ayrshire, Scotland. Parents noted as John Whiteford and Elizabeth Muir He appeared on the census in 1881 in Stewarton, Ayr, Scotland. Described as aged 75, born in Dunlop, Ayr, Scotland. Farmer Of 900 Acres 800 Arable Employs 8 Men 5 Girls 1 Boy at Town Head, Gabrochill. Also noted that Eliza Whiteford, niece and scholar aged 9 and born in Neilston, Ayr was living with the family. He died on 6 Jan 1887 in Gabrachill, Stewarton, Ayr. Entry found in Index to Scot"
P441,David WHITEFORD,1807,1807,Dunlop,,P433,P434,P502,"was born in 1807 in Dunlop, Ayrshire, Scotland. He was christened on 14 Sep 1807. He appeared on the census in 1871 in Patma Strailien, Ayrshire. He was a Carter. Parents: John WHITEFORD and Elizabeth MUIR.He was married to Mary DINNING on 15 Mar 1834 in Kilmaurs, Ayrshire, Scotland. Children were: John WHITEFORD, Bertha Knox WHITEFORD, Mary WHITEFORD, Janet WHITEFORD, Agnes WHITEFORD, Jane Smith WHITEFORD."
P442,James WHITEFORD,1809,1809,Dunlop,,P433,P434,,"was born on 21 Jul 1809 in Dunlop, Ayrshire, Scotland. Parents noted as John Whiteford & Elizabeth Muir He was christened on 21 Jul 1809. Parents: John WHITEFORD and Elizabeth MUIR."
P443,Andrew WHITEFORD,1811,1811,Dunlop,,P433,P434,,"was born in 1811 in Dunlop, Ayrshire, Scotland. He was christened on 20 Jun 1811. Census Entries:- 1841 - Described as a farmer,born in the county of Ayr, living at Breckenhill, aged 25 years. Parents: John WHITEFORD and Elizabeth MUIR."
P444,William STEVEN,1796,,Auchintiber,Broadmoss,,,P436,"was born in 1796 in Auchintiber, Stewarton, Ayr, Scotland. Parents: .He was married to Mary WHITEFORD in 1815. Children were: ? STEVEN, John STEVEN , William STEVEN, Janet STEVEN , Elizabeth STEVEN, Robert STEVEN, Mary STEVEN, Margaret STEVEN, Thomas STEVEN, Marion STEVEN, John STEVEN, Jean STEVEN, James STEVEN."
P445,Robert STEVEN,,,,,,,P437,Parents: .He was married to Margaret WHITEFORD in 1815. Children were: John STEVEN.
P446,Hugh SMITH,1790,1851,Kilmaurs,Braehead,,,P437,"was born on 19 Mar 1790 in Kilmaurs, Ayrshire, Scotland. He appeared on the census in 1851 in 'Braehead', Kilmaurs. Described as head of household, aged 61 years, a farmer of 61 acres (Brailie). He died on 30 Mar 1870 in Braehead, Kilmaurs, Ayrshire. He was buried in Kilmaurs, Ayrshire, Scotland. plot 113, described as of Braehead, KilmaursHe was married to Margaret WHITEFORD on 26 Jun 1825 in Kilmaurs, Ayrshire, Scotland. Children were: Margaret SMITH, Janet SMITH, Mary SMITH, Jane SMITH, Marjo"
P447,Jane SMITH,1837,,Tarbolton,,P446,P437,P879,"was born in 1837 in Tarbolton. She appeared on the census in 1851 in 'Braehead', Kilmaurs. Described as aged 14 years and unmaried. Parents: Hugh SMITH and Margaret WHITEFORD .She was married to MCMILLAN."
P448,David GARVEN,,,,,,,P438,Occupation Details:- 1826 - Described as a Mason.He was married to Janet WHITEFORD in 1826.
P450,John WHITEFORD,1834,,Stewarton,,P440,P449,,"was born on 23 Mar 1834. He appeared on the census in 1881 in Mearns, Renfrew, Scotland. Described as Head of Houshold, a Farmer 440 Acres 250 Arable Employs 1 Man 1 Boy 2 Women. Aged 47, born in Stewarton, Ayr. He was a Farmer in Mearns, Renfrew, Scotland. Parents: Robert WHITEFORD and Agnes OSBORNE.He was married to Agnes. Children were: Robert WHITEFORD, James WHITEFORD, Margaret (Greta) WHITEFORD, Agnes WHITEFORD, Alexander WHITEFORD, David WHITEFORD."
P451,Robert WHITEFORD,1836,1881,Stewarton,Beith,P440,P449,,"was born on 29 Jan 1836 in Stewarton, Ayr, Scotland. He appeared on the census in 1881 in Beith, Ayrshire, Scotland. Described as aged 45, Head of Household, a Merchant & Farmer of 160 Acres. Born in Stewarton, Ayr, Scotland. He appeared on the census in 1891 in Beith, Ayrshire, Scotland. Described as aged 55 He was a Farmer in Dunniflat, Dunlop, Ayrshire, Scotland. He resided Lugton. Later of Lugton and a farmer at Dunniflat, Dunlop Parents: Robert WHITEFORD and Agnes OSBORNE.He was married to "
P452,David WHITEFORD,1838,1927,,,P440,P449,P604,"was born on 1 Mar 1838. He appeared on the census in 1881 in Stewarton, Ayr, Scotland. Described as aged 32, born Glasgow, Ayr, Head of Household, a Ham Curer employing 4 men and 2 boys. Note Census details state he is 32 years old, date of birth would indicate 42 years old. He died in 1927. He was a Ham Curer in Stewarton, Ayr, Scotland. Parents: Robert WHITEFORD and Agnes OSBORNE.He was married to Jane HUTCHISON on 21 Jun 1870 in Neilston, Renfrewshire, Scotland. Jane is David's 1st Cousin. Ch"
P453,James WHITEFORD,1840,1873,,,P440,P449,,was born in 1840. He died on 25 Aug 1873. Parents: Robert WHITEFORD and Agnes OSBORNE.
P454,Andrew WHITEFORD,1842,1912,Scotland,,P440,P449,P605,"was born in 1842. He was christened on 1 May 1842 in Neilston, Renfrewshire, Scotland. Parents noted as Robert Whiteford & Agnes Osborne. He appeared on the census in 1881 in Llanasa, Flint, Wales. Described as Head of Household, aged 37 and born in Scotland, a farmer of 430 Acres employing 5 Labourers and 5 Boys. Additionally appear to be 5 domestic dervants living with him at Llawndy Farm. He died in 1912. He resided pre 1881 in Carswell. Parents: Robert WHITEFORD and Agnes OSBORNE.He was marr"
P455,Jane WHITEFORD,,,,,P440,P449,P606,"resided in Campbelton, Argyll, Scotland. Parents: Robert WHITEFORD and Agnes OSBORNE.She was married to Samuel K. GRIEG on 11 Jun 1867 in Stewarton, Ayrshire, Scotland. Children were: David GRIEG, Agnes GRIEG."
P456,Alexander WHITEFORD,1846,1881,Neilston,Stewarton,P440,P449,P515,"was born on 5 Dec 1846 in Neilston, Renfrewshire, Scotland. He appeared on the census in 1881 in Stewarton, Ayr, Scotland. Described as son of the Head of Household, unmarried, aged 34 and born in Neilston, Renfrew, Scotland. He was a Farmer. He resided in Nether Carswell, Neiston. Parents: Robert WHITEFORD and Agnes OSBORNE.He was married to Annie HUTCHISON. Annie is Alexander's 1st cousin. Children were: Janie WHITEFORD, Robert WHITEFORD, Agnes WHITEFORD, Annie WHITEFORD, Margaret WHITEFORD, I"
P464,Richard Douglas WHITEFORD,1987,,,,P356,P360,,was born on 11 Mar 1987. Parents: Neil Douglas WHITEFORD and Julie HESKETH.
P465,Christopher Neil WHITEFORD,1991,,Dunstable Hospital,,P356,P360,,"was born on 2 Feb 1991 in Dunstable Hospital, Dunstable, Bedfordshire. Parents: Neil Douglas WHITEFORD and Julie HESKETH."
P466,Jeannie LYLE,,,,,,,P385,"She was married to John M. WHITEFORD. Children were: Lilian WHITEFORD, Daniel WHITEFORD, Isobel WHITEFORD."
P467,Lilian WHITEFORD,,,,,P385,P466,,Parents: John M. WHITEFORD and Jeannie LYLE.
P468,Daniel WHITEFORD,,,,,P385,P466,,Parents: John M. WHITEFORD and Jeannie LYLE.
P469,Isobel WHITEFORD,,,,,P385,P466,,Parents: John M. WHITEFORD and Jeannie LYLE.
P471,James LOGAN,,,,,,,P387,He was married to Isobel H. WHITEFORD in 1937.
P472,Edna HARRIS,,,,,,,P388,"She was married to Daniel WHITEFORD . Children were: Margaret WHITEFORD, Robin WHITEFORD, Katherine WHITEFORD, Christopher WHITEFORD."
P473,Margaret WHITEFORD,,,,,P388,P472,,Parents: Daniel WHITEFORD and Edna HARRIS.
P474,Robin WHITEFORD,,,,,P388,P472,,Parents: Daniel WHITEFORD and Edna HARRIS.
P475,Katherine WHITEFORD,,,,,P388,P472,,Parents: Daniel WHITEFORD and Edna HARRIS.
P476,Christopher WHITEFORD,,,,,P388,P472,,Parents: Daniel WHITEFORD and Edna HARRIS.
P477,Nancy EADIE,,,,,,,P389,"She was married to Robert WHITEFORD. Children were: Margaret WHITEFORD, Dorothy WHITEFORD, Robin WHITEFORD."
P478,Margaret WHITEFORD,,,,,P389,P477,,Parents: Robert WHITEFORD and Nancy EADIE.
P479,Dorothy WHITEFORD,,,,,P389,P477,,Parents: Robert WHITEFORD and Nancy EADIE.
P480,Robin WHITEFORD,,,,,P389,P477,,Parents: Robert WHITEFORD and Nancy EADIE.
P482,Robert WHITEFORD,1922,,,,P426,P481,P485,"was born on 17 Oct 1922. He was a Farmer. in partnership with his wife and son. Occupation: A FArmer in partnership with his wife and son. Parents: William Stewart WHITEFORD and Agnes Gilchrist MORRISON .He was married to Jane Allison SANDS on 14 Apr 1953. Children were: Brenda Jane WHITEFORD, Gordon William WHITEFORD."
P483,John Morrison WHITEFORD,1924,,,,P426,P481,P488,"was born on 2 Aug 1924. He was a Farmer in Shandwick Mains, Nigg, Ross-shire. Occupation: A Farmer of Shadwick Mains, Nigg, Ross-shire Parents: William Stewart WHITEFORD and Agnes Gilchrist MORRISON .He was married to Elizabeth JOHNSTON in Apr 1950. Children were: Stewart WHITEFORD, James WHITEFORD, Alan WHITEFORD, David WHITEFORD, Fiona WHITEFORD."
P484,Jessie Arnott WHITEFORD,1925,,,,P426,P481,P390,"was born on 1 Nov 1925. She resided in Wellsgreen Farm, Windygates, Fife. Parents: William Stewart WHITEFORD and Agnes Gilchrist MORRISON.She was married to James WHITEFORD on 29 Apr 1947. Children were: William WHITEFORD, Sandra WHITEFORD."
P485,Jane Allison SANDS,,,,,,,P482,"She was married to Robert WHITEFORD on 14 Apr 1953. Children were: Brenda Jane WHITEFORD , Gordon William WHITEFORD."
P486,Brenda Jane WHITEFORD,1954,,,,P482,P485,,was born on 16 May 1954. Parents: Robert WHITEFORD and Jane Allison SANDS.
P487,Gordon William WHITEFORD,1956,,,,P482,P485,,was born on 4 Apr 1956. Occupation: A Farmer in partnership with his Mother and Father. Parents: Robert WHITEFORD and Jane Allison SANDS.
P488,Elizabeth JOHNSTON,,,,,,,P483,"She was married to John Morrison WHITEFORD in Apr 1950. Children were: Stewart WHITEFORD, James WHITEFORD, Alan WHITEFORD, David WHITEFORD, Fiona WHITEFORD."
P490,James WHITEFORD,,,,,P483,P488,,Parents: John Morrison WHITEFORD and Elizabeth JOHNSTON.
P491,Alan WHITEFORD,,,,,P483,P488,,Parents: John Morrison WHITEFORD and Elizabeth JOHNSTON.
P492,David WHITEFORD,,,,,P483,P488,,Parents: John Morrison WHITEFORD and Elizabeth JOHNSTON.
P493,Fiona WHITEFORD,,,,,P483,P488,,Parents: John Morrison WHITEFORD and Elizabeth JOHNSTON.
P495,Sandra WHITEFORD,,,,,P390,P484,,Parents: James WHITEFORD and Jessie Arnott WHITEFORD.
P496,Jane WHITEFORD,1871,,,,P452,P604,P507,"was born on 19 May 1871. She appeared on the census in 1881 in Stewarton, Ayr, Scotland. Described as aged 9, born Stewarton, Ayr, daughter of the Head of Household and a scholar. She resided West Fortune. She resided Congalton, East Lothian. Parents: David WHITEFORD and Jane HUTCHISON.She was married to Hugh MILLAR. Children were: Hugh MILLAR, Jane MILLAR, James MILLAR, Elizabeth MILLAR."
P497,Rev. David WHITEFORD,1866,,,,P452,P604,,"was born on 7 May 1866. He was ordained in 1912. Minister in the United Free Church. He was a Minister in 1924 in Coatbridge. He was a Minister 1913 to 1924 in Lockerbie. Parents: David WHITEFORD and Jane HUTCHISON.He was married to Elizabeth STOCKBRIDGE on 3 Feb 1916. Children were: Robert Stockbridge WHITEFORD Rev., David Hutchison WHITEFORD Rev.."
P498,Elizabeth Muir WAUGH,1871,,Patma Strailien,,P499,P501,,"was born on 9 Apr 1871 in Patma Strailien, Ayrshire. She emigrated after 1873 from New South Wales, Australia. Parents: Samuel WAUGH and Agnes WHITEFORD."
P499,Samuel WAUGH,1845,1873,County Down,Aberdare Street,,,P501,"was born on 14 Aug 1845 in County Down, Ireland. He emigrated after 1873 from New South Wales, Australia. He died on 7 Jul 1919 in Aberdare Street, Kurri Kurri. NSW. He was buried on 8 Jul 1919 in Presbyterian Section of Cemetery, Kurri Kurri. NSW. He was a Coal And Gold Miner.He was married to Agnes WHITEFORD on 30 Dec 1870 in Patna, Straiton, Ayrshire, Scotland. Children were: Elizabeth Muir WAUGH, Margaret WAUGH, Robert WAUGH, David Whiteford WAUGH, Janet Whiteford WAUGH, Samuel WAUGH, John A"
P500,Janet WHITEFORD,1847,1881,Kilmaurs,Newcastle,P441,P502,P910,"was born in 1847 in Kilmaurs, Ayrshire, Scotland. She emigrated before 1881 from New South Wales, Australia. She died on 25 Aug 1918 in Newcastle, New South Wales, Australia. Parents: David WHITEFORD and Mary DINNING.She was married to John Andrew WAUGH on 28 Jul 1865 in Straiton, Ayrshire, Scotland. Children were: Margaret WAUGH, Agnes Whiteford WAUGH, Alexander WAUGH, William WAUGH, John Andrew Whiteford WAUGH, David Whiteford WAUGH, Robert Whiteford WAUGH , Samuel WAUGH, Jane Smith Whiteford "
P501,Agnes WHITEFORD,1852,1873,Kilmaurs,Kurri Kurri,P441,P502,P499,"was born on 24 Dec 1852 in Kilmaurs, Ayrshire, Scotland. She emigrated after 1873 from New South Wales, Australia. She died on 24 Jul 1912 in Kurri Kurri, New South Wales, Australia. at Alexander St. She was buried on 25 Jul 1912 in Kurri Kurri, New South Wales, Australia. in the Presbyterian Section of the Cemetry. Parents: David WHITEFORD and Mary DINNING.She was married to Samuel WAUGH on 30 Dec 1870 in Patna, Straiton, Ayrshire, Scotland. Children were: Elizabeth Muir WAUGH, Margaret WAUGH, "
P502,Mary DINNING,,,,,,,P441,"appeared on the census in 1871 in Patma Strailien, Ayrshire.She was married to David WHITEFORD on 15 Mar 1834 in Kilmaurs, Ayrshire. Children were: John WHITEFORD, Bertha Knox WHITEFORD, Mary WHITEFORD, Janet WHITEFORD, Agnes WHITEFORD, Jane Smith WHITEFORD."
P503,Elizabeth ROBB,,,,,,,P603,"She was married to Rev. Robert WHITEFORD on 14 Jul 1899. Children were: David WHITEFORD, Anna WHITEFORD."
P504,Elizabeth STOCKBRIDGE,1887,,,,,,P497,"was born on 18 Aug 1887.She was married to Rev. David WHITEFORD on 3 Feb 1916. Children were: Robert Stockbridge WHITEFORD Rev., David Hutchison WHITEFORD Rev..Back Next"
P505,Robert Stockbridge WHITEFORD Rev.,1921,1953,,,P497,P504,,"was born on 25 Aug 1921. He was a Minister after 1967 in Aberdeen, Ferryhill. He was a Minister 1953 to 1967 in Neilston, Renfrewshire, Scotland. Occupation: 1953 to 67 - Minister at Neilston 1967 - Minister of Ferryhill, Aberdeen Parents: Rev. David WHITEFORD and Elizabeth STOCKBRIDGE ."
P506,David Hutchison WHITEFORD Rev.,1918,,,,P497,P504,P512,was born on 16 Dec 1918. He was a Minister after 1971 in Gullane. He was a Chaplin to H.M. Armed Forces 1943 to 1971. Occupation: 1943 to 73 - Chaplin to H.M. Armed Forces 1971 - Minister of Gullane Parents: Rev. David WHITEFORD and Elizabeth STOCKBRIDGE.He was married to Mary SIMPSON. Children were: David Simpson Cunningham WHITEFORD.
P507,Hugh MILLAR,1872,,,,,,P496,"was born on 18 Jun 1872. Location: later at West Fortune and Congalton, East LothianHe was married to Jane WHITEFORD. Children were: Hugh MILLAR, Jane MILLAR, James MILLAR, Elizabeth MILLAR."
P508,James MILLAR,1900,,,,P507,P496,,was born on 27 Jun 1900. Parents: Hugh MILLAR and Jane WHITEFORD.
P509,Hugh MILLAR,,,,,P507,P496,P766,Parents: Hugh MILLAR and Jane WHITEFORD.He was married to Margaret MITCHELL .
P510,Elizabeth MILLAR,1905,,,,P507,P496,P765,was born on 14 Jul 1905. Parents: Hugh MILLAR and Jane WHITEFORD.She was married to William MURRAY.
P511,Jane MILLAR,1898,,,,P507,P496,P764,was born on 21 Feb 1898. Parents: Hugh MILLAR and Jane WHITEFORD.She was married to William SIMPSON.
P512,Mary SIMPSON,,,,,,,P506,She was married to David Hutchison WHITEFORD Rev.. Children were: David Simpson Cunningham WHITEFORD .
P513,David Simpson Cunningham WHITEFORD,,,,,P506,P512,,Parents: David Hutchison WHITEFORD Rev. and Mary SIMPSON.He was married to Mary STOCKLAND.
P514,Mary STOCKLAND,,,,,,,P513,She was married to David Simpson Cunningham WHITEFORD.
P515,Annie HUTCHISON,1854,,,,,,P456,"was born on 6 Nov 1854.She was married to Alexander WHITEFORD. Annie is Alexander's 1st cousin. Children were: Janie WHITEFORD, Robert WHITEFORD, Agnes WHITEFORD, Annie WHITEFORD, Margaret WHITEFORD, Isabella WHITEFORD, Barbara WHITEFORD, Alexander WHITEFORD, John WHITEFORD."
P516,Janie WHITEFORD,1883,,,,P456,P515,,was born on 22 Nov 1883. Parents: Alexander WHITEFORD and Annie HUTCHISON.She was married to Gabriel DUNLOP.
P517,Robert WHITEFORD,1885,,,,P456,P515,P612,"was born on 13 Feb 1885. He was a Farmer. Parents: Alexander WHITEFORD and Annie HUTCHISON.He was married to Christina BARR. Children were: Alexander WHITEFORD, Christina WHITEFORD, Annie WHITEFORD, Robert WHITEFORD."
P518,Agnes WHITEFORD,1886,,,,P456,P515,,"was born on 14 Oct 1886. Parents: Alexander WHITEFORD and Annie HUTCHISON.She was married to James MILLER. Children were: Annie MILLER, Jessie MILLER, Margaret MILLER."
P519,Margaret WHITEFORD,1890,,,,P456,P515,,was born on 11 Apr 1890. Parents: Alexander WHITEFORD and Annie HUTCHISON.
P520,Isabella WHITEFORD,1892,,,,P456,P515,,was born on 1 Oct 1892. Parents: Alexander WHITEFORD and Annie HUTCHISON.
P521,Alexander WHITEFORD,1897,,,,P456,P515,,was born on 24 Nov 1897. Died Young Parents: Alexander WHITEFORD and Annie HUTCHISON.
P522,John WHITEFORD,1899,,,,P456,P515,P618,"was born on 15 May 1899. He was a Farmer. Parents: Alexander WHITEFORD and Annie HUTCHISON.He was married to Jenny MCKIE. Children were: Alexander WHITEFORD, Margaret WHITEFORD, Annie WHITEFORD, Jane WHITEFORD, John WHITEFORD."
P523,Isobella WHITEFORD,1887,,,,P457,P663,,was born on 9 Nov 1887. She resided in West Kilbride. Never married. Parents: William WHITEFORD and Isabella HUTCHISON.
P524,George WHITEFORD,1889,,,,P457,P663,P531,"was born on 2 Jan 1889. He was a Farmer in Langcraigs, Paisley. Occupation: A Farmer at Langcraigs, Paisley Parents: William WHITEFORD and Isabella HUTCHISON.He was married to Betty. Children were: William WHITEFORD, David WHITEFORD, Alan WHITEFORD, Elizabeth WHITEFORD."
P526,James WHITEFORD,1892,,,,P457,P663,,"was born in 1892. He was a Farmer in Whitelee, Stewarton. Occupation: A farmer at Whitelee, Stewarton, Ayr. Parents: William WHITEFORD and Isabella HUTCHISON.Children were: William WHITEFORD, James WHITEFORD , Annie WHITEFORD, Isabella WHITEFORD, Elizabeth WHITEFORD.He was married to Annie WHITEFORD."
P527,David WHITEFORD,1893,,,,P457,P663,P543,"was born on 17 Sep 1893. He was a Farmer in Hillock Farm, Kilwining. Parents: William WHITEFORD and Isabella HUTCHISON.He was married to Polly CURRY . Children were: William WHITEFORD, Agnes WHITEFORD, Margaret WHITEFORD, May WHITEFORD, Betty WHITEFORD."
P528,John WHITEFORD,1893,,,,P457,P663,P549,"was born on 17 Sep 1893. He was a Farmer in Blacklaw Farm, Stewarton. Occupation: A farmer at Blacklaw Farm, Stewarton Twin brother of David. Parents: William WHITEFORD and Isabella HUTCHISON.He was married to Margaret WILSON. Children were: William WHITEFORD , James WHITEFORD, Minnie WHITEFORD , Isabella WHITEFORD, Margaret WHITEFORD."
P529,Hugh WHITEFORD,1898,,,,P457,P663,P555,"was born on 22 Jun 1898. He was a Farmer in Gabrachill, Stewarton, Ayr. Occupation: A farmer at Gabrochill Parents: William WHITEFORD and Isabella HUTCHISON.He was married to Jean MUIR. Children were: Hugh (or Osborne) WHITEFORD , John WHITEFORD, Margaret WHITEFORD."
P530,Alexander WHITEFORD,1895,,,,P457,P663,P559,"was born on 28 Oct 1895. He was a Banker. Alive 1986, no children. Parents: William WHITEFORD and Isabella HUTCHISON.He was married to Mary CAMPBELL ."
P531,Betty,,,,,,,P524,"She was married to George WHITEFORD. Children were: William WHITEFORD, David WHITEFORD, Alan WHITEFORD, Elizabeth WHITEFORD."
P533,David WHITEFORD,,,,,P524,P531,,was a Banker in Caprington. Occupation: A banker in Caprington Parents: George WHITEFORD and Betty.Children were: Norman WHITEFORD.
P534,Alan WHITEFORD,,,,,P524,P531,,"was a Farmer in Bonehill Farm, Strathaven. Occupation: A farmer at Bonehill farm, Strathaven Parents: George WHITEFORD and Betty.Children were: Alan WHITEFORD, Graham WHITEFORD, Margaret WHITEFORD, Helen WHITEFORD."
P535,Elizabeth WHITEFORD,,,,,P524,P531,,Parents: George WHITEFORD and Betty.
P537,Barbara WHITEFORD,1895,,,,P456,P515,,"was born on 17 May 1895. Parents: Alexander WHITEFORD and Annie HUTCHISON.Children were: William WHITEFORD, James WHITEFORD , Annie WHITEFORD, Isabella WHITEFORD, Elizabeth WHITEFORD."
P539,James WHITEFORD,,,,,P526,P537,,"emigrated from Vancouver, Canada. He was a Banker. Occupation: A Banker Parents: James WHITEFORD and Barbara WHITEFORD.Children were: Donald WHITEFORD , Heather WHITEFORD."
P540,Annie WHITEFORD,,,,,P526,P537,P822,Parents: James WHITEFORD and Barbara WHITEFORD.She was married to David SMITH .
P541,Isabella WHITEFORD,,,,,P526,P537,,was also known as Ella. Parents: James WHITEFORD and Barbara WHITEFORD.She was married to James WILSON.
P542,Elizabeth WHITEFORD,,,,,P526,P537,,was also known as Elsie. Parents: James WHITEFORD and Barbara WHITEFORD.She was married to James NISBIT. Back Next
P543,Polly CURRY,1893,,,,,,P527,"was born on 17 Sep 1893.She was married to David WHITEFORD. Children were: William WHITEFORD , Agnes WHITEFORD, Margaret WHITEFORD, May WHITEFORD, Betty WHITEFORD."
P545,Agnes WHITEFORD,,,,,P527,P543,P832,Parents: David WHITEFORD and Polly CURRY.She was married to William PETRIE .
P546,Margaret WHITEFORD,,,,,P527,P543,P833,Parents: David WHITEFORD and Polly CURRY.She was married to Robert MILLAR .
P547,May WHITEFORD,,,,,P527,P543,P834,Parents: David WHITEFORD and Polly CURRY.She was married to Bill WILSON.
P548,Betty WHITEFORD,,,,,P527,P543,P835,Parents: David WHITEFORD and Polly CURRY.She was married to Jack MCMILLAN .
P551,James WHITEFORD,,,,,P528,P549,P839,Parents: John WHITEFORD and Margaret WILSON.He was married to Margaret WHITE .
P552,Minnie WHITEFORD,,,,,P528,P549,P838,Parents: John WHITEFORD and Margaret WILSON.She was married to James HAMILTON .
P553,Isabella WHITEFORD,,,,,P528,P549,P836,was also known as Isa. Parents: John WHITEFORD and Margaret WILSON.She was married to RITCHIE.
P554,Margaret WHITEFORD,,,,,P528,P549,P837,Parents: John WHITEFORD and Margaret WILSON.She was married to NIVEN.
P556,Hugh (or Osborne) WHITEFORD,,,,,P529,P555,,"Parents: Hugh WHITEFORD and Jean MUIR.Children were: Hugh WHITEFORD, Dorothy WHITEFORD."
P557,John WHITEFORD,,,,,P529,P555,,Parents: Hugh WHITEFORD and Jean MUIR.Children were: Jack WHITEFORD.
P558,Margaret WHITEFORD,,,,,P529,P555,,Parents: Hugh WHITEFORD and Jean MUIR.
P560,Hugh WHITEFORD,,,,,P556,P841,,Parents: Hugh (or Osborne) WHITEFORD and Jean.
P561,Dorothy WHITEFORD,,,,,P556,P841,,Parents: Hugh (or Osborne) WHITEFORD and Jean.
P562,Jack WHITEFORD,,,,,P557,P840,,Parents: John WHITEFORD and May DUFF.
P563,John WHITEFORD,,,,,P550,,,Parents: William WHITEFORD.
P564,Margaret WHITEFORD,,,,,P550,,,Parents: William WHITEFORD.
P565,? WHITEFORD,,,,,P544,P831,,Parents: William WHITEFORD and Elizabeth WILSON.
P568,Rita WHITEFORD,,,,,P538,P823,,Parents: William WHITEFORD and Margaret BOAL.
P569,James WHITEFORD,,,,,P538,P823,,"Parents: William WHITEFORD and Margaret BOAL.Children were: Julie WHITEFORD , Andrew WHITEFORD."
P570,Hugh WHITEFORD,,,,,P538,P823,,Parents: William WHITEFORD and Margaret BOAL.Children were: Samantha WHITEFORD .
P571,UNKNOWN,,,,,,,,"Children were: Julie WHITEFORD, Andrew WHITEFORD."
P572,Julie WHITEFORD,,,,,P569,P571,,Parents: James WHITEFORD and UNKNOWN.
P573,Andrew WHITEFORD,,,,,P569,P571,,Parents: James WHITEFORD and UNKNOWN.
P574,UNKNOWN,,,,,,,,Children were: Samantha WHITEFORD.
P575,Samantha WHITEFORD,,,,,P570,P574,,Parents: Hugh WHITEFORD and UNKNOWN.
P576,Donald WHITEFORD,,,,,P539,,,Parents: James WHITEFORD.
P577,Heather WHITEFORD,,,,,P539,,,Parents: James WHITEFORD.
P578,Andrew WHITEFORD,,,,,P532,,,Parents: William WHITEFORD.
P579,Gordon WHITEFORD,,,,,P532,,,Parents: William WHITEFORD.
P580,Norman WHITEFORD,,,,,P533,,,Parents: David WHITEFORD.
P581,Alan WHITEFORD,,,,,P534,,,Parents: Alan WHITEFORD.
P582,Graham WHITEFORD,,,,,P534,,,Parents: Alan WHITEFORD.
P583,Margaret WHITEFORD,,,,,P534,,,Parents: Alan WHITEFORD.
P584,Helen WHITEFORD,,,,,P534,,,Parents: Alan WHITEFORD.
P585,Margaret Sloan CRAWFORD,,,,,,,P398,"She was married to John WHITEFORD on 6 Jun 1945. Children were: Agnes Young WHITEFORD , William Hamilton WHITEFORD, Thomas Crawford WHITEFORD, John WHITEFORD, Robert WHITEFORD."
P586,Agnes Young WHITEFORD,1948,1968,,,P398,P585,P594,"was born on 4 Apr 1948. Location: 1947 - Moved to Brampton, Carlise Parents: John WHITEFORD and Margaret Sloan CRAWFORD.She was married to Robert James ARMSTRONG on 7 Nov 1968. Children were: Ian Thomas ARMSTRONG, Heather Margaret ARMSTRONG."
P589,John WHITEFORD,1950,1973,,,P398,P585,P659,"was born on 27 Aug 1950. Location: Live at Irthing View, Middle Farm, Brampton, Carlisle Parents: John WHITEFORD and Margaret Sloan CRAWFORD. He was married to Dorothy JENKINS on 7 Jun 1973. Children were: Dawn WHITEFORD, Stephen WHITEFORD."
P590,Robert WHITEFORD,1952,1985,,,P398,P585,P662,"was born on 13 Feb 1952. Location: Lives at Abbey Farm, Hollywood, Dumfries Parents: John WHITEFORD and Margaret Sloan CRAWFORD.He was married to Mary MCBRIDE on 30 Apr 1985."
P591,Elizabeth DICK,,,,,,,P399,She was married to William WHITEFORD .
P592,Gordon BROWN,,,,,,,P400,"Location: Later of Strathmilgo, FifeHe was married to Margaret WHITEFORD."
P594,Robert James ARMSTRONG,,,,,,,P586,"Lived at Broomhills Farm, Longtown, Carlisle. He Lived at Terrace Farm, High Lorton, Cockermouth.He was married to Agnes Young WHITEFORD on 7 Nov 1968. Children were: Ian Thomas ARMSTRONG, Heather Margaret ARMSTRONG ."
P595,Ian Thomas ARMSTRONG,1970,,,,P594,P586,,was born on 19 Mar 1970. Parents: Robert James ARMSTRONG and Agnes Young WHITEFORD .
P596,Heather Margaret ARMSTRONG,1971,,,,P594,P586,,was born on 21 Aug 1971. Parents: Robert James ARMSTRONG and Agnes Young WHITEFORD .
P597,Gabrielle DUNLOP,,,,,,,P380,"was also known as Gay.She was married to George WHITEFORD on 7 Jun 1951 in Abdie Church, Newburgh, Fife. Children were: Margaret Louise WHITEFORD, James WHITEFORD, Allan Robert WHITEFORD, Gabrielle Fiona WHITEFORD, Alayne WHITEFORD."
P598,Mary MCNIVEN,,,,,,,P378,"Possibly 'May McNiven'She was married to John WHITEFORD on 11 Dec 1946. Children were: James Ian WHITEFORD, Robert WHITEFORD."
P599,Peter Alston ARBUCKLE,,,,,,,,"Lived at Lundle Castle Farm nr. Dundee.He was married to Annabella (Annie) WHITEFORD on 3 Dec 1946 in Pittenween Parish Church. Children were: John ARBUCKLE, James Whiteford ARBUCKLE, Annette ARBUCKLE, Peter Alston ARBUCKLE, Angus ARBUCKLE."
P600,Elizabeth BAXTER,,,,,,,P381,"She was married to James WHITEFORD on 12 Jun 1952. Children were: Alison WHITEFORD, Allan James WHITEFORD."
P601,Jean R. CUTHILL,,,,,,,P382,"has reference number Ms..She was married to Daniel Hamilton WHITEFORD on 28 Jun 1956 in Easter Kincaple, St. Andrews. Children were: Caroline Margaret WHITEFORD, John Archabald WHITEFORD, Sandra Jane WHITEFORD , Gail WHITEFORD."
P602,Walter MCFARLANE,,,,,,,P383,"He was married to Margaret WHITEFORD on 8 Jun 1950 in Pittenween Parish Church. Children were: Annabella MCFARLANE, Edward MCFARLANE, Walter Whiteford MCFARLANE, James MCFARLANE, Margaret MCFARLANE."
P603,Rev. Robert WHITEFORD,1872,1957,,,P452,P604,P503,"was born on 25 Aug 1872. He appeared on the census in 1881 in Stewarton, Ayr, Scotland. Described as aged 8, born Stewarton, Ayr, son of the Head of Household and a scholar. He was Admitted into the United Free Church in 1913. He was Church of Scotland after 1929. He died on 19 May 1957. He was a Minister 1918 to 1950 in Ardrossan. He was ordained pre 1913. Minister of the Evangelical Union Congregational Church Parents: David WHITEFORD and Jane HUTCHISON.He was married to Elizabeth ROBB on 14 J"
P604,Jane HUTCHISON,1850,,,,,,P452,"was born on 20 Nov 1850. She appeared on the census in 1881 in Stewarton, Ayr, Scotland. Described as aged 30, born Barrhead, Renfrew, wife of Head of Household. Parents: .She was married to David WHITEFORD on 21 Jun 1870 in Neilston, Renfrewshire, Scotland. Jane is David's 1st Cousin. Children were: Rev. David WHITEFORD , Jane WHITEFORD, Rev. Robert WHITEFORD, George WHITEFORD, James WHITEFORD, Agnes WHITEFORD, Anne WHITEFORD."
P605,Jane ROBERTSON,1845,,Scotland,,,,P454,"was born in 1845. She appeared on the census in 1881 in Llanasa, Flint, Wales. Described as aged 35, born in Scotland and a Farmer's wife. She was married to Andrew WHITEFORD on 15 Oct 1868 in Dunlop, Ayrshire, Scotland. Children were: Jane WHITEFORD , Agnes(s) Osborne WHITEFORD, Eliza Robertson WHITEFORD, Robert WHITEFORD, James (Jim) WHITEFORD, Andrew WHITEFORD, Mary WHITEFORD, Thomas WHITEFORD, Jean WHITEFORD."
P606,Samuel K. GRIEG,,,,,,,P455,"was a Farmer in East Mains, Kilbirnie. Occupation: A farmer at East Mains, KilbirnieHe was married to Jane WHITEFORD on 11 Jun 1867 in Stewarton, Ayrshire, Scotland. Children were: David GRIEG, Agnes GRIEG ."
P607,Martha ALLAN,,,,,,,P392,"Later of Belstane, CarlukeShe was married to John WHITEFORD."
P608,Margaret STRUTHERS,,,,,,,P393,Later of CrumhaughShe was married to Robert WHITEFORD.
P609,?,,,,,,,P394,She was married to Daniel WHITEFORD.
P610,James KEDAR,,,,,,,P395,"Location: Later of Netherfield Dyke, StratharenHe was married to Jean WHITEFORD."
P611,James THOMPSON,,,,,,,,Occupation: A Farmer
P612,Christina BARR,,,,,,,P517,"She was married to Robert WHITEFORD. Children were: Alexander WHITEFORD, Christina WHITEFORD, Annie WHITEFORD, Robert WHITEFORD."
P613,Alexander WHITEFORD,1914,,,,P517,P612,,"was born on 19 Jun 1914. He was a Farmer in Low Gameshill, Stewarton. A Farmer at Low Gamehill, Stewarton Parents: Robert WHITEFORD and Christina BARR.Children were: Robert WHITEFORD, Christine WHITEFORD, Mary WHITEFORD, Matthew WHITEFORD, Alexander WHITEFORD."
P614,Christina WHITEFORD,1916,,,,P517,P612,,was born on 9 Nov 1916. Parents: Robert WHITEFORD and Christina BARR.
P615,Annie WHITEFORD,1924,,,,P517,P612,P636,was born on 31 Jul 1924. Twin sister of Robert She was a Railway Controller. Parents: Robert WHITEFORD and Christina BARR.She was married to Thomas BROWN .
P616,Robert WHITEFORD,1924,1931,,,P517,P612,,was born on 31 Jul 1924. He died in 1931. Parents: Robert WHITEFORD and Christina BARR.
P617,James MILLER,1886,,,,,,P518,"was born in 1886. He was a Farmer. Occupation: A FarmerHe was married to Agnes WHITEFORD. Children were: Annie MILLER, Jessie MILLER, Margaret MILLER."
P618,Jenny MCKIE,,,,,,,P522,"Possibly called JanetShe was married to John WHITEFORD. Children were: Alexander WHITEFORD , Margaret WHITEFORD, Annie WHITEFORD, Jane WHITEFORD, John WHITEFORD."
P619,Alexander WHITEFORD,1926,,,,P522,P618,,"was born on 9 Apr 1926. Parents: John WHITEFORD and Jenny MCKIE.Children were: Moira WHITEFORD, John WHITEFORD."
P620,Margaret WHITEFORD,1927,,,,P522,P618,P827,was born on 6 Jul 1927. Parents: John WHITEFORD and Jenny MCKIE.She was married to James LAMONT.
P621,Annie WHITEFORD,1929,,,,P522,P618,P828,was born on 27 Jul 1929. Parents: John WHITEFORD and Jenny MCKIE.She was married to Charles WARK.
P622,Jane WHITEFORD,1931,,,,P522,P618,P829,was born on 9 May 1931. Parents: John WHITEFORD and Jenny MCKIE.She was married to Andrew BUCHANAN.
P623,John WHITEFORD,1935,,,,P522,P618,,"was born on 22 Mar 1935. Parents: John WHITEFORD and Jenny MCKIE.Children were: Colin WHITEFORD, John WHITEFORD, Evelyn WHITEFORD."
P624,Moira WHITEFORD,,,,,P619,P826,,Parents: Alexander WHITEFORD and Margaret STEEL.
P625,John WHITEFORD,,,,,P619,P826,,Parents: Alexander WHITEFORD and Margaret STEEL.
P626,Colin WHITEFORD,,,,,P623,P830,,Parents: John WHITEFORD and Evelyn HODGSON.
P627,John WHITEFORD,,,,,P623,P830,,Parents: John WHITEFORD and Evelyn HODGSON.
P628,Evelyn WHITEFORD,,,,,P623,P830,,Parents: John WHITEFORD and Evelyn HODGSON.
P630,Robert WHITEFORD,1949,,,Stewarton,P613,P629,P637,"was born on 17 Apr 1949. He was a Dairyman in Stewarton, Ayr, Scotland. A Dairyman in Stewarton Parents: Alexander WHITEFORD and Janet NISBET.He was married to Jan WALLACE. Children were: Alan WHITEFORD, Kevin WHITEFORD, Lorraine WHITEFORD, Gary WHITEFORD."
P631,Christine WHITEFORD,1950,,,,P613,P629,P642,was born on 15 Dec 1950. Twin sister of Mary Parents: Alexander WHITEFORD and Janet NISBET.She was married to Alex MILLAR.
P632,Mary WHITEFORD,1950,,,,P613,P629,P643,was born on 15 Dec 1950. Twin sister of Christine Parents: Alexander WHITEFORD and Janet NISBET.She was married to James HAMILTON.
P633,Matthew WHITEFORD,1953,,,,P613,P629,P644,"was born on 13 Aug 1953. He was a Farmer in Low Gameshill, Stewarton. A farmer at Low Gameshill, Stewarton Parents: Alexander WHITEFORD and Janet NISBET.He was married to Elizabeth REID. Children were: Alistair WHITEFORD, Matthew WHITEFORD, Craig WHITEFORD."
P634,Alexander WHITEFORD,1955,,,,P613,P629,,"was born on 9 Feb 1955. He was a Farmer in Low Gameshill, Stewarton. A Farmer at Low Gameshill, Stewarton Parents: Alexander WHITEFORD and Janet NISBET."
P636,Thomas BROWN,,,,,,,P615,A Railway ControllerHe was married to Annie WHITEFORD.
P637,Jan WALLACE,,,,,,,P630,"She was married to Robert WHITEFORD . Children were: Alan WHITEFORD, Kevin WHITEFORD, Lorraine WHITEFORD, Gary WHITEFORD."
P638,Alan WHITEFORD,,,,,P630,P637,,Parents: Robert WHITEFORD and Jan WALLACE.
P639,Kevin WHITEFORD,,,,,P630,P637,,Parents: Robert WHITEFORD and Jan WALLACE.
P640,Lorraine WHITEFORD,,,,,P630,P637,,Parents: Robert WHITEFORD and Jan WALLACE.
P641,Gary WHITEFORD,,,,,P630,P637,,Parents: Robert WHITEFORD and Jan WALLACE.
P642,Alex MILLAR,,,,,,,P631,"was a Farmer in Dalry, Ayr, Scotland. A Farmer of DairyHe was married to Christine WHITEFORD."
P643,James HAMILTON,,,,,,,P632,"was a Contractor in Hurlford, Kilmarnock. A Contractor of Hurlford, KilmarnockHe was married to Mary WHITEFORD."
P644,Elizabeth REID,1953,,,,,,P633,"was born on 13 Aug 1953.She was married to Matthew WHITEFORD. Children were: Alistair WHITEFORD , Matthew WHITEFORD, Craig WHITEFORD."
P645,Alistair WHITEFORD,,,,,P633,P644,,Parents: Matthew WHITEFORD and Elizabeth REID.
P646,Matthew WHITEFORD,,,,,P633,P644,,Parents: Matthew WHITEFORD and Elizabeth REID.
P647,Craig WHITEFORD,,,,,P633,P644,,Parents: Matthew WHITEFORD and Elizabeth REID.
P648,Daniel WHITEFORD,,,,,P386,P470,,Parents: William C. WHITEFORD and Doris PARRY.
P649,John WHITEFORD,,,,,P386,P470,,Parents: William C. WHITEFORD and Doris PARRY.
P651,Janet WHITEFORD,,,,,P386,P470,,Parents: William C. WHITEFORD and Doris PARRY.
P652,Ann COULTHARD,,,,,,,P587,She was married to William Hamilton WHITEFORD on 25 Apr 1971. Children were: Elizabeth Ann WHITEFORD .
P653,Elizabeth Ann WHITEFORD,1975,,,,P587,P652,,was born on 30 Nov 1975. She Adopted in Adopted. Parents: William Hamilton WHITEFORD and Ann COULTHARD.
P654,Jennifer BARNES,,,,,,,P588,"Lived at Todhillrigg Farm, Longtown. She Lived at Tercroset Farm, West Hall, Brampton, Carlise.She was married to Thomas Crawford WHITEFORD in 1969. Children were: Helen WHITEFORD, Susan WHITEFORD, Hazel WHITEFORD, James WHITEFORD."
P655,Helen WHITEFORD,1970,,,,P588,P654,,was born on 16 Jan 1970. Parents: Thomas Crawford WHITEFORD and Jennifer BARNES.
P657,Hazel WHITEFORD,1976,,,,P588,P654,,was born on 4 Sep 1976. Parents: Thomas Crawford WHITEFORD and Jennifer BARNES.
P658,James WHITEFORD,1983,,,,P588,P654,,was born on 12 Jul 1983. Parents: Thomas Crawford WHITEFORD and Jennifer BARNES.
P659,Dorothy JENKINS,,,,,,,P589,"Location: of Crosby-on-Eden Farm, Carlise Later of Irthing View, Middle Farm, Ruleholme, CarlisleShe was married to John WHITEFORD on 7 Jun 1973. Children were: Dawn WHITEFORD, Stephen WHITEFORD."
P660,Dawn WHITEFORD,1974,,,,P589,P659,,was born on 11 Mar 1974. Parents: John WHITEFORD and Dorothy JENKINS.
P661,Stephen WHITEFORD,1975,,,,P589,P659,,was born on 4 Jun 1975. Parents: John WHITEFORD and Dorothy JENKINS.
P662,Mary MCBRIDE,,,,,,,P590,"Location: of Stenries Farm, Carrutherstown, Dumfries Later of Abbey Farm, Holywood, DumfriesShe was married to Robert WHITEFORD on 30 Apr 1985."
P663,Isabella HUTCHISON,1856,1933,,,,,P457,"was born on 10 Dec 1856. She appeared on the census in 1881 in Springhill Rd, Netherton, Neilston, Renfrew, Scotland. Described as aged 24, born Barrhead, Renfrew, daughter of Head of Household, a Teacher. She died in 1933. Parents: .She was married to William WHITEFORD . Isobella was William's 1st cousin. Children were: Jeannie WHITEFORD, Robert WHITEFORD, Agnes WHITEFORD, Isobella WHITEFORD, George WHITEFORD, William WHITEFORD, James WHITEFORD, David WHITEFORD, John WHITEFORD, Alexander WHITEF"
P664,James THOMSON,,,Billshead Farm,,,,,"was born in Billshead Farm, Kilmaurs, Ayrshire.He was married to Elizabeth WHITEFORD."
P665,Gabrielle Fiona WHITEFORD,1956,,Inch Farm,,P380,P597,P666,"was born on 5 May 1956 in Inch Farm, Pittenweem, Fife. Parents: George WHITEFORD and Gabrielle DUNLOP.She was married to Robert James POLLOCK on 21 Feb 1980 in carnbe Church, Pittenween, Fife."
P666,Robert James POLLOCK,,,,,,,P665,"He was married to Gabrielle Fiona WHITEFORD on 21 Feb 1980 in carnbe Church, Pittenween, Fife."
P668,David STEEL,1841,1881,East Kilbride,East Kilbride,,,P415,"was born in 1841 in East Kilbride, Lanark, Scotland. He appeared on the census in 1881 in East Kilbride, Lanark.He was married to Margaret WHITEFORD on 12 Nov 1864 in Cauldcoat's Farm, Newton Means, Scotland. Children were: Andrew STEEL, Isabella STEEL, John STEEL, David STEEL, Elizabeth STEEL, Maggie STEEL."
P669,Peter STRUTHERS,,,,,,,P416,"From Jackson, East KilbrideHe was married to Mary WHITEFORD on 30 Dec 1862 in Cauldcoat's Farm, Newton Means, Scotland."
P670,James DUNLOP,,1872,,Cauldcoats Farm,,,P417,"appeared on the census in 1881 in Mearns, Renfrew, Scotland.He was married to Agnes WHITEFORD on 20 Jun 1872 in Cauldcoats Farm, Newton Mearns. Children were: John DUNLOP, William DUNLOP, Isabella DUNLOP."
P672,Robert STRACHEN,,,,,,,P420,"From MeiklearnockHe was married to Jessie WHITEFORD on 16 Nov 1880 in Cauldcoats Farm, Newton Mearns."
P673,John ARBUCKLE,1946,,Lundie Castle Farm,,P599,P379,,"was born on 13 Dec 1946 in Lundie Castle Farm, Invergowrie. Parents: Peter Alston ARBUCKLE and Annabella (Annie) WHITEFORD."
P674,James Whiteford ARBUCKLE,1948,,,,P599,P379,,was born on 18 Jan 1948. Parents: Peter Alston ARBUCKLE and Annabella (Annie) WHITEFORD .
P675,Annette ARBUCKLE,1952,,,,P599,P379,P678,was born on 24 Mar 1952. Parents: Peter Alston ARBUCKLE and Annabella (Annie) WHITEFORD.She was married to Peter GREWAR.
P676,Peter Alston ARBUCKLE,1953,,,,P599,P379,P679,was born on 19 Jun 1953. Parents: Peter Alston ARBUCKLE and Annabella (Annie) WHITEFORD .He was married to Susan HAY.
P677,Angus ARBUCKLE,1958,,,,P599,P379,,was born on 12 Dec 1958. Parents: Peter Alston ARBUCKLE and Annabella (Annie) WHITEFORD.
P678,Peter GREWAR,,,,,,,P675,He was married to Annette ARBUCKLE.
P679,Susan HAY,,,,,,,P676,She was married to Peter Alston ARBUCKLE .
P680,James Ian WHITEFORD,,,,,P378,P598,P682,Parents: John WHITEFORD and Mary MCNIVEN.He was married to Margaret DOBIE .
P681,Robert WHITEFORD,1949,,,,P378,P598,P683,was born on 18 Mar 1949. Parents: John WHITEFORD and Mary MCNIVEN.He was married to Susan.
P682,Margaret DOBIE,,,,,,,P680,She was married to James Ian WHITEFORD .
P683,Susan,,,,,,,P681,She was married to Robert WHITEFORD.
P684,Alison WHITEFORD,1954,,,,P381,P600,,was born on 26 Jun 1954. Parents: James WHITEFORD and Elizabeth BAXTER.
P685,Allan James WHITEFORD,1958,,,,P381,P600,P686,was born on 25 Dec 1958. Parents: James WHITEFORD and Elizabeth BAXTER.He was married to Joanne MURRAY.
P687,Margaret Louise WHITEFORD,1952,,Cragtoun,,P380,P597,P688,"was born on 28 Jan 1952 in Cragtoun, St. Andrews. Parents: George WHITEFORD and Gabrielle DUNLOP.She was married to Ian CARSTAIRS on 3 Aug 1973 in Pittenween Parish Church."
P689,James WHITEFORD,1954,,,,P380,P597,,"was born on 31 Jan 1954. Parents: George WHITEFORD and Gabrielle DUNLOP.He was married to Linda Anne FENTON on 5 Nov 1982 in St Leonards on the Field, Perth.Back Next"
P690,Allan Robert WHITEFORD,1955,,,,P380,P597,P693,was born on 5 May 1955. Parents: George WHITEFORD and Gabrielle DUNLOP.He was married to Roberta WILSON.
P691,Alayne WHITEFORD,1958,,,,P380,P597,,"was born on 31 Oct 1958. Parents: George WHITEFORD and Gabrielle DUNLOP.She was married to Hamish LOHOAR on 6 May 1983 in carnbe Church, Pittenween, Fife."
P692,Linda Anne FENTON,,,,,,,P689,"She was married to James WHITEFORD on 5 Nov 1982 in St Leonards on the Field, Perth."
P694,Hamish LOHOAR,,,,,,,P691,"He was married to Alayne WHITEFORD on 6 May 1983 in carnbe Church, Pittenween, Fife."
P695,Caroline Margaret WHITEFORD,1957,,,,P382,P601,P699,was born on 7 Jun 1957. Parents: Daniel Hamilton WHITEFORD and Jean R. CUTHILL. She was married to Alexander LANG on 8 Jul 1982 in Berwick-upon-Tweed.
P696,John Archabald WHITEFORD,1959,,,,P382,P601,P700,"was born on 21 Apr 1959. Parents: Daniel Hamilton WHITEFORD and Jean R. CUTHILL. He was married to Marion CRAID on 5 Jul 1985 in Old Parish Church, Kilmacolm."
P697,Sandra Jane WHITEFORD,1961,,,,P382,P601,P701,"was born on 27 Oct 1961. Parents: Daniel Hamilton WHITEFORD and Jean R. CUTHILL. She was married to David Archibald SEED on 28 Jun 1984 in Wallace Green Church, Berwick-upon-Tweed."
P698,Gail WHITEFORD,1963,,,,P382,P601,P702,"was born on 10 Oct 1963. Parents: Daniel Hamilton WHITEFORD and Jean R. CUTHILL.She was married to Andrew James SCOTT on 28 Jul 1988 in Wallace Green Church, Berwick-upon-Tweed."
P699,Alexander LANG,,,,,,,P695,He was married to Caroline Margaret WHITEFORD on 8 Jul 1982 in Berwick-upon-Tweed.
P700,Marion CRAID,,,,,,,P696,"She was married to John Archabald WHITEFORD on 5 Jul 1985 in Old Parish Church, Kilmacolm."
P701,David Archibald SEED,,,,,,,P697,"He was married to Sandra Jane WHITEFORD on 28 Jun 1984 in Wallace Green Church, Berwick-upon-Tweed."
P702,Andrew James SCOTT,,,,,,,P698,"He was married to Gail WHITEFORD on 28 Jul 1988 in Wallace Green Church, Berwick-upon-Tweed."
P703,Annabella MCFARLANE,1951,,,,P602,P383,,was born on 25 Mar 1951. Parents: Walter MCFARLANE and Margaret WHITEFORD.
P704,Edward MCFARLANE,1951,,,,P602,P383,,was born on 12 Mar 1951. Parents: Walter MCFARLANE and Margaret WHITEFORD.He was married to Pat DRYSDALE.
P705,Walter Whiteford MCFARLANE,1956,,,,P602,P383,,was born on 11 May 1956. Parents: Walter MCFARLANE and Margaret WHITEFORD.
P706,James MCFARLANE,1957,,,,P602,P383,,was born on 7 Sep 1957. Parents: Walter MCFARLANE and Margaret WHITEFORD. Back Next
P707,Margaret MCFARLANE,1959,,,,P602,P383,,was born on 22 Apr 1959. Parents: Walter MCFARLANE and Margaret WHITEFORD.
P708,Pat DRYSDALE,,,,,,,P704,She was married to Edward MCFARLANE .
P709,Mary STEVEN,1823,,,,P444,P436,P710,was born on 2 Jun 1823. Parents: William STEVEN and Mary WHITEFORD.She was married to John WYLIE. Children were: James WYLIE.
P712,Agnes DUNLOP,,,,,,,P711,She was married to James WYLIE. Children were: Agnes WYLIE.
P713,? STEVEN,,,,,P444,P436,P714,Parents: William STEVEN and Mary WHITEFORD.She was married to ? MONTGOMERY .
P715,Helen WHITEFORD,1922,,,,P367,P371,,was born in 1922. Parents: Daniel WHITEFORD and Agnes CLARK.
P716,Margaret GILMOUR,1924,,,,P402,P374,P719,was born on 13 Mar 1924. Parents: John GILMOUR and Janet Jack WHITEFORD.She was married to Robetrt AITKIN.
P717,Nettie GILMOUR,1925,,,,P402,P374,P720,was born on 1 May 1925. Parents: John GILMOUR and Janet Jack WHITEFORD.She was married to William MCFARLANE.
P718,John GILMOUR,1928,,,,P402,P374,,was born on 30 Jan 1928. Parents: John GILMOUR and Janet Jack WHITEFORD.
P719,Robetrt AITKIN,,,,,,,P716,He was married to Margaret GILMOUR.
P720,William MCFARLANE,,,,,,,P717,He was married to Nettie GILMOUR.
P721,James GARVEN,,,,,,,P405,He was married to Margaret CARSWELL.
P722,Mary GARVEN,,,,,,,P404,She was married to William CARSWELL.
P723,John DUNLOP,1878,1881,Mearns,Mearns,P670,P417,,"was born in 1878 in Mearns, Renfrew, Scotland. He appeared on the census in 1881 in Mearns, Renfrew, Scotland. Parents: James DUNLOP and Agnes WHITEFORD."
P724,William DUNLOP,1879,1881,Mearns,Mearns,P670,P417,,"was born in 1879 in Mearns, Renfrew, Scotland. He appeared on the census in 1881 in Mearns, Renfrew, Scotland. Parents: James DUNLOP and Agnes WHITEFORD."
P725,Elizabeth SMITH,,,,,,,P422,She was married to John WHITEFORD. Children were: Isobella WHITEFORD.
P726,Isobella WHITEFORD,,,,,P422,P725,P727,Parents: John WHITEFORD and Elizabeth SMITH.She was married to ? MITCHELL .
P727,? MITCHELL,,,,,,,P726,He was married to Isobella WHITEFORD.
P728,John MANN,,,,,,,P423,He was married to Jessie Strang WHITEFORD . Children were: Jean MANN.
P729,Jean MANN,,,,,P728,P423,P730,Parents: John MANN and Jessie Strang WHITEFORD.She was married to ? MANN .
P730,? MANN,,,,,,,P729,He was married to Jean MANN.
P731,Agnes BUCHANAN,,,,,,,P424,She was married to Robert WHITEFORD .
P732,Alex DICKSON,,,,,,,P425,"He was married to Isobella Osborne WHITEFORD . Children were: Alison DICKSON, Jean DICKSON.Back Next"
P733,Alison DICKSON,,,,,P732,P425,,Parents: Alex DICKSON and Isobella Osborne WHITEFORD.
P734,Jean DICKSON,,,,,P732,P425,,Parents: Alex DICKSON and Isobella Osborne WHITEFORD.
P735,Jean DONALDSON,,,,,,,P427,She was married to David Steel WHITEFORD . Children were: Jean WHITEFORD.
P736,Jean WHITEFORD,,,,,P427,P735,,Parents: David Steel WHITEFORD and Jean DONALDSON. Back Next
P737,John BELL,,,,,,,P428,He was married to Jeannie Stewart WHITEFORD .
P738,Margaret SHAW,,,,,,,P429,"She was married to Dr. James Dunlop WHITEFORD . Children were: Brian WHITEFORD, David WHITEFORD."
P739,Brian WHITEFORD,,,,,P429,P738,,Parents: Dr. James Dunlop WHITEFORD and Margaret SHAW.
P740,David WHITEFORD,,,,,P429,P738,,Parents: Dr. James Dunlop WHITEFORD and Margaret SHAW.
P741,Joseph ALLEN,,,,,,,P430,"He was married to Helen Stewart WHITEFORD . Children were: Jim ALLEN, Eileen ALLEN."
P742,Jim ALLEN,,,,,P741,P430,,Parents: Joseph ALLEN and Helen Stewart WHITEFORD.
P743,Eileen ALLEN,,,,,P741,P430,,Parents: Joseph ALLEN and Helen Stewart WHITEFORD.
P744,James WHITEFORD,1874,1881,Mearns,Mearns,P450,P892,,"was born in 1874 in Mearns, Renfrew, Scotland. He appeared on the census in 1881 in Mearns, Renfrew, Scotland. Described as aged 7, a scolar, born in Mearns, Renfrew. Parents: John WHITEFORD and Agnes.Children were: Margaret WHITEFORD, Annie WHITEFORD."
P745,Margaret WHITEFORD,,,,,P744,,,Parents: James WHITEFORD.
P746,Annie WHITEFORD,,,,,P744,,,Parents: James WHITEFORD.
P747,David WHITEFORD,,,,,P450,P892,,Parents: John WHITEFORD and Agnes.
P748,Margaret (Greta) WHITEFORD,1876,1881,Mearns,Mearns,P450,P892,,"was born in 1876 in Mearns, Renfrew, Scotland. She appeared on the census in 1881 in Mearns, Renfrew, Scotland. Described as aged 5, a farmer's daughter, born in Mearns, Renfrew. Parents: John WHITEFORD and Agnes."
P749,Robert WHITEFORD,1972,,Mearns,Mearns,P450,P892,,"appeared on the census in 1881 in Mearns, Renfrew, Scotland. Described as aged 9, a scolar, born in Mearns, Renfrew. He was born in 1972 in Mearns, Renfrew, Scotland. Parents: John WHITEFORD and Agnes."
P750,Agnes WHITEFORD,1868,1881,Mearns,Mearns,P450,P892,,"was born in 1868 in Mearns, Renfrew, Scotland. She appeared on the census in 1881 in Mearns, Renfrew, Scotland. Described as aged 3, a farmer's daughter, born in Mearns, Renfrew. Parents: John WHITEFORD and Agnes."
P751,John WHITEFORD,,,,,P451,P869,P754,"appeared on the census in 1891 in Beith, Ayrshire, Scotland. Described as aged 6. He was also known as Jack. Parents: Robert WHITEFORD and Jessie G..He was married to ? KERR. Children were: John WHITEFORD."
P752,Robert WHITEFORD,1872,1881,Beith,Beith,P451,P869,,"was born in 1872 in Beith, Ayrshire, Scotland. He appeared on the census in 1881 in Beith, Ayrshire, Scotland. Described as aged 9, born in Beith, Ayr, Scotland and a Scholar. He appeared on the census in 1891 in Beith, Ayrshire, Scotland. Described as aged 19. Parents: Robert WHITEFORD and Jessie G.."
P753,David G. WHITEFORD,,,,,P451,P869,,"appeared on the census in 1891 in Beith, Ayrshire, Scotland. Described as aged 8 years. Parents: Robert WHITEFORD and Jessie G.."
P754,? KERR,,,,,,,P751,She was married to John WHITEFORD. Children were: John WHITEFORD.
P755,John WHITEFORD,,,,,P751,P754,,Parents: John WHITEFORD and ? KERR.
P756,Sarah WHITEFORD,1874,1881,Beith,Beith,P451,P869,,"was born in 1874 in Beith, Ayrshire, Scotland. She appeared on the census in 1881 in Beith, Ayrshire, Scotland. Described as aged 7, born in Beith, Ayr, Scotland and a Scholar. She appeared on the census in 1891 in Beith, Ayrshire, Scotland. Described as aged 17 years Parents: Robert WHITEFORD and Jessie G.."
P757,Jimmima WHITEFORD,1878,1881,Beith,Beith,P451,P869,,"was born in 1878 in Beith, Ayrshire, Scotland. She appeared on the census in 1881 in Beith, Ayrshire, Scotland. Described as aged 3, born in Beith, Ayr, Scotland. She appeared on the census in 1891 in Beith, Ayrshire, Scotland. Described as Jemmia, aged 13 years. Parents: Robert WHITEFORD and Jessie G..She was married to James LOVE."
P758,Kate A. (Cathie) WHITEFORD,1880,1881,Beith,Beith,P451,P869,,"was born in 1880 in Beith, Ayrshire, Scotland. She appeared on the census in 1881 in Beith, Ayrshire, Scotland. Described as aged 11 months, born in Beith, Ayr, Scotland. She appeared on the census in 1891 in Beith, Ayrshire, Scotland. Described as Kate, aged 10 years Parents: Robert WHITEFORD and Jessie G..She was married to ? BURNS."
P759,Maggie WHITEFORD,1876,1881,Beith,Beith,P451,P869,,"was born in 1876 in Beith, Ayrshire, Scotland. She appeared on the census in 1881 in Beith, Ayrshire, Scotland. Described as aged 5, born in Beith, Ayr, Scotland and a Scholar. She appeared on the census in 1891 in Beith, Ayrshire, Scotland. Described as age 15 years Parents: Robert WHITEFORD and Jessie G.."
P760,Agnes C. WHITEFORD,1867,1881,Beith,Beith,P451,P869,,"was born in 1867 in Beith, Ayrshire, Scotland. She appeared on the census in 1881 in Beith, Ayrshire, Scotland. Described as aged 14, born in Beith, Ayr, Scotland and a Scholar. She appeared on the census in 1891 in Beith, Ayrshire, Scotland. Described as aged 26. Parents: Robert WHITEFORD and Jessie G.."
P761,Jessie WHITEFORD,1868,1881,Beith,Beith,P451,P869,,"was born in 1868 in Beith, Ayrshire, Scotland. She appeared on the census in 1881 in Beith, Ayrshire, Scotland. Described as aged 13, born in Beith, Ayr, Scotland and a Scholar. Parents: Robert WHITEFORD and Jessie G.."
P762,James LOVE,,,,,,,P757,He was married to Jimmima WHITEFORD. Back Next
P763,? BURNS,,,,,,,P758,He was married to Kate A. (Cathie) WHITEFORD.
P764,William SIMPSON,,,,,,,P511,He was married to Jane MILLAR.
P766,Margaret MITCHELL,,,,,,,P509,She was married to Hugh MILLAR.
P767,George WHITEFORD,1874,,Stewarton,Stewarton,P452,P604,P770,"was born on 19 Jun 1874 in Stewarton, Ayr, Scotland. Parents noted as David Whiteford and Jane Hutcheson He appeared on the census in 1881 in Stewarton, Ayr, Scotland. Described as aged 6, born Stewarton, Ayr, son of the Head of Household and a scholar. Parents: David WHITEFORD and Jane HUTCHISON.He was married to Marion TYRE. Children were: David WHITEFORD, William WHITEFORD, Marion WHITEFORD ."
P768,Agnes WHITEFORD,1879,,,,P452,P604,,"was born in 1879. She appeared on the census in 1881 in Stewarton, Ayr, Scotland. Described as aged 2, born Stewarton, Ayr, daughter of the Head of Household. Parents: David WHITEFORD and Jane HUTCHISON."
P769,James WHITEFORD,1877,,,,P452,P604,P779,"was born in 1877. He appeared on the census in 1881 in Stewarton, Ayr, Scotland. Described as aged 5, born Stewarton, Ayr, son of the Head of Household and a scholar. Parents: David WHITEFORD and Jane HUTCHISON.He was married to Jean MCKIE."
P770,Marion TYRE,,,,,,,P767,"She was married to George WHITEFORD. Children were: David WHITEFORD, William WHITEFORD, Marion WHITEFORD."
P771,David WHITEFORD,1910,,,,P767,P770,P774,was born on 1 Aug 1910. Parents: George WHITEFORD and Marion TYRE.He was married to Barbara MCKIE.
P773,Marion WHITEFORD,1916,,,,P767,P770,P776,was born on 27 Aug 1916. Parents: George WHITEFORD and Marion TYRE.She was married to Ian TAYLOR.
P774,Barbara MCKIE,,,,,,,P771,She was married to David WHITEFORD.
P775,Dorothy ELLIOT,,,,,,,P772,She was married to William WHITEFORD .
P776,Ian TAYLOR,,,,,,,P773,He was married to Marion WHITEFORD.
P777,David WHITEFORD,,,,,P603,P503,,Parents: Rev. Robert WHITEFORD and Elizabeth ROBB.
P778,Anna WHITEFORD,,,,,P603,P503,,Parents: Rev. Robert WHITEFORD and Elizabeth ROBB.
P779,Jean MCKIE,,,,,,,P769,She was married to James WHITEFORD.
P780,Anne WHITEFORD,,,,,P452,P604,,Parents: David WHITEFORD and Jane HUTCHISON.
P781,David GRIEG,,,,,P606,P455,P783,"Parents: Samuel K. GRIEG and Jane WHITEFORD.He was married to Edith BAPTY . Children were: Edith GRIEG, Samuel GRIEG, Ian GRIEG."
P782,Agnes GRIEG,,,,,P606,P455,,Parents: Samuel K. GRIEG and Jane WHITEFORD.
P783,Edith BAPTY,,,,,,,P781,"She was married to David GRIEG. Children were: Edith GRIEG, Samuel GRIEG , Ian GRIEG."
P784,Edith GRIEG,1897,,,,P781,P783,P787,was born in 1897. Parents: David GRIEG and Edith BAPTY.
P785,Samuel GRIEG,1900,,,,P781,P783,,was born in 1900. Parents: David GRIEG and Edith BAPTY.
P786,Ian GRIEG,1902,,,,P781,P783,,was born in 1902. Parents: David GRIEG and Edith BAPTY.
P789,Jane WHITEFORD,1869,,Mearns,Llanasa,P454,P605,P807,"was born on 6 Apr 1869 in Mearns, Renfrew, Scotland. Parents noted as Andrew Whiteford & Jane Robertson She appeared on the census in 1881 in Llanasa, Flint, Wales. Described as aged 11, born in Scotland and a scholar. Parents: Andrew WHITEFORD and Jane ROBERTSON.She was married to John BURROWS . Children were: Tom BURROWS, Andrew BURROWS."
P790,Agnes(s) Osborne WHITEFORD,1870,,Neilston,Llanasa,P454,P605,,"was born on 1 Aug 1870 in Neilston, Renfrewshire, Scotland. Parents noted as Andrew Whiteford & Jane Robertson She appeared on the census in 1881 in Llanasa, Flint, Wales. Described as aged 10, born in Scotland and a scholar. Parents: Andrew WHITEFORD and Jane ROBERTSON."
P791,Robert WHITEFORD,1873,,Neilston,,P454,P605,P811,"was born on 29 Apr 1873 in Neilston, Renfrewshire, Scotland. Parents noted as Andrew Whiteford & Jane Robertson. He appeared on the census in 1881 in Llanasa, Flint, Wales. Described as aged 7, born in Scotland and a scholar. Parents: Andrew WHITEFORD and Jane ROBERTSON.He was married to ? LEARY. Children were: Andrew WHITEFORD."
P792,James (Jim) WHITEFORD,1874,,Neilston,Llanasa,P454,P605,,"was born on 19 Oct 1874 in Neilston, Renfrewshire, Scotland. Parents noted as Andrew Whiteford & Jane Robertson He appeared on the census in 1881 in Llanasa, Flint, Wales. Described as aged 6, born in Scotland and a scholar. Parents: Andrew WHITEFORD and Jane ROBERTSON."
P793,Andrew WHITEFORD,1879,,Llansa,,P454,P605,,"was born in 1879. He appeared on the census in 1881 in Llanasa, Flint, Wales. Described as aged 2, born in Llansa, Flint, Wales and a scholar. Parents: Andrew WHITEFORD and Jane ROBERTSON."
P794,Mary WHITEFORD,1877,,Scotland,,P454,P605,P814,"was born in 1877. She appeared on the census in 1881 in Llanasa, Flint, Wales. Described as aged 4, born in Scotland and a scholar. Parents: Andrew WHITEFORD and Jane ROBERTSON .She was married to John WILLIAMS."
P795,Jean WHITEFORD,,,,,P454,P605,,Parents: Andrew WHITEFORD and Jane ROBERTSON.
P796,Margaret SYME,1888,,,,,,P788,"was born on 29 Nov 1888.She was married to Thomas WHITEFORD. Children were: Robert WHITEFORD , Constance WHITEFORD, Isabel WHITEFORD, George WHITEFORD, Agnes WHITEFORD, Maurice WHITEFORD."
P797,Robert WHITEFORD,1924,,,,P788,P796,,was born on 24 Oct 1924. Parents: Thomas WHITEFORD and Margaret SYME.He was married to Phyllis MURRAY.
P798,Constance WHITEFORD,1916,,,,P788,P796,,was born on 14 Jul 1916. Parents: Thomas WHITEFORD and Margaret SYME.
P799,Isabel WHITEFORD,1918,,,,P788,P796,,was born on 19 May 1918. Parents: Thomas WHITEFORD and Margaret SYME.
P800,George WHITEFORD,1920,,,,P788,P796,,was born on 27 Jan 1920. Parents: Thomas WHITEFORD and Margaret SYME.He was married to Jessie JOHNSTON.
P801,Agnes WHITEFORD,1927,,,,P788,P796,,was born on 9 Dec 1927. Parents: Thomas WHITEFORD and Margaret SYME.She was married to Bruce STEVENSON.
P802,Maurice WHITEFORD,1931,,,,P788,P796,,was born on 20 Jan 1931. Parents: Thomas WHITEFORD and Margaret SYME.He was married to Anni HEITMANN.
P803,Anni HEITMANN,1929,,,,,,P802,was born on 29 Jul 1929.She was married to Maurice WHITEFORD.
P804,Bruce STEVENSON,1922,,,,,,P801,was born in 1922.He was married to Agnes WHITEFORD.
P805,Jessie JOHNSTON,1920,,,,,,P800,was born on 28 Nov 1920.She was married to George WHITEFORD.
P809,Andrew BURROWS,1900,,,,P807,P789,,was born in 1900. Parents: John BURROWS and Jane WHITEFORD. Back Next
P810,Ismene WALKER,1902,,,,,,P808,was born in 1902.She was married to Tom BURROWS .
P811,? LEARY,1884,,,,,,P791,was born in 1884.She was married to Robert WHITEFORD . Children were: Andrew WHITEFORD.
P812,Andrew WHITEFORD,1917,,,,P791,P811,P813,was born in 1917. Parents: Robert WHITEFORD and ? LEARY.He was married to Edith WILDE.
P815,Gabriel DUNLOP,,,,,,,P516,was a Farmer.He was married to Janie WHITEFORD .
P816,Annie MILLER,,,,,P617,P518,P819,Parents: James MILLER and Agnes WHITEFORD.She was married to Robert YULE .
P817,Jessie MILLER,,,,,P617,P518,P820,Parents: James MILLER and Agnes WHITEFORD.She was married to Clarke WATT .
P818,Margaret MILLER,,,,,P617,P518,P821,Parents: James MILLER and Agnes WHITEFORD.She was married to William TAYLOR .
P820,Clarke WATT,,,,,,,P817,He was married to Jessie MILLER.
P821,William TAYLOR,,,,,,,P818,He was married to Margaret MILLER.
P822,David SMITH,,,,,,,P540,He was married to Annie WHITEFORD.
P823,Margaret BOAL,,,,,,,,"Children were: Rita WHITEFORD, James WHITEFORD, Hugh WHITEFORD."
P826,Margaret STEEL,,,,,,,,"Children were: Moira WHITEFORD, John WHITEFORD."
P827,James LAMONT,,,,,,,P620,He was married to Margaret WHITEFORD .
P828,Charles WARK,,,,,,,P621,He was married to Annie WHITEFORD.
P829,Andrew BUCHANAN,,,,,,,P622,He was married to Jane WHITEFORD.
P830,Evelyn HODGSON,,,,,,,,"Children were: Colin WHITEFORD, John WHITEFORD, Evelyn WHITEFORD."
P832,William PETRIE,,,,,,,P545,He was married to Agnes WHITEFORD.
P833,Robert MILLAR,,,,,,,P546,He was married to Margaret WHITEFORD .
P835,Jack MCMILLAN,,,,,,,P548,He was married to Betty WHITEFORD.
P836,RITCHIE,,,,,,,P553,He was married to Isabella WHITEFORD.
P838,James HAMILTON,,,,,,,P552,He was married to Minnie WHITEFORD .
P839,Margaret WHITE,,,,,,,P551,She was married to James WHITEFORD .
P840,May DUFF,,,,,,,,Children were: Jack WHITEFORD.
P841,Jean,,,,,,,,"Children were: Hugh WHITEFORD, Dorothy WHITEFORD."
P842,Jeannie WHITEFORD,1882,1888,,Index to Scottish Registry of Deaths,P457,P663,,"was born on 21 Dec 1882. Possibly died in 1888, entry found in Index to Scottish Registry of Deaths. Parents: William WHITEFORD and Isabella HUTCHISON."
P843,Robert WHITEFORD,1884,1888,,Index to Scottish Registry of Deaths,P457,P663,,"was born on 11 Jun 1884. Possibly died in 1888, entry found in Index to Scottish Registry of Deaths. Parents: William WHITEFORD and Isabella HUTCHISON."
P844,Agnes WHITEFORD,1886,1888,,Stewarton,P457,P663,,"was born on 2 Mar 1886. She died in 1888 in Stewarton, Ayr. Entry found in Index to Scottish Registry of Deaths for 1888, described as aged 2 years, the daughter of William Whiteford anf Isabella Hutchinson. Parents: William WHITEFORD and Isabella HUTCHISON."
P845,Andrew WHITEFORD,1897,,,,P457,P663,,was born on 9 May 1897. Parents: William WHITEFORD and Isabella HUTCHISON.
P846,Osborne WHITEFORD,1901,,,,P457,P663,,was born on 7 Sep 1901. Parents: William WHITEFORD and Isabella HUTCHISON.
P847,Annie WHITEFORD,1888,,,,P456,P515,P526,was born on 28 Jun 1888. She died. Proprietor of one of the two farms called Nether Carswell where she and her husband lived. On her death she left the farm not to her husband but to her brothers. She was a Farm Proprietor. Parents: Alexander WHITEFORD and Annie HUTCHISON.She was married to James WHITEFORD.
P848,MARY C.,,,,,,,P410,She was married to Laurence William Gibson WHITEFORD .
P849,JONES,,,,,,,P409,"He was married to Sheila C WHITEFORD. Children were: Jennifer JONES, Cory , Corrina, John."
P852,Stuart JOHNSTON,1891,1948,,Glasgow,,,P851,"was born in 1891. He died in 1948 in Glasgow, Lanarkshire, Scotland. WFT CD #3He was married to Agnes YOUNG. Children were: Fay JOHNSTON."
P853,Fay JOHNSTON,,,,,P852,P851,P854,"WFT CD #3 Parents: Stuart JOHNSTON and Agnes YOUNG.She was married to Thomas STOTHERS. Children were: Walter Wilson STOTHERS , Jane Anne Agnes Kyle STOTHERS."
P854,Thomas STOTHERS,,,,,,,P853,"WFT CD #3He was married to Fay JOHNSTON . Children were: Walter Wilson STOTHERS, Jane Anne Agnes Kyle STOTHERS."
P855,Jennifer JONES,,,,,P849,P409,P856,"Parents: JONES and Sheila C WHITEFORD.She was married to ?. She was divorced from ?. Children were: Jessica, Billy JONES, Amanda, Richard ."
P856,?,,,,,,,P855,"He was married to Jennifer JONES. He was divorced from Jennifer JONES. Children were: Jessica, Billy JONES, Amanda, Richard ."
P857,Jessica,,,,,P856,P855,,Parents: ? and Jennifer JONES .
P858,Amanda,1988,,,,P856,P855,,was born in 1988. She was adopted. Parents: ? and Jennifer JONES.
P859,Richard,1982,,,,P856,P855,,was born in 1982. He was adopted. Parents: ? and Jennifer JONES.
P860,Cory,1989,,,,P849,P409,,was born in 1989. He was adopted in 1993. Parents: JONES and Sheila C WHITEFORD.
P861,John,1982,,,,P849,P409,,was born in 1982. He was adopted. Parents: JONES and Sheila C WHITEFORD.
P862,Corrina,1984,,,,P849,P409,,was born in 1984. She was adopted. Parents: JONES and Sheila C WHITEFORD.
P863,Billy JONES,,,,house fire,P856,P855,,died. Aged 14 years in house fire. Parents: ? and Jennifer JONES.
P864,Margaret SMITH,1830,,Tarbolton,,P446,P437,P870,"was born in 1830 in Tarbolton. She appeared on the census in 1851 in 'Braehead', Kilmaurs. Described as unmarried and aged 21 years Parents: Hugh SMITH and Margaret WHITEFORD .She was married to James SHANKS on 13 Apr 1852 in Braehead, Kilmaurs, Ayrshire. Married by Margaret's uncle the Rev. Robert Smith Children were: Hugh Smith SHANKS."
P865,Janet SMITH,1833,1861,Tarbolton,,P446,P437,P877,"was born in 1833 in Tarbolton. She appeared on the census in 1851 in 'Braehead', Kilmaurs. Described as aged 18 years and unmarried. She appeared on the census in 1861. Described as living at Braehead. Had son called Hugh, unsure of which husband the father. Parents: Hugh SMITH and Margaret WHITEFORD.She was married to J. SMITH.She was married to R. MCFARLAND. Back Next"
P866,Mary SMITH,1835,,Tarbolton,,P446,P437,,"was born in 1835 in Tarbolton. She appeared on the census in 1851 in 'Braehead', Kilmaurs. Parents: Hugh SMITH and Margaret WHITEFORD."
P867,Marjory Barr SMITH,1839,,Tarbolton,,P446,P437,P880,"was born in 1839 in Tarbolton. She appeared on the census in 1851 in 'Braehead', Kilmaurs. She appeared on the census in 1881 in Nether Auchentiber, Stewarton, Ayr. Described as a Wife aged 42, born in Tarbolton, Ayr, Scotland. Parents: Hugh SMITH and Margaret WHITEFORD.She was married to Thomas STEVEN . Children were: William STEVEN, Margaret STEVEN, Mary Whiteford STEVEN, Hugh STEVEN."
P868,John STEVEN,1816,1816,Dunlop,,P444,P436,,"was born on 2 May 1816 in Dunlop, Ayr. He was born on 2 Jun 1816. He was a Farmer. Parents: William STEVEN and Mary WHITEFORD. Parents: Robert STEVEN and Margaret WHITEFORD."
P869,Jessie G.,1846,1881,Campbelton,Beith,,,P451,"was born in 1846 in Campbelton, Argyll, Scotland. She appeared on the census in 1881 in Beith, Ayrshire, Scotland. Described as wife of Head of Household, aged 35 and born in Campbelton, Argyll, Scotland. She appeared on the census in 1891 in Beith, Ayrshire, Scotland. Described as aged 45 years.She was married to Robert WHITEFORD. Children were: Agnes C. WHITEFORD, Jessie WHITEFORD, Robert WHITEFORD, Sarah WHITEFORD, Maggie WHITEFORD, Jimmima WHITEFORD, Kate A. (Cathie) WHITEFORD, John WHITEFOR"
P870,James SHANKS,,,,,,,P864,"was a Clerk at Blair Ironworks in 1850.He was married to Margaret SMITH on 13 Apr 1852 in Braehead, Kilmaurs, Ayrshire. Married by Margaret's uncle the Rev. Robert Smith Children were: Hugh Smith SHANKS."
P871,Hugh Smith SHANKS,1854,,,,P870,P864,,was born on 24 Dec 1854. Parents: James SHANKS and Margaret SMITH.
P877,J. SMITH,,,,,,,P865,He was married to Janet SMITH.
P878,R. MCFARLAND,,,,,,,P865,He was married to Janet SMITH.
P879,MCMILLAN,,,,,,,P447,He was married to Jane SMITH.
P880,Thomas STEVEN,1834,,Stewarton,,P444,P436,P867,"was born in 1834. He appeared on the census in 1881 in Nether Auchentiber, Stewarton, Ayr. Parents: William STEVEN and Mary WHITEFORD.He was married to Marjory Barr SMITH . Children were: William STEVEN, Margaret STEVEN, Mary Whiteford STEVEN, Hugh STEVEN."
P881,William STEVEN,1870,,Stewarton Ayr,,P880,P867,,"was born in 1870. He appeared on the census in 1881 in Nether Auchentiber, Stewarton, Ayr. Parents: Thomas STEVEN and Marjory Barr SMITH."
P882,Margaret STEVEN,1871,,Stewarton Ayr,,P880,P867,,"was born in 1871. She appeared on the census in 1881 in Nether Auchentiber, Stewarton, Ayr. Parents: Thomas STEVEN and Marjory Barr SMITH."
P883,Mary Whiteford STEVEN,1873,,Stewarton Ayr,,P880,P867,,"was born in 1873. She appeared on the census in 1881 in Nether Auchentiber, Stewarton, Ayr. Parents: Thomas STEVEN and Marjory Barr SMITH."
P884,Hugh STEVEN,1875,,Stewarton Ayr,,P880,P867,,"was born in 1875. He appeared on the census in 1881 in Nether Auchentiber, Stewarton, Ayr. Parents: Thomas STEVEN and Marjory Barr SMITH."
P885,Andrew STEEL,1866,1881,East Kilbride,East Kilbride,P668,P415,,"was born in 1866 in East Kilbride, Lanark, Scotland. He appeared on the census in 1881 in East Kilbride, Lanark, Scotland. Parents: David STEEL and Margaret WHITEFORD."
P886,Isabella STEEL,1868,1881,East Kilbride,East Kilbride,P668,P415,,"was born in 1868 in East Kilbride, Lanark, Scotland. She appeared on the census in 1881 in East Kilbride, Lanark, Scotland. Parents: David STEEL and Margaret WHITEFORD."
P887,John STEEL,1870,1881,East Kilbride,East Kilbride,P668,P415,,"was born in 1870 in East Kilbride, Lanark, Scotland. He appeared on the census in 1881 in East Kilbride, Lanark, Scotland. Parents: David STEEL and Margaret WHITEFORD."
P888,Elizabeth STEEL,1877,1881,East Kilbride,East Kilbride,P668,P415,,"was born in 1877 in East Kilbride, Lanark, Scotland. She appeared on the census in 1881 in East Kilbride, Lanark, Scotland. Parents: David STEEL and Margaret WHITEFORD."
P889,Maggie STEEL,1879,1881,East Kilbride,East Kilbride,P668,P415,,"was born in 1879 in East Kilbride, Lanark, Scotland. She appeared on the census in 1881 in East Kilbride, Lanark, Scotland. Parents: David STEEL and Margaret WHITEFORD."
P890,David STEEL,1874,1881,East Kilbride,East Kilbride,P668,P415,,"was born in 1874 in East Kilbride, Lanark, Scotland. He appeared on the census in 1881 in East Kilbride, Lanark, Scotland. Parents: David STEEL and Margaret WHITEFORD."
P891,Isabella DUNLOP,1881,,Mearns,,P670,P417,,"was born in 1881 in Mearns, Renfrew, Scotland. Parents: James DUNLOP and Agnes WHITEFORD."
P892,Agnes,,,Mearns,Mearns,,,,"appeared on the census in 1881 in Mearns, Renfrew, Scotland. Described as wife of the Head of Household, aged 32 and born in Mearns, Renfrew.She was married to John WHITEFORD. Children were: Robert WHITEFORD, James WHITEFORD, Margaret (Greta) WHITEFORD, Agnes WHITEFORD, Alexander WHITEFORD, David WHITEFORD."
P893,Alexander WHITEFORD,1880,1881,Mearns,Mearns,P450,P892,,"was born in 1880 in Mearns, Renfrew, Scotland. He appeared on the census in 1881 in Mearns, Renfrew, Scotland. Described as aged 1, a farmer's son, born in Mearns, Renfrew. Parents: John WHITEFORD and Agnes."
P894,Eliza Robertson WHITEFORD,1871,,Neilston,,P454,P605,,"was born on 6 Nov 1871 in Neilston, Renfrewshire, Scotland. Parents noted as Andrew Whiteford & Jane robertson Parents: Andrew WHITEFORD and Jane ROBERTSON."
P895,Elizabeth STEVEN,1821,1850,,,P444,P436,P896,was born in 1821. Parents: William STEVEN and Mary WHITEFORD.She was married to James KIRKWOOD on 2 Feb 1850.
P896,James KIRKWOOD,,,,,,,P895,He was married to Elizabeth STEVEN on 2 Feb 1850.
P898,William STEVEN,1818,1840,,,P444,P436,P899,was born on 25 Jul 1818. Parents: William STEVEN and Mary WHITEFORD.He was married to Ann in 1840.
P899,Ann,,,,,,,P898,She was married to William STEVEN in 1840.
P900,Janet STEVEN,1820,,,,P444,P436,,was born on 29 Feb 1820. Parents: William STEVEN and Mary WHITEFORD.
P901,Jean STEVEN,,,,,P444,P436,,Parents: William STEVEN and Mary WHITEFORD.
P902,John STEVEN,1842,,,,P444,P436,,was born in 1842. Parents: William STEVEN and Mary WHITEFORD.
P903,James STEVEN,,,,,P444,P436,,Parents: William STEVEN and Mary WHITEFORD.
P904,Margaret STEVEN,1830,,,,P444,P436,,was born in 1830. Parents: William STEVEN and Mary WHITEFORD.
P905,Robert STEVEN,1822,,,,P444,P436,,was born in 1822. Parents: William STEVEN and Mary WHITEFORD.
P906,Marion STEVEN,1837,,,,P444,P436,,was born in 1837. Parents: William STEVEN and Mary WHITEFORD.
P907,Walter Wilson STOTHERS,,,,,P854,P853,P909,Parents: Thomas STOTHERS and Fay JOHNSTON.He was married to Ellen MCCREACHRAN.
P908,Jane Anne Agnes Kyle STOTHERS,,,,,P854,P853,,Parents: Thomas STOTHERS and Fay JOHNSTON.
P909,Ellen MCCREACHRAN,,,,,,,P907,She was married to Walter Wilson STOTHERS .
P910,John Andrew WAUGH,1843,1881,County Down,,,,P500,"was born in 1843 in County Down, Ireland. He emigrated before 1881 from New South Wales, Australia.He was married to Janet WHITEFORD on 28 Jul 1865 in Straiton, Ayrshire, Scotland. Children were: Margaret WAUGH, Agnes Whiteford WAUGH, Alexander WAUGH, William WAUGH, John Andrew Whiteford WAUGH, David Whiteford WAUGH, Robert Whiteford WAUGH , Samuel WAUGH, Jane Smith Whiteford WAUGH, Janet Whiteford WAUGH, Joseph WAUGH, Elizabeth Whiteford WAUGH, Joseph WAUGH, Violet WAUGH."
P911,Margaret WAUGH,1867,,Dalrymple,,P910,P500,,"was born on 8 Feb 1867 in Dalrymple, Ayrshire. SCOTLAND. Parents: John Andrew WAUGH and Janet WHITEFORD."
P912,Agnes Whiteford WAUGH,1869,,Straiton,,P910,P500,,"was born on 2 Jan 1869 in Straiton, Ayrshire, Scotland. Parents: John Andrew WAUGH and Janet WHITEFORD."
P913,Alexander WAUGH,1869,,Straiton,,P910,P500,,"was born on 2 Jan 1869 in Straiton, Ayrshire, Scotland. Parents: John Andrew WAUGH and Janet WHITEFORD."
P914,William WAUGH,1870,,Straiton,,P910,P500,,"was born on 30 Dec 1870 in Straiton, Ayrshire, Scotland. Parents: John Andrew WAUGH and Janet WHITEFORD."
P915,John Andrew Whiteford WAUGH,1873,,Dalmellington,,P910,P500,,"was born on 26 Mar 1873 in Dalmellington, Ayrshire, Scotland. Parents: John Andrew WAUGH and Janet WHITEFORD."
P916,David Whiteford WAUGH,1875,,,,P910,P500,,was born on 24 Jul 1875. Parents: John Andrew WAUGH and Janet WHITEFORD.
P917,Robert Whiteford WAUGH,1875,,,,P910,P500,,was born on 24 Jul 1875. Parents: John Andrew WAUGH and Janet WHITEFORD.
P918,Samuel WAUGH,1877,,,,P910,P500,,was born on 2 Oct 1877. Parents: John Andrew WAUGH and Janet WHITEFORD.
P919,Jane Smith Whiteford WAUGH,1881,,,,P910,P500,,was born in 1881. Parents: John Andrew WAUGH and Janet WHITEFORD.
P920,Janet Whiteford WAUGH,1881,,New South Wales,,P910,P500,,"was born on 5 Dec 1881 in New South Wales, Australia. Parents: John Andrew WAUGH and Janet WHITEFORD."
P921,Joseph WAUGH,1884,1888,New South Wales,New South Wales,P910,P500,,"was born on 4 Apr 1884 in New South Wales, Australia. He died pre 1888 in New South Wales, Australia. Parents: John Andrew WAUGH and Janet WHITEFORD."
P922,Elizabeth Whiteford WAUGH,1885,,New South Wales,,P910,P500,,"was born on 30 Oct 1885 in New South Wales, Australia. Parents: John Andrew WAUGH and Janet WHITEFORD."
P923,Joseph WAUGH,1888,,New South Wales,,P910,P500,,"was born on 7 Oct 1888 in New South Wales, Australia. Parents: John Andrew WAUGH and Janet WHITEFORD."
P924,Violet WAUGH,1892,,New South Wales,,P910,P500,,"was born in 1892 in New South Wales, Australia. Parents: John Andrew WAUGH and Janet WHITEFORD."
P925,Margaret WAUGH,1873,,Dalmellington,,P499,P501,,"emigrated after 1873 from New South Wales, Australia. She was born on 15 Dec 1873 in Dalmellington, Ayrshire, Scotland. Parents: Samuel WAUGH and Agnes WHITEFORD."
P926,Robert WAUGH,1876,,Minmi,,P499,P501,,"was born on 3 Apr 1876 in Minmi, New South Wales, Australia. Parents: Samuel WAUGH and Agnes WHITEFORD ."
P927,David Whiteford WAUGH,1878,,Minmi,,P499,P501,,"was born on 18 Jul 1878 in Minmi, New South Wales, Australia. Parents: Samuel WAUGH and Agnes WHITEFORD."
P928,Janet Whiteford WAUGH,1881,,Minmi,,P499,P501,,"was born on 28 Feb 1881 in Minmi, New South Wales, Australia. Parents: Samuel WAUGH and Agnes WHITEFORD."
P929,Samuel WAUGH,1883,,Minmi,,P499,P501,,"was born on 22 Oct 1883 in Minmi, New South Wales, Australia. Parents: Samuel WAUGH and Agnes WHITEFORD ."
P930,John Andrew WAUGH,1888,,Minmi,,P499,P501,,"was born on 13 Nov 1888 in Minmi, New South Wales, Australia. Parents: Samuel WAUGH and Agnes WHITEFORD.Back Next"
P931,John D. KIRKWOOD,,1858,,Beith,,,P438,"He was married to Janet WHITEFORD on 9 Apr 1858 in Beith, Ayrshire, Scotland."
P932,John WHITEFORD,1836,,Paisley High,,P441,P502,,"was born on 4 Jan 1836 in Paisley High, Renfrewshire, Scotland. Parents: David WHITEFORD and Mary DINNING."
P933,Bertha Knox WHITEFORD,1838,,Paisley High,,P441,P502,,"was born on 3 Jun 1838 in Paisley High, Renfrewshire, Scotland. Parents: David WHITEFORD and Mary DINNING."
P934,Mary WHITEFORD,1846,,Kilmaurs,,P441,P502,,"was born in 1846 in Kilmaurs, Ayrshire, Scotland. Parents: David WHITEFORD and Mary DINNING."
P935,Jane Smith WHITEFORD,1857,,Kilmaurs,,P441,P502,,"was born in 1857 in Kilmaurs, Ayrshire, Scotland. Parents: David WHITEFORD and Mary DINNING ."
P936,Malcolm WHITEFORD,1820,1843,Bridge St,Kilbirnie,P1786,P6207,,"was born on 16 Mar 1820 in Bridge St, Kilbirnie, Ayrshire, Scotland. He resided Bridge St between 1843 and 1847 in Kilbirnie, Ayrshire, Scotland. He appeared on the census in 1881 in Glasgow, Lanarkshire, Scotland. Described as aged 60, a 'Cotton Yarn Dresser' of 56 Marlbrough St, Glasgow and born in Kilbirnie, Ayrshire. Census also noted that family had a lodger, one Edward Riley, aged 25 a Slater born in Glasgow. He died on 4 Mar 1890 in Barrhill Poorhouse, Dennistoun, Glasgow. He was a Cotton"
P937,Jane MACKIE,1823,1843,Kilbirnie,Kilbirnie,P3791,P3792,,"was born in 1823 in Kilbirnie, Ayrshire, Scotland. She resided Bridge St between 1843 and 1847 in Kilbirnie, Ayrshire, Scotland. She appeared on the census in 1881 in Glasgow, Lanarkshire, Scotland. Described as aged 59,described as the wife of the 'Head of Household' of 56 Marlbrough St, Glasgow and born in Kilbirnie, Ayrshire. She was also known as Jean McKie. described as such in registry entries for some of her children. Parents: Matthew MACKIE and Jean ANDERSON.She was married to Malcolm WH"
P938,Malcolm WHITEFORD,1846,1847,Kilbirnie,Kilbirnie,P936,P937,P945,"was born in 1846 in Kilbirnie, Ayrshire, Scotland. He resided Bridge St before 1847 in Kilbirnie, Ayrshire, Scotland. He appeared on the census in 1881 in Barony, Lanarkshire, Glasgow. Described as aged 35, an 'Unemployed Power Loom Tenter' of 63 Dalmarnock St, Glasgow and born in Kilburrie (sic), Ayrshire. Census also noted that family had a lodger, one William Sinclair, aged 25 a Mechanic born in Glasgow. He died on 15 Sep 1922 in James St, Bridgeton, Glasgow. Parents: Malcolm WHITEFORD and Ja"
P939,Matthew WHITEFORD,1854,1917,Calton,Glasgow,P936,P937,P951,"was born in 1854 in Calton, Glasgow, Lanarkshire, Scotland. at 56 Marlborough St. He appeared on the census in 1861 in Calton, Glasgow, Lanarkshire, Scotland. at 56 Marlborough St. He appeared on the census in 1881 in Glasgow, Lanarkshire, Scotland. Described as aged 27, a 'Brassfounder & Finisher' of 39 Tylefield St, Glasgow and born in Glasgow, Lanarkshire. He died on 4 Sep 1917 in Bridgeton, Glasagow. at 5A Marquis St. He was a Journetman Brass Finisher. He was Protestant. Matthew went to the"
P940,Barbara WHITEFORD,1857,1873,Calton,Calton,P936,P937,,"was born on 12 Aug 1857 in Calton, Glasgow, Lanarkshire, Scotland. at 56 Marlborough St. She died on 20 Jan 1873 in Calton, Glasgow, Lanarkshire, Scotland. at 56 Marlborough St. Parents: Malcolm WHITEFORD and Jane MACKIE."
P941,James WHITEFORD,1860,1904,Calton,Kilbirnie,P936,P937,P965,"was born on 11 Dec 1860 in Calton, Glasgow, Lanarkshire, Scotland. at 56 Marlborough St. He appeared on the census in 1881 in Glasgow, Lanarkshire, Scotland. Described as aged 21, unmarried,described as the son of the 'Head of Household' of 56 Marlbrough St, Glasgow, a 'Brass Finisher' by trade and born in Kilbirnie, Ayrshire. He died in 1904 in Calton, Glasgow, Lanarkshire, Scotland. at 13 Fielden St. Parents: Malcolm WHITEFORD and Jane MACKIE.He was married to Jane RAIN on 14 Jul 1882 in Glasg"
P943,Janet WHITEFORD,1864,,Calton,Kilbirnie,P936,P937,P3851,"was born on 2 Nov 1864 in Calton, Glasgow, Lanarkshire, Scotland. at 56 Marlborough St. She appeared on the census in 1881 in Glasgow, Lanarkshire, Scotland. Described as aged 16, unmarried,described as the daughter of the 'Head of Household' of 56 Marlbrough St, Glasgow, a 'Power Loom Cotton Weaver' by trade and born in Kilbirnie, Ayrshire. Parents: Malcolm WHITEFORD and Jane MACKIE.She was married to Robert WARNOCK on 18 Jul 1884 in Calton, Glasgow, Lanarkshire, Scotland. at 56 Marlborough St."
P944,John WHITEFORD,1867,,Calton,,P936,P937,,"was born on 12 Apr 1867 in Calton, Glasgow, Lanarkshire, Scotland. Parents: Malcolm WHITEFORD and Jane MACKIE."
P945,Hannah ALLEN,1847,,Muirkirk,,P3829,P3830,P938,"was born in 1847 in Muirkirk. She appeared on the census in 1881 in Barony, Lanarkshire, Glasgow. Described as aged 34, described as the wife of the 'Head of Household' of 63 Dalmarnock St, Glasgow and born in Kilbirnie, Ayrshire. Parents: William ALLEN and Janet HENDERSON.She was married to Malcolm WHITEFORD on 31 Dec 1866 in Blythswood, Glasgow. Children were: Malcolm WHITEFORD, William WHITEFORD, Jane WHITEFORD, John WHITEFORD, Robert WHITEFORD, William WHITEFORD."
P946,Malcolm WHITEFORD,1866,1881,Glasgow,Barony,P938,P945,,"was born in 1866 in 63 Dalmarnock Road, Bridgeton, Glasgow, Lanarkshire, Scotland. He appeared on the census in 1881 in Barony, Lanarkshire, Glasgow. Described as aged 13, described as the son of the 'Head of Household' of 63 Dalmarnock St, Glasgow, working as an 'Office Boy' and born in Glasgow, Lanarkshire. He died in 1909 in 175 James St, Bridgeton, Glasgow. Parents: Malcolm WHITEFORD and Hannah ALLEN."
P947,John WHITEFORD,1873,1881,Glasgow,Barony,P938,P945,,"was born on 29 Mar 1873 in 63 Dalmarnock Road, Bridgeton, Glasgow, Lanarkshire, Scotland. He appeared on the census in 1881 in Barony, Lanarkshire, Glasgow. Described as aged 13, described as the son of the 'Head of Household' of 63 Dalmarnock St, Glasgow,a 'Scholar' and born in Glasgow, Lanarkshire. Parents: Malcolm WHITEFORD and Hannah ALLEN."
P948,Robert WHITEFORD,1877,1881,Glasgow,Barony,P938,P945,,"was born in 1877 in 63 Dalmarnock Road, Bridgeton, Glasgow, Lanarkshire, Scotland. He appeared on the census in 1881 in Barony, Lanarkshire, Glasgow. Described as aged 4, described as the son of the 'Head of Household' of 63 Dalmarnock St, Glasgow and born in Glasgow, Lanarkshire. Parents: Malcolm WHITEFORD and Hannah ALLEN."
P950,Jane WHITEFORD,1871,,,,P938,P945,,"was born on 17 Apr 1871 in 63 Dalmarnock Road, Bridgeton, Glasgow, Lanarkshire, Scotland. Parents: Malcolm WHITEFORD and Hannah ALLEN."
P951,Margaret HAMILTON,1855,1881,Tobago St,Glasgow,P3618,P3619,P939,"was born in 1855 in Tobago St, Calton, Glasgow, Lanarkshire, Scotland. She appeared on the census in 1881 in Glasgow, Lanarkshire, Scotland. Described as aged 26,described as the wife of the 'Head of Household' of 39 Tylefiel St, Glasgow and born in Glasgow, Lanarkshire She was on Poor Relief in 1886. as a result of husband MAtthew's journey to America, the application number on the document was C85055 and contains much information about the family. Parents: Alexander HAMILTON and Agnes BROWN.Sh"
P952,Margaret WHITEFORD,1880,,Calton,Glasgow,P939,P951,,"was born on 20 Feb 1880 in Calton, Glasgow, Lanarkshire, Scotland. Noted as born at 39 Tylefield Street. She appeared on the census in 1881 in Glasgow, Lanarkshire, Scotland. Described as aged 1,described as the daughter of the 'Head of Household' of 39 Tylefiel St, Glasgow and born in Glasgow, Lanarkshire Parents: Matthew WHITEFORD and Margaret HAMILTON."
P953,Jane WHITEFORD,1878,1881,Calton,Glasgow,P939,P951,,"was born on 20 Apr 1878 in Calton, Glasgow, Lanarkshire, Scotland. Noted as born at 36 Comely Park Street She appeared on the census in 1881 in Glasgow, Lanarkshire, Scotland. Described as aged 2,described as the daughter of the 'Head of Household' of 39 Tylefiel St, Glasgow and born in Glasgow, Lanarkshire Parents: Matthew WHITEFORD and Margaret HAMILTON."
P954,Agnes WHITEFORD,1874,1874,Calton,Calton,P939,P951,,"was born on 23 Jan 1874 in Calton, Glasgow, Lanarkshire, Scotland. Noted as born at 39 Tylefield Street. She died after 23 Jan 1874 in Calton, Glasgow, Lanarkshire, Scotland. Noted asdied at 39 Tylefield Street. Parents: Matthew WHITEFORD and Margaret HAMILTON."
P955,Malcolm WHITEFORD,1875,1881,Calton,Glasgow,P939,P951,P972,"was born on 23 Feb 1875 in Calton, Glasgow, Lanarkshire, Scotland. Noted as born at 63 Dalmarnock Rd. He appeared on the census in 1881 in Glasgow, Lanarkshire, Scotland. Described as aged 6,described as the son of the 'Head of Household' of 39 Tylefiel St, Glasgow and born in Glasgow, Lanarkshire He Lived at Campbelfield St in 1898 in Calton, Glasgow, Lanarkshire, Scotland. He was an Iron Molder on 24 Jun 1898. as described at wedding. He died on 14 May 1946 in Garngad, Glasgow, Lanarkshire, Sc"
P956,Charles Hamilton WHITEFORD,1891,1925,Camlachie,Subiaco,P939,P951,,"was born on 17 Oct 1891 in Camlachie, Glasgow, Scotland. He died on 21 Jun 1925 in Subiaco, Western Australia. Died as a result of complications following an operation on his kidneys and St. John of God Hospital, Subiaco. He emigrated pre WWI from Australia. He served in the military WWI in France. The following is from the notes of Charles Whiteford:- He migrated to WA just prior to the 1914-1918 War, and in due corse he enlist- ed in the 1st AIF & served in France. The following details were s"
P958,Arnold WHITEFORD,1922,1972,North Perth,Meltham,P956,,P960,"was born on 11 Oct 1922 in North Perth, Western Australia. He died on 16 Feb 1972 in Meltham, Western Australia. Parents: Charles Hamilton WHITEFORD.He was married to Joyce Doris BALLARD on 19 Oct 1946 in St. Georges Cathederal, Perth, Western Australia. Children were: Lance Arnold WHITEFORD, Graeme William Whiteford WHITEFORD, Milton Rex WHITEFORD ."
P959,Charles WHITEFORD,1925,,North Perth,,P956,,,"was born on 5 Sep 1925 in North Perth, Western Australia. Parents: Charles Hamilton WHITEFORD."
P960,Joyce Doris BALLARD,1921,1946,Birmingham,,,,,"was born on 16 Feb 1921 in Birmingham, England.She was married to Arnold WHITEFORD on 19 Oct 1946 in St. Georges Cathederal, Perth, Western Australia. Children were: Lance Arnold WHITEFORD, Graeme William Whiteford WHITEFORD , Milton Rex WHITEFORD. Back Next"
P961,Jean WHITEFORD,1843,1843,Kilbirnie,Kilbirnie,P936,P937,,"was born in 1843 in Kilbirnie, Ayrshire, Scotland. She resided Bridge St between 1843 and 1847 in Kilbirnie, Ayrshire, Scotland. Parents: Malcolm WHITEFORD and Jane MACKIE."
P962,Ann WHITEFORD,1847,1881,Kilbirnie,Barony,P936,P937,P3832,"was born in 1847 in Kilbirnie, Ayrshire, Scotland. She appeared on the census in 1881 in Barony, Glasgow, Lanarkshire, Scotland. Described as wife of the Head of household, aged 33 years and born in Kilbirnie, Ayrshire, Scotland. She died on 5 Nov 1909 in Bridgeton, Glasagow. at 151 Canning St. Parents: Malcolm WHITEFORD and Jane MACKIE.She was married to James KENNEDY on 29 Dec 1876 in Calton, Glasgow, Lanarkshire, Scotland. at 56 Marlborough St. Children were: Jean KENNEDY, Elizabeth KENNEDY, "
P963,Margaret WHITEFORD,1850,,Calton,,P936,P937,P3837,"was born in 1850 in Calton, Glasgow, Lanarkshire, Scotland. at 56 Marlborough St. Parents: Malcolm WHITEFORD and Jane MACKIE.She was married to John STEVEN on 14 Jul 1874 in Calton, Glasgow, Lanarkshire, Scotland. at 56 Marlborough St. Children were: Jeannie MacKay STEVEN , Jessie Alexander STEVEN."
P964,Agnes Brown WHITEFORD,1876,,Calton,Glasgow,P939,P951,,"was born on 29 Oct 1876 in Calton, Glasgow, Lanarkshire, Scotland. Noted as born at 36 Comely Park St. She appeared on the census in 1881 in Glasgow, Lanarkshire, Scotland. Described as aged 4,described as the daughter of the 'Head of Household' of 39 Tylefiel St, Glasgow and born in Glasgow, Lanarkshire Parents: Matthew WHITEFORD and Margaret HAMILTON."
P965,Jane RAIN,1861,,,,P3844,P3845,,"was born in 1861. She was a Brass Finisher. Parents: William RAIN and Isabella MARTIN.She was married to James WHITEFORD on 14 Jul 1882 in Glasgow, Lanarkshire, Scotland. James noted as aged 22 of 56 Marlborough St and Jane is aged 21 of 618 Gallowgate, the marriage was at Jane's address. Children were: Isabella WHITEFORD, Jane WHITEFORD, Malcolm WHITEFORD, Mary WHITEFORD, Maggie WHITEFORD, James WHITEFORD, William WHITEFORD."
P966,Matthew WHITEFORD,1883,1904,Hutchesonton,Hallside,P939,P951,P3630,"was born on 27 Dec 1883 in Hutchesonton, Glasgow. noted as born at 490 Rutherglen Road. He was a Baker's Vanman on 21 May 1904. as described at wedding He died on 28 Jul 1940 in Hallside, Cambuslang, Glasgpw, Scotland. Parents: Matthew WHITEFORD and Margaret HAMILTON.He was married to Margaret FRAME on 21 May 1904 in Calton, Glasgow, Lanarkshire, Scotland. at 128 French St. Children were: Matthew WHITEFORD, Alexander WHITEFORD."
P968,George WHITEFORD,1886,1963,Calton,Easterhouse,P939,P951,P3616,"was born on 6 Oct 1886 in Calton, Glasgow, Lanarkshire, Scotland. noted as born at 33 Comely Park Rd. He died on 30 Nov 1963 in Easterhouse, Glasgow. Noted that death was at 12 Aberdalgie Rd. Parents: Matthew WHITEFORD and Margaret HAMILTON.He was married to Isobella FRAME on 25 Oct 1910 in Calton, Glasgow, Lanarkshire, Scotland. at 128 French St. Children were: George WHITEFORD."
P969,Maggie WHITEFORD,1888,,Camlachie,,P941,P965,,"was born on 13 Dec 1888 in Camlachie, Glasgow, Scotland. Noted as born at 15 Fielden St. Parents: James WHITEFORD and Jane RAIN."
P970,James WHITEFORD,1892,,Camlachie,,P941,P965,,"was born on 1 Dec 1892 in Camlachie, Glasgow, Scotland. noted as born at 15 Fielden St. Parents: James WHITEFORD and Jane RAIN."
P972,Jane REILLY,1879,,,,P3865,P3866,P955,"was born in 1879. Parents: James REILLY and Sarah MCCARRON.She was married to Malcolm WHITEFORD on 24 Jun 1898 in Calton, Glasgow, Lanarkshire, Scotland. Malcolm noted as aged 23 of 81 Cubie Street and Jane noted as aged 19, they where married at Malcolm's address. Children were: Matthew WHITEFORD, James WHITEFORD, Margaret Hamilton WHITEFORD, Annie McLaughlin WHITEFORD , Malcolm WHITEFORD, Agnes WHITEFORD, Jane WHITEFORD, Robina WHITEFORD, William Reilly WHITEFORD, Mary Jamieson WHITEFORD, Elle"
P973,Alexander WHITEFORD,1885,1912,Calton,Western Infirmary,P939,P951,P3843,"was born on 25 May 1885 in Calton, Glasgow, Lanarkshire, Scotland. noted as born at33 Comely Park St, twin of William. He appeared on the census in 1891 in Camlachie, Glasgow, Scotland. Noted as being at 15 Lyon St. He died on 2 Feb 1912 in Western Infirmary, Hillhead, Glasgow, Lanarkshire, Scotland. Noted that the cause of death was a fractured skull. Parents: Matthew WHITEFORD and Margaret HAMILTON.He was married to Annie ROY on 29 Oct 1910 in 17 Newhall Terrace, Calton, Glasgow, Lanarkshire, "
P974,James WHITEFORD,1900,1957,Calton,Taylor St,P955,P972,,"was born on 23 May 1900 in Calton, Glasgow, Lanarkshire, Scotland. at 54 Campbelfield St. He died on 28 Jul 1957 in Taylor St, Townhead, Glasgow, Lanarkshire, Scotland. He was a Railwayman. Parents: Malcolm WHITEFORD and Jane REILLY.He was married to Catherine Smith DARROCH on 12 Jan 1923 in Garngad, Glasgow, Lanarkshire, Scotland. James noted as aged 22 of 33 Provanhill St and Catherine as aged 23 of Garngad Avenue. Marriage took place at St. Roch's Parish Church, Garngad. Double Wedding with s"
P975,Mary Jamieson WHITEFORD,1916,1991,Garngad,Glasgow,P955,P972,,"was born on 23 Aug 1916 in Garngad, Glasgow, Lanarkshire, Scotland. She died in 1991 in Glasgow, Lanarkshire, Scotland. Parents: Malcolm WHITEFORD and Jane REILLY.She was married to Arthur HADDOCK on 28 Oct 1932 in Garngad, Glasgow, Lanarkshire, Scotland. at St Roch's Roman Catholic Church. Children were: Malcolm HADDOCK, James HADDOCK, Jean Reilly HADDOCK, Mary HADDOCK, Catherine HADDOCK."
P976,Ellen Reilly WHITEFORD,1918,1989,Garngad,Royal Infirmary,P955,P972,P978,"was born on 29 Oct 1918 in Garngad, Glasgow, Lanarkshire, Scotland. She died on 5 Apr 1989 in Royal Infirmary, Glasgow, Lanarkshire, Scotland. Parents: Malcolm WHITEFORD and Jane REILLY.She was married to John HART on 30 Dec 1943 in Garngad, Glasgow, Lanarkshire, Scotland. Ellen noted as aged 24 of 23 Tharsis St and John noted as aged 26 of James Nisbet St. Married at St Roch's Parish Church, Garngad and witnessed by Malcolm Whiteford and MAry Haddock. Children were: Jean HART, Anne Marie HART."
P977,Catherine Smith DARROCH,1900,,,,,,P974,"was born in 1900.She was married to James WHITEFORD on 12 Jan 1923 in Garngad, Glasgow. Children were: James Darroch WHITEFORD, William Rielly WHITEFORD , Malcolm WHITEFORD, Catherine Darroch WHITEFORD."
P978,John HART,1917,,,,P3891,P3892,,"was born in 1917. He was a Shipyard Labourer. Parents: Henry HART and Margaret KEARNEY.He was married to Ellen Reilly WHITEFORD on 30 Dec 1943 in Garngad, Glasgow, Lanarkshire, Scotland. Ellen noted as aged 24 of 23 Tharsis St and John noted as aged 26 of James Nisbet St. Married at St Roch's Parish Church, Garngad and witnessed by Malcolm Whiteford and MAry Haddock. Children were: Jean HART, Anne Marie HART ."
P983,Agnes WHITEFORD,1802,1888,Bridge St,Kilbirnie,P1786,P6207,P3785,"was born on 1 Aug 1802 in Bridge St, Kilbirnie, Ayr, Scotland. She died on 16 Sep 1888 in Kilbirnie, Ayrshire, Scotland. Parents: Malcolm WHITEFORD and Ann ANDERSON.She was married to James WALKER on 29 Nov 1822 in Kilbirnie, Ayrshire, Scotland. Children were: Andrew WALKER , Malcolm WALKER, Ann WALKER , Agnes Jamieson WALKER."
P984,Janet WHITEFORD,1804,,Bridge St,,P1786,P6207,P3762,"was born on 12 Apr 1804 in Bridge St, Kilbirnie, Ayr, Scotland. Parents: Malcolm WHITEFORD and Ann ANDERSON.She was married to David HOUSTON in 1825 in Kilbirnie, Ayrshire, Scotland."
P985,James WHITEFORD,1806,,Bridge St,,P1786,P6207,,"was born on 6 Apr 1806 in Bridge St, Kilbirnie, Ayr, Scotland. Parents: Malcolm WHITEFORD and Ann ANDERSON."
P987,John WHITEFORD,1810,1810,Bridge St,Dreybulls,P1786,P6207,,"was born on 16 Mar 1810 in Bridge St, Kilbirnie, Ayr, Scotland. He died after 16 Mar 1810 in Dreybulls, Kilbirnie, Ayrshire, Scotland. Parents: Malcolm WHITEFORD and Ann ANDERSON."
P988,Barbara WHITEFORD,1811,1887,Dreybulls,Cochrane St,P1786,P6207,P3790,"was born on 13 Oct 1811 in Dreybulls, Kilbirnie, Ayr, Scotland. She died on 19 Nov 1887 in Cochrane St, Kilbirnie, Ayrshire, Scotland. Parents: Malcolm WHITEFORD and Ann ANDERSON.She was married to William MACKIE on 13 Mar 1834 in Parish Church, Kilbirnie, Ayrshire, Scotland. Children were: Ann MACKIE, Matthew MACKIE , Malcolm MACKIE, Jean MACKIE , William MACKIE."
P989,Ann WHITEFORD,1813,,Dreybulls,,P1786,P6207,P3798,"was born on 27 Nov 1813 in Dreybulls, Kilbirnie, Ayr, Scotland. Parents: Malcolm WHITEFORD and Ann ANDERSON.She was married to James BARCLAY on 29 Jul 1836 in Parish Church, Kilbirnie, Ayrshire, Scotland. Children were: Peter BARCLAY, Ann BARCLAY , Malcolm BARCLAY."
P990,Margaret WHITEFORD,1818,,Bridge St,,P1786,P6207,,"was born on 4 Feb 1818 in Bridge St, Kilbirnie, Ayrshire, Scotland. Parents: Malcolm WHITEFORD and Ann ANDERSON."
P991,John WHITEFORD,1822,1822,Schoolwynd,Schoolwynd,P1786,P6207,,"was born on 14 Oct 1822 in Schoolwynd, Kilbirnie, Ayr, Scotland. He died after 14 Oct 1822 in Schoolwynd, Kilbirnie, Ayr, Scotland. Parents: Malcolm WHITEFORD and Ann ANDERSON."
P992,Lance Arnold WHITEFORD,1953,1998,Subiaco,Mundaring,P958,P960,P994,"was born on 27 May 1953 in Subiaco, Western Australia. Parents: Arnold WHITEFORD and Joyce Doris BALLARD.He was married to Patricia ADAMSKI on 5 Dec 1998 in Mundaring, Western Australia."
P993,Graeme William Whiteford WHITEFORD,1954,1977,Subiaco,Palmyra,P958,P960,P995,"was born on 10 Oct 1954 in Subiaco, Western Australia. Parents: Arnold WHITEFORD and Joyce Doris BALLARD.He was married to Denise Margaret LUFF on 12 Nov 1977 in Palmyra, Perth, Western Australia. Children were: Ryan William WHITEFORD, Kassey Margaret WHITEFORD."
P994,Patricia ADAMSKI,,,,,,,P992,"She was married to Lance Arnold WHITEFORD on 5 Dec 1998 in Mundaring, Western Australia."
P995,Denise Margaret LUFF,1958,,Perth,,,,P993,"was born on 2 Mar 1958 in Perth, Western Australia.She was married to Graeme William Whiteford WHITEFORD on 12 Nov 1977 in Palmyra, Perth, Western Australia. Children were: Ryan William WHITEFORD, Kassey Margaret WHITEFORD ."
P996,Milton Rex WHITEFORD,1954,1981,Subiaco,Bassendean,P958,P960,P997,"was born on 10 Oct 1954 in Subiaco, Western Australia. Parents: Arnold WHITEFORD and Joyce Doris BALLARD.He was married to Sharon Joy WILLS on 14 Feb 1981 in Bassendean, Western Australia. Children were: Jamie Lee WHITEFORD, Emma Louise WHITEFORD."
P998,Ryan William WHITEFORD,1980,,Perth,,P993,P995,,"was born on 6 Mar 1980 in Perth, Western Australia. Parents: Graeme William Whiteford WHITEFORD and Denise Margaret LUFF."
P999,Kassey Margaret WHITEFORD,1982,,Perth,,P993,P995,,"was born on 30 Jun 1982 in Perth, Western Australia. Parents: Graeme William Whiteford WHITEFORD and Denise Margaret LUFF."
P1000,Jamie Lee WHITEFORD,1985,,Mount Lawley,,P996,P997,,"was born on 17 Sep 1985 in Mount Lawley, Western Australia. Parents: Milton Rex WHITEFORD and Sharon Joy WILLS."
P1001,Emma Louise WHITEFORD,1988,,Swan Districts Hospital,,P996,P997,,"was born on 21 Dec 1988 in Swan Districts Hospital, Western Australia. Parents: Milton Rex WHITEFORD and Sharon Joy WILLS."
P1004,Elisa HAUGHAN,,,,,,,,"As noted in 1992 IGI, page 1811As noted in 1992 IGI, page 1811 Children were: Andrew WHITEFORD."
P1005,Alexander WHITEFORD,,,,,P1953,P1007,,"was christened on 1 Dec 1850 in Glenelg, Inverness. As noted in 1992 IGI, page 7297 Parents: Archibald WHITEFORD and MacLeod FLORA."
P1007,MacLeod FLORA,,,,,,,P1953,"As noted in 1992 IGI, page 7297She was married to Archibald WHITEFORD on 16 Oct 1858 in Portee, Inverness. As noted in 1992 IGI, page 7297 Children were: Alexander WHITEFORD , Archibald WHITEFORD."
P1008,Alexander WHITEFORD,,,,,,,P1009,"As noted in 1992 IGI, page 7297He was married to Mary MACDOUGALL on 31 Aug 1858 in Portee, Inverness. Children were: Margaret Ann WHITEFORD, Alexander WHITEFORD, Ann WHITEFORD, Archibald WHITEFORD, Donald WHITEFORD, Margaret Ann WHITEFORD, Archibald WHITEFORD, Donald WHITEFORD."
P1009,Mary MACDOUGALL,,,,,,,P1008,"As noted in 1992 IGI, page 7297She was married to Alexander WHITEFORD on 31 Aug 1858 in Portee, Inverness. Children were: Margaret Ann WHITEFORD, Alexander WHITEFORD, Ann WHITEFORD, Archibald WHITEFORD, Donald WHITEFORD, Margaret Ann WHITEFORD, Archibald WHITEFORD, Donald WHITEFORD."
P1010,Alexander WHITEFORD,1861,,Portee,,P1008,P1009,,"was born on 11 Feb 1861 in Portee, Inverness. As noted in 1992 IGI, page 7297 Parents: Alexander WHITEFORD and Mary MACDOUGALL."
P1011,Ann WHITEFORD,1863,,Portee,,P1008,P1009,,"was born on 28 Feb 1863 in Portee, Inverness. As noted in 1992 IGI, page 7297 Parents: Alexander WHITEFORD and Mary MACDOUGALL."
P1012,Margaret Ann WHITEFORD,1859,,Portee,,P1008,P1009,,"was born on 23 Aug 1859 in Portee, Inverness. As noted in 1992 IGI, page 7297 Parents: Alexander WHITEFORD and Mary MACDOUGALL."
P1013,Archibald WHITEFORD,1865,,Portee,,P1008,P1009,,"was born on 24 Jun 1865 in Portee, Inverness. As noted in 1992 IGI, page 7297 Parents: Alexander WHITEFORD and Mary MACDOUGALL."
P1014,Donald WHITEFORD,1866,,Portee,,P1008,P1009,,"was born on 19 Jul 1866 in Portee, Inverness. As noted in 1992 IGI, page 7297 Parents: Alexander WHITEFORD and Mary MACDOUGALL."
P1016,Louisa Jane IMPETT,,,,,,,P1962,"As noted in 1992 IGI, page 22383She was married to James WHITEFOORD on 25 Aug 1835 in Creich, Fife. As noted in 1992 IGI, page 22383"
P1018,James BROUN OR BROWN,,,,,,,P1964,"As noted in 1992 IGI, page 22383She was married to Jonet or Janet WHITEFOORD on 17 May 1649 in Dunfermline, Fife. As noted in 1992 IGI, page 22383"
P1020,Johne FOTHERINGHAME,,,,,,,P1966,"As noted in 1992 IGI, page 22383He was married to Marion WHITEFOORD on 3 Apr 1662 in Dumfermline, Fife. As noted in 1992 IGI, page 22383"
P1023,Mary MARTIN,,,,,,,,"As noted in 1992 IGI, page 3839As noted in 1992 IGI, page 3839 Children were: Helen WHYTFORD, Thomas WHYTFORD."
P1028,James WHITEFORD,,,,,,,,"As noted in 1992 IGI, page 4089As noted in 1992 IGI, page 4089 Children were: Thomas WHITEFORD, Hugh WHITEFORD."
P1029,Elizabeth SMITH,,,,,,,,"As noted in 1992 IGI, page 4089As noted in 1992 IGI, page 4089 Children were: Thomas WHITEFORD, Hugh WHITEFORD."
P1031,Hugh WHITEFORD,,,,,P1028,P1029,,"was christened on 29 Sep 1831 in Wick, Caithnes. As noted in 1992 IGI, page 4089 Parents: James WHITEFORD and Elizabeth SMITH."
P1032,Alexander WHITEFORD,,,,,P1033,P1034,,"was christened on 6 Jan 1799 in Rothesay, Bute. As noted in 1992 IGI, page 1309 Parents: Alexander WHITEFORD and Margaret MCGINNIS."
P1033,Alexander WHITEFORD,,,,,,,,"As noted in 1992 IGI, page 1309As noted in 1992 IGI, page 1309 Children were: Alexander WHITEFORD."
P1034,Margaret MCGINNIS,,,,,,,,"As noted in 1992 IGI, page 1309As noted in 1992 IGI, page 1309 Children were: Alexander WHITEFORD."
P1038,Ann WHITEFORD,1866,,Rothesay,,P1986,P1040,,"was born on 13 Jan 1866 in Rothesay, Bute. As noted in 1992 IGI, page 1309 Parents: Robert WHITEFORD and Ann RODGER."
P1040,Ann RODGER,,,,,,,,"As noted in 1992 IGI, page 1309As noted in 1992 IGI, page 1309 Children were: Janet WHITEFORD, James WHITEFORD, Robert WHITEFORD, Ann WHITEFORD, Janet WHITEFORD, James WHITEFORD, Robert WHITEFORD."
P1041,Janet WHITEFORD,1868,,Rothesay,,P1986,P1040,,"was born on 26 Jan 1868 in Rothesay, Bute. As noted in 1992 IGI, page 1309 Parents: Robert WHITEFORD and Ann RODGER."
P1042,James WHITEFORD,1870,,Rothesay,,P1986,P1040,,"was born on 6 Apr 1870 in Rothesay, Bute. As noted in 1992 IGI, page 1309 Parents: Robert WHITEFORD and Ann RODGER."
P1043,Robert WHITEFORD,1972,,Rothesay,,P1986,P1040,,"was born on 23 Jun 1972 in Rothesay, Bute. As noted in 1992 IGI, page 1309 Parents: Robert WHITEFORD and Ann RODGER."
P1045,UNKNOWN,,,,,,,,"As noted in 1992 IGI, page 21492As noted in 1992 IGI, page 21492 Children were: William Fyfe WHITEFORD, Alexander WHITFORD, William Fyfe WHITEFORD."
P1050,Mary FREELAND,,,,,,,P1996,"As noted in 1992 IGI, page 21492She was married to John WHITEFORD on 1 Mar 1803 in Aberdeen, St. Nicholas, Aberdeenshire. As noted in 1992 IGI, page 21492"
P1056,Margaret MARSHALL,,,,,,,P2002,"As noted in 1992 IGI, page 8276She was married to Hugh WHITEFORD on 16 Mar 1851 in Falkirk, Stirling. As noted in 1992 IGI, page 8276"
P1061,Agnes MCEACHRAN,1839,1992,Campbeltown,Campbeltown,,,P1692,"was born on 15 Jan 1839 in Campbeltown, Argyll, Scotland. As noted in 1992 IGI, page 8276She was married to Robert WHITEFORD on 16 Aug 1871 in Campbeltown, Argyle, Scotland. Children were: Mary WHITEFORD, David WHITEFORD, Agnes WHITEFORD, Robina WHITEFORD.As noted in 1992 IGI, page 8276 Children were: David WHITEFORD , Mary WHITEFORD."
P1064,William EYDEN,,,,,,,P2008,"As noted in 1992 IGI, page 3370He was married to Janet WHITEFOORD on 8 Jul 1770 in Kelso, Roxburgh. As noted in 1992 IGI, page 3370"
P1066,William DOUGLAS,,,,,,,P2010,"He was married to Mary WHITEFORD on 2 Feb 1849 in Melrose, Roxburgh."
P1068,Nicholas LILLIE,,,,,,,P1917,"As noted in 1992 IGI, page 3370She was married to William WHITEFORD on 11 Nov 1743 in Kelso, Roxbugh. Children were: Janet WHITEFORD."
P1070,Elizabeth WAUGH,,,,,,,P1069,"was born. As noted in 1992 IGI, page 3370She was married to William WHITEFORD on 8 Sep 1776 in Kelso, Roxburgh. As noted in 1992 IGI, page 3370She was married to William WHITEFORD on 8 Sep 1776 in Kelso, Roxburgh. As noted in 1992 IGI, page 3370"
P1074,UNKNOWN,,,,,,,,"As noted in 1992 IGI Index, page 6699As noted in IGI Index, page 6699As noted in 1992 IGI Index, page 6699As noted in IGI Index, page 6699As noted in 1992 IGI Index, page 6699As noted in IGI Index, page 6699As noted in IGI Index, page 6699 Children were: John WHITEFORD."
P1075,John WHITEFORD,1854,,Kintail,,P1076,P1074,,"was christened on 7 Nov 1854 in Kintail, Ross and Cromarty. As noted in 1992 IGI Index, page 6699 He was born on 7 Nov 1854 in Kintail, Ross and Cromarty. As noted in IGI Index, page 6699 Parents: Archibald WHITEFORD and UNKNOWN."
P1076,Archibald WHITEFORD,,,,,,,,"As noted in IGI Index, page 6699 As noted in 1992 IGI Index, page 6699 As noted in 1992 IGI Index, page 6699 As noted in IGI Index, page 6699 As noted in 1992 IGI Index, page 6699 As noted in IGI Index, page 6699As noted in IGI Index, page 6699 Children were: John WHITEFORD."
P1079,William SMITH,1717,,,,,,,"was born about 1717. As noted in IGI Index, page 3690He was married to Charliot WHITEFOORD on 17 Jun 1742 in Stromness or Stenness, Orkney. As noted in IGI Index, page 3690 Children were: Alice SMITH, Charles SMITH, Allan SMITH, Morton SMITH, Caleb SMITH, Amelia SMITH, Douglas SMITH, Whitefoord SMITH, John SMITH, Grisel SMITH."
P1082,UNKNOWN,,,,,,,,"As noted in IGI Index, page 3690As noted in IGI Index, page 3690 Children were: Mart. WHYTFOORD."
P1083,Hugh WHITEFORD,,,,,P1084,P1085,,"was christened on 12 Apr 1838 in Auldearn, Nairn. As noted in IGI Index, page 1107 Parents: Hugh WHITEFORD and Jane SIMPSON."
P1084,Hugh WHITEFORD,,,,,,,,"As noted in IGI Index, page 1107As noted in IGI Index, page 1107 Children were: Hugh WHITEFORD."
P1085,Jane SIMPSON,,,,,,,,"As noted in IGI Index, page 1107As noted in IGI Index, page 1107 Children were: Hugh WHITEFORD."
P1087,Catherine MCDONALD,,,,,,,P1086,"As noted in IGI Index, page 1107She was married to William WHITFORD on 1 Nov 1861 in Nairn, Nairn.She was married to William WHITFORD on 1 Nov 1861 in Nairn, Nairn."
P1088,Alexander WHITEFORD,1859,,Wigtown,,P3204,P2789,,"was born on 2 Oct 1859 in Wigtown, Whithorn. Parents: Alan WHITEFORD and Jane (MAC)COSKRIE."
P1091,Alexander WHITEFORD,1863,,Wigtown,,P1092,P2037,,"was born on 10 Jul 1863 in Wigtown, Whithorn. Parents: UNKOWN and Elizabeth WHITEFORD."
P1092,UNKOWN,,,,,,,,Children were: Alexander WHITEFORD.
P1094,Allan WHITEFORD,1811,,Wigtown,,P1095,P1096,,"was born on 26 Dec 1811 in Wigtown, Whithorn. He was christened on 29 Dec 1811 in Wigtown, Whithorn. Parents: Alan WHITEFORD and Jane NEILSON."
P1095,Alan WHITEFORD,,,,,,,,Children were: Allan WHITEFORD .
P1097,Allan WHITEFORD,1856,,Wigtown,,P3204,P2789,,"was born on 7 Jun 1856 in Wigtown, Whithord. Parents: Alan WHITEFORD and Jane (MAC)COSKRIE."
P1098,James WHITEFORD,1863,,Wigtown,,P3204,P2789,,"was born on 28 Mar 1863 in Wigtown, Whithorn. Parents: Alan WHITEFORD and Jane (MAC)COSKRIE."
P1099,John Fraser WHITEFORD,1859,,Wigtown,,P3204,P2789,,"was born on 2 Oct 1859 in Wigtown, Whithorn. Parents: Alan WHITEFORD and Jane (MAC)COSKRIE."
P1100,Margaret WHITEFORD,1868,,Wigtown,,P3204,P2789,,"was born on 22 Jan 1868 in Wigtown, Whithorn. Parents: Alan WHITEFORD and Jane (MAC)COSKRIE."
P1102,Jane MCCORKRIE,,,,,,,P1101,"She was married to Allen WHITFORD on 26 Nov 1847 in Wigtown, Whithorn."
P1104,John GARRACH OR GARRICK,,,,,,,P2047,"He was married to Elisa or Ester WHITEFORD on 19 Jan 1826 in Wigtown, Sorbie."
P1106,John LITTLE,,,,,,,P2049,"He was married to Elizabeth WHITEFORD on 4 Jan 1870 in Wigtown, Whithorn."
P1108,Jannet MCCLAVIN,,,,,,,P2051,"She was married to John WHITEFORD on 19 Mar 1844 in Wigtown, Whithorn."
P1110,Janet MCCLUMPHA,,,,,,,P2053,"She was married to John WHITEFORD on 19 Mar 1844 in Wigtown, Whithorn."
P1112,Agnes MCVAIN,,,,,,,P1866,She was married to William WHITEFORD in 1730 in Wigtown of Portpatrick. Children were: Mary WHITEFORD.
P1116,Margaret MILROY,,,,,,,P2058,"She was married to William WHITEFORD on 23 Jun 1840 in Wigtown, Whithorn. Children were: William WHITEFORD."
P1117,Agnes WHITEFORD,1866,,Rescobie,,P1118,P1127,,"was born on 26 Jun 1866 in Rescobie, Angus. Parents: Alexander WHITEFORD and Jean STEWART."
P1118,Alexander WHITEFORD,,,,,,,P1127,"He was married to Jean STEWART on 14 Nov 1858 in Forfar, Angus. He was married to Jean STEWART on 5 Dec 1858 in Dunnichen, Angus. Children were: Agnes WHITEFORD, Isabella WHITEFORD, John WHITEFORD, Jane Ann WHITEFORD, James Younger WHITEFORD, Betsy WHITEFORD, Ann Grant WHITEFORD, Helen WHITEFORD, Alexander WHITEFORD."
P1120,Alexander WHITEFORD,,,,,P2064,P2065,,"was christened on 1 Apr 1836 in Dunnichen, Angus. Parents: John WHITEFORD and Helen BAIN. Back Next"
P1123,Alexander WHITEFORD,1836,,Westport,,P3577,P3578,P1124,"was born in 1836 in Westport, Fife. He was a Blacksmith (Journeyman). Parents: Alexander WHITEFORD and Helen DEAN.He was married to Jane STEWART on 14 Nov 1858 in Free Church, Forfar, Fife."
P1124,Jane STEWART,1839,,Westport,,P3579,P3580,,"was born in 1839 in Westport, Fife, Scotand. Parents: John STEWART and Ann GRANT.She was married to Alexander WHITEFORD on 14 Nov 1858 in Free Church, Forfar, Fife."
P1125,Alexander WHITEFORD,1872,,Forfar,,P1118,P1127,,"was born on 2 Nov 1872 in Forfar, Angus. Parents: Alexander WHITEFORD and Jean STEWART."
P1127,Jean STEWART,,,,,,,P1118,"She was married to Alexander WHITEFORD on 14 Nov 1858 in Forfar, Angus. She was married to Alexander WHITEFORD on 5 Dec 1858 in Dunnichen, Angus. Children were: Agnes WHITEFORD, Isabella WHITEFORD, John WHITEFORD, Jane Ann WHITEFORD, James Younger WHITEFORD, Betsy WHITEFORD, Ann Grant WHITEFORD, Helen WHITEFORD, Alexander WHITEFORD."
P1128,Ann Grant WHITEFORD,1859,,Forfar,,P1118,P1127,,"was born on 7 Feb 1859 in Forfar, Angus. Parents: Alexander WHITEFORD and Jean STEWART."
P1137,Ann SMITH,,,,,,,P2076,"She was married to Robert WHITEFORD on 16 Mar 1856 in Coupar Angus, Angus. Children were: Helen WHITEFORD."
P1139,Elizabeth QUEEN,,,,,,,P1138,"She was married to Thomas WHITEFORD on 30 Sep 1849 in Montrose, Angus."
P1143,Alexander WHITEFORD,1870,,Whitburn,,P1144,P1145,,"was born on 26 Apr 1870 in Whitburn, West Lothian. Parents: James WHITEFORD and Elizabeth THOMSON."
P1144,James WHITEFORD,,,,,,,,"Children were: Alexander WHITEFORD , James WHITEFORD, Margaret WHITEFORD, Marion WHITEFORD."
P1145,Elizabeth THOMSON,,,,,,,,"Children were: Alexander WHITEFORD , James WHITEFORD, Margaret WHITEFORD, Marion WHITEFORD."
P1146,Andrew WHITEFORD,,,,,,,P1147,"He was married to Isabella KAY on 10 Dec 1824 in Kirkliston, West Lothian."
P1147,Isabella KAY,,,,,,,P1146,"She was married to Andrew WHITEFORD on 10 Dec 1824 in Kirkliston, West Lothian.She was married to Andrew WHITEFORD on 10 Dec 1824 in Kirkliston, West Lothian."
P1149,Janet PROVEN,,,,,,,P2088,"She was married to Edward WHITEFORD on 18 Nov 1864 in Kirkliston, West Lothian."
P1151,Christian WHITE,,,,,,,P2090,"She was married to James WHITEFORD on 26 Feb 1791 in Kirkliston, West Lothian."
P1153,Elisabeth PROVEN,,,,,,,P2092,"She was married to James WHITEFORD on 28 Jan 1817 in Ecclesmachan, West Lothian."
P1159,Mary MCMAHON,1863,,Whitburn,,,,,"was born on 16 Oct 1863 in Whitburn, West Lothian.She was married to Thomas WHITEFORD on 3 May 1858 in Whitburn, West Lothian. Children were: James WHITEFORD, Janet WHITEFORD."
P1161,Margaret WHITEFORD,,,,,,,P1162,"She was married to Thomas POTTER on 7 Jul 1814 in Ecclesmachon, West Lothian."
P1162,Thomas POTTER,,,,,,,P1161,"He was married to Margaret WHITEFORD on 7 Jul 1814 in Ecclesmachon, West Lothian.He was married to Margaret WHITEFORD on 7 Jul 1814 in Ecclesmachon, West Lothian."
P1163,Alexander WHITEFORD,,,,,P2028,P1165,,"was christened on 4 Oct 1843 in Forres, Moray. Parents: Hugh WHITEFORD and Jane SIMPSON."
P1165,Jane SIMPSON,,,,,,,P2028,"As noted in IGI Index, page 1107She was married to Hugh WHITEFORD on 2 Feb 1827 in Forres, Moray. As noted in IGI Index, page 1107 Children were: Hugh WHITEFORD, Alexander WHITEFORD, Mary WHITEFORD, William WHITEFORD, Helen WHITEFORD."
P1170,WHITEFORD,,,,,,,,"Children were: Mary WHITEFORD, George Alexander WHITEFORD, James WHITEFORD."
P1174,John WHITEFORD,,,,,P1175,P1176,,"was christened on 14 Jun 1824 in Forres, Moray. Parents: James WHITEFORD and Elizabeth SMITH."
P1175,James WHITEFORD,,,,,,,,Children were: John WHITEFORD .
P1176,Elizabeth SMITH,,,,,,,,Children were: John WHITEFORD.
P1177,John WHITEFORD,,,,,,,P1178,"He was married to Margaret GRAY on 22 Dec 1839 in Alves, Moray."
P1178,Margaret GRAY,,,,,,,P1177,"She was married to John WHITEFORD on 22 Dec 1839 in Alves, Moray.She was married to John WHITEFORD on 9 Jan 1840 in Forres, Moray.She was married to John WHITEFORD on 22 Dec 1839 in Alves, Moray.She was married to John WHITEFORD on 9 Jan 1840 in Forres, Moray."
P1179,John WHITEFORD,,,,,,,P1178,"He was married to Margaret GRAY on 9 Jan 1840 in Forres, Moray."
P1182,John STEWART,,,,,,,P2118,"He was married to Margaret WHITEFORD on 28 May 1856 in New Spynie, Moray."
P1185,Agnes LANG,,1717,,Old Kilpatrick,,,P2165,"She was married to John WHITEFORD on 11 Apr 1717 in Old Kilpatrick, Dumbartonshire, Scotland. She was married to John WHITEFORD on 11 Apr 1717 in Old Kilpatrick, Dumbarton. Children were: Ann WHITEFORD, Robert WHITEFORD ."
P1186,Ann Parker WHITEFORD,1874,,Old Kilpatrick,,P2124,,,"was born on 6 Jan 1874 in Old Kilpatrick, Dumbartonshire, Scotland. Parents: Elizabeth WHITEFORD."
P1188,Anne WHITEFORD,,,,,,,P1189,"She was married to Hugh BEITH on 6 Jan 1872 in Old Kilpatrick, Dumbartonshire, Scotland."
P1189,Hugh BEITH,,,,,,,P1188,"was born.He was married to Anne WHITEFORD on 6 Jan 1872 in Old Kilpatrick, Dumbartonshire, Scotland."
P1192,Elspet SHEIRER,,,,,,,P1191,"She was married to John WHITFOORD on 20 Aug 1694 in Old Kilpatrick, Dumbartonshire, Scotland. Children were: John WHITFOORD, Elisabeth WHITFOORD, Janet WHITFOORD, John WHITFOORD, Margarat WHITFOORD, Marion WHITFOORD."
P1198,Elisabeth WHITEFOORD,,,,,,,P1199,"She was married to William MORISEON on 27 Oct 1726 in Old Kilpatrick, Dumbartonshire, Scotland."
P1200,James WHITEFORD,1831,1831,Old Kilpatrick,Old Kilpatrick,P2696,P1942,,"was christened on 28 Oct 1831 in Old Kilpatrick, Dumbartonshire, Scotland. He was born on 28 Oct 1831 in Old Kilpatrick, Dumbartonshire, Scotland. Parents: William WHITEFORD and Ann PARKER."
P1203,Margaret WHITEFORD,1842,1842,Old Kilpatrick,Old Kilpatrick,P2696,P1942,,"was christened on 14 Aug 1842 in Old Kilpatrick, Dunbartonshire, Scotland. She was born on 14 Aug 1842 in Old Kilpatrick, Dunbartonshire, Scotland. Parents: William WHITEFORD and Ann PARKER."
P1204,Robert WHITEFORD,1834,1834,Old Kilpatrick,Old Kilpatrick,P2696,P1942,,"was christened on 28 Sep 1834 in Old Kilpatrick, Dunbartonshire, Scotland. He was born on 28 Sep 1834 in Old Kilpatrick, Dumbartonshire, Scotland. Parents: William WHITEFORD and Ann PARKER."
P1207,Janet WHITEFORD,,,,,,,P1208,"She was married to William MATSON on 28 Oct 1859 in Old Kilpatrick, Dumbartonshire, Scotland."
P1208,William MATSON,,,,,,,P1207,"He was married to Janet WHITEFORD on 28 Oct 1859 in Old Kilpatrick, Dumbartonshire, Scotland."
P1209,John WHITEFORD,,,,,,,P1210,"He was married to Violet PATERSON on 23 Nov 1874 in Old Kilpatrick, Dumbartonshire, Scotland."
P1210,Violet PATERSON,,,,,,,P1209,"She was married to John WHITEFORD on 23 Nov 1874 in Old Kilpatrick, Dumbartonshire, Scotland."
P1211,Joseph WHITEFORD,,,,,,,P1212,"He was married to Christina PATON on 14 Jul 1857 in Dumbarton, Luss."
P1212,Christina PATON,,,,,,,P1211,"She was married to Joseph WHITEFORD on 14 Jul 1857 in Dumbarton, Luss."
P1214,Robert BARTON,,,,,,,P1213,"He was married to Margarat WHITFOORD on 18 Oct 1732 in Old Kilpatrick, Dumbartonshire, Scotland."
P1215,Margaret WHITEFORD,,,,,,,P1216,"She was married to John MILLER on 27 Feb 1874 in Old Kilpatrick, Dumbartonshire, Scotland."
P1216,John MILLER,,,,,,,P1215,"He was married to Margaret WHITEFORD on 27 Feb 1874 in Old Kilpatrick, Dumbartonshire, Scotland."
P1217,Mary WHITEFORD,,,,,,,P1218,"She was married to Andrew LIDDELL on 9 Dec 1864 in Old Kilpatrick, Dumbartonshire, Scotland."
P1218,Andrew LIDDELL,,,,,,,P1217,"He was married to Mary WHITEFORD on 9 Dec 1864 in Old Kilpatrick, Dumbartonshire, Scotland."
P1219,Mary Bell WHITEFORD,1856,,Dumbarton,,P2155,P1221,,"was born in 1856 in Dumbarton, Dumbartonshire, Scotland. Parents: Andrew WHITEFORD and Eliza HENSHAW."
P1221,Eliza HENSHAW,,,,,,,P2155,She was married to Andrew WHITEFORD . Children were: Mary Bell WHITEFORD.
P1224,Elizabeth RONALD,,1851,,,,,P3782,"died before 1851. Deceased at the time of John Whiteford and Isabella Burnside marriageShe was married to James WHITEFORD on 20 Feb 1818 in Parish Church, Beith. Kirtsie Holt email 9652 Children were: James WHITEFORD, Mary WHITEFORD, Janet WHITEFORD, Elizabeth WHITEFORD, William WHITEFORD, Thomas WHITEFORD, John WHITEFORD, Jean WHITEFORD, John WHITEFORD."
P1227,Isabella HEGGIE,,,,,,,P1226,"She was married to William WHITEFORD on 4 Jun 1861 in Dumbarton, Row."
P1229,Jessie LIDDELL,,,,,,,P1228,"She was married to William WHITEFORD on 1 Dec 1871 in Old Kilpatrick, Dumbartonshire, Scotland."
P1230,Elizabeth WHITEFORD,1887,1966,Newton,Cheshire,P1237,P1236,,"was born about Jul 1887 in Newton, Hyde, Cheshire, England. She died about 1966 in Cheshire, England. Parents: John WHITEFORD and Lydia MOSS.She was married to John MARSHALL on 21 Jun 1916 in Rosemount Primative Methodist Church, Hyde, Cheshire, England."
P1231,Martha Ellen WHITEFORD,1882,,Cheshire,,P1237,P1236,,"was born about 1882 in Cheshire, England. Parents: John WHITEFORD and Lydia MOSS.She was married to George Robert Alfred BROWN on 21 Mar 1909 in Rosemount Primative Methodist Church, Hyde, Cheshire, England."
P1232,David WHITEFORD,1889,,Cheshire,,P1237,P1236,,"was born about 1889 in Cheshire, England. Parents: John WHITEFORD and Lydia MOSS.He was married to Kathryn UNKNOWN in Wales. Children were: Herbert WHITEFORD, Gladwyn WHITEFORD."
P1233,Margaret WHITEFORD,1895,1982,,,P1237,P1236,P3854,"was born in 1895. She immigrated after 1922 to New York, USA. She died in 1982. Parents: John WHITEFORD and Lydia MOSS.She was married to Allan KNOWLES on 11 Jun 1921 in Rosemount Primative Methodist Church, Hyde, Cheshire, England."
P1234,Herbert WHITEFORD,1905,1922,,,P1237,P1236,,was born in 1905. He died about 1922. Parents: John WHITEFORD and Lydia MOSS.
P1235,Kathryn UNKNOWN,,,,,,,P1232,"Nurse in Oswestry during !939-44 war, met husband there.She was married to David WHITEFORD in Wales. Children were: Herbert WHITEFORD, Gladwyn WHITEFORD."
P1237,John WHITEFORD,1859,1861,Edinburgh,Paisley,P1259,P1260,,"was born on 14 Feb 1859 in Edinburgh, Mid Lothian, Scotland. He appeared on the census in 1861 in Paisley, Renfrewshire, Scotland. Described as aged 2 years and born in Paisley. He appeared on the census in 1881 in Newton-in-Aston. Described as Head of Household, aged 22 years and married, a mechanic and born in Scotland. He died on 24 Jun 1910 in 1 Harding Street, Newton, Hyde, Cheshire, England. Described as a Tool Ftter, Journeyman on his Death Certificate which was witnessed by Lizzie Whitef"
P1238,Sarah WHITEFORD,1895,1944,,,,,,"was born on 5 Mar 1895. She died on 19 Jul 1944 in 11 Well Street, New Mills. Died of carcinoma of the breast."
P1239,Margaret Bennie WHITEFORD,1860,1931,Neilston,New Mills,P1243,P1242,P3855,"was born on 2 Jul 1860 in Neilston, Renfrewshire, Scotland. She died on 14 Feb 1931 in New Mills, Cheshire, England. Wesleyan Chapel Churchyard, New Mills - died Feb 14 1931 aged 70 Parents: John WHITEFORD and Isabella BURNSIDE.She was married to Abraham NORMAN on 26 Sep 1880 in Stockport, Cheshire. Children were: James NORMAN."
P1240,Herbert WHITEFORD,,1932,,Dukinfield,P1232,P1235,,"died about 1932 in Dukinfield, Hyde. Parents: David WHITEFORD and Kathryn UNKNOWN."
P1241,Gladwyn WHITEFORD,,1989,,Dukinfield,P1232,P1235,,"died about 1989 in Dukinfield, Hyde. Parents: David WHITEFORD and Kathryn UNKNOWN."
P1242,Isabella BURNSIDE,1833,1896,,,,,P1243,"was born on 2 Nov 1833. She died on 29 Apr 1896. 1881 census: At Chapel Street, Disley Stanley. This is now Newtown. Isabella Whiteford, head, W, 46, F, Grocer, SCT, Renfrew James Whiteford, son, U, 22, M, Iron turner a+, SCT, Renfrew William Whiteford, son, U, 19, M, Core maker, SCT, Renfrew Elizabeth Whiteford, daugh, U, 16, F, Cotton weaver, SCT, Renfrew John Whiteford, son, U, 14,M, Iron founders+, SCT, Renfrew Andrew Whiteford, son, -, 12, M, Iron founders+, CHS, Hyde Isabella Whiteford, da"
P1243,John WHITEFORD,1837,1896,,Hyde,P3782,P1224,P1242,"was born on 7 Jan 1837. He was a Steam Engine Fitter in 1873 in Newton, Hyde, Lancashire, England. He died on 29 Apr 1896 in Hyde, Lancashire, England. Steam engine fitter at time of R B Whiteford's birth. Parents: James WHITEFORD and Elizabeth RONALD.He was married to Isabella BURNSIDE on 26 Dec 1856 in Free Manse, Grahamston, Barrhead. neilston 572/1 Entry no 44 Children were: James WHITEFORD, Margaret Bennie WHITEFORD, William Burnside WHITEFORD, Elizabeth Ronald WHITEFORD , John WHITEFORD, A"
P1244,James WHITEFORD,1858,,Neilston,,P1243,P1242,P3814,"was born on 27 May 1858 in Neilston, Renfrewshire, Scotland. Parents: John WHITEFORD and Isabella BURNSIDE.He was married to Mary Jane TAYLOR ."
P1246,Elizabeth Ronald WHITEFORD,1865,1891,Neilston,Neilston,P1243,P1242,P3816,"was born on 16 Mar 1865 in Neilston, Renfrewshire, Scotland. She died on 23 May 1891 in Neilston, Renfrewshire, Scotland. Parents: John WHITEFORD and Isabella BURNSIDE.She was married to Edwin CLARKE on 1 Jan 1885 in Neilston, Renfrewshire, Scotland."
P1247,John WHITEFORD,1867,1952,Neilston,Neilston,P1243,P1242,P3817,"was born on 21 Feb 1867 in Neilston, Renfrewshire, Scotland. He died on 6 Mar 1952 in Neilston, Renfrewshire, Scotland. Parents: John WHITEFORD and Isabella BURNSIDE.He was married to Isabella BULLOCK."
P1248,Andrew WHITEFORD,1869,,Hyde,,P1243,P1242,,"was born on 10 Mar 1869 in Hyde, Lancashire, England. Parents: John WHITEFORD and Isabella BURNSIDE."
P1249,Isabella WHITEFORD,1871,,Hyde,,P1243,P1242,P3818,"was born on 19 Jun 1871 in Hyde, Lancashire, England. Parents: John WHITEFORD and Isabella BURNSIDE.She was married to Daniel NORMAN ."
P1250,Robert Burnside WHITEFORD,1873,1912,,New Mills,P1243,P1242,P1263,"was born on 12 Nov 1873 in 31 Victoria Street, Newton, Hyde, Lancashire, England. Registered as Robert Whiteford, omitting the 'Burnside'. He was a Bookkeeper on 15 Nov 1902. as described at time of marriage, living at High Lea Rd, New Mills. He resided 32 St Georges Rd. in 1912 in New Mills, Cheshire, England. as per applicatiuon for birth certificate for daughter Nellie. He was a Cashier on 9 Aug 1930. as per daughter Nellie's marriage certificate. He resided 2 Fairfield Ave. in 1957 in Bollin"
P1251,Archibald Thomas WHITEFORD,1876,1951,Chapel St,Stockport,P1243,P1242,P1264,"was born on 25 May 1876 in Chapel St, Newtown, Disley, Chester. He was a Cotton Operative in Jul 1944. He died on 3 Apr 1951 in Stockport, Cheshire. Died at 59a Shaw Heath as a result of Cerebral Degeneration and Arterio-scierosis, informant H.B. Whiteford, Burnside, Longlands Rd, New Mills. He was buried post 3 apr 1951 in Weslyan Chapel, New Mills. Cotton operative at time of Sarah's death. Died of Cerebral Degeneration & arterio-sclerosis, informant H.B. Whiteford, Burnside, Longlands Road, N"
P1252,Malcolm WHITEFORD,1878,,Chapel St,,P1243,P1242,,"was born on 25 Mar 1878 in Chapel St, Newtown, Disley, Chester. Parents: John WHITEFORD and Isabella BURNSIDE."
P1253,Mary WHITEFORD,1862,,Feb 1862 in Calton,,P1259,P1260,,"was born in Feb 1862 in Calton, Glasgow, Lanarkshire, Scotland. Parents: James WHITEFORD and Martha HART."
P1256,Margaret WHITEFORD,1829,,,,,,,was born on 9 Apr 1829.
P1257,Mary WHITEFORD,1834,,,,,,,was born on 2 Mar 1834.
P1258,Marion WHITEFORD,1836,,,,,,,was born on 26 Aug 1836.
P1259,James WHITEFORD,1819,1851,Beith,Paisley,P3782,P1224,P1260,"was born on 10 Apr 1819 in Beith, Ayrshire, Scotland. He appeared on the census in 1851 in Paisley, Renfrewshire, Scotland. Described as a Joiner and Machine Maker living at Snodgrass Lane. He appeared on the census in 1861 in Calton, Glasgow, Lanarkshire, Scotland. Described as aged 42, born in Beith. Parents: James WHITEFORD and Elizabeth RONALD.He was married to Martha HART on 7 Apr 1839 in Paisley High , Renfrewshire, Scotland. Children were: Elizabeth WHITEFORD, Martha WHITEFORD, James WHIT"
P1260,Martha HART,1819,,Abbey,Paisley,,,P1259,"was born about 1819 in Abbey. She appeared on the census in 1861 in Paisley, Renfrewshire, Scotland. Described as aged 42 and born in Paisley. She was married to James WHITEFORD on 7 Apr 1839 in Paisley High , Renfrewshire, Scotland. Children were: Elizabeth WHITEFORD, Martha WHITEFORD, James WHITEFORD, William WHITEFORD, Thomas WHITEFORD, Helen WHITEFORD, John WHITEFORD, Mary WHITEFORD, James WHITEFORD."
P1261,Nellie WHITEFORD,1903,,New Mills,his will,P1250,P1263,P1262,"was born on 13 Nov 1903 in New Mills, Cheshire, England. at 32 St. Georges Rd. She resided 48 Hall St. in Aug 1930 in New Mills, Cheshire, England. Daughter of RBWhiteford, left his estate in his will. Lived at 48 Hall Street, New Mills at time of marriage. Marriage witnessed by Robert B Whiteford and Arthur S Lomax. Born at 20 High Lea, New Mills (1903) Parents: Robert Burnside WHITEFORD and Sarah Elizabeth BOTTOMS.She was married to Leslie Bolton HADFIELD on 9 Aug 1930. Witnessed by Robert B. "
P1262,Leslie Bolton HADFIELD,1902,,Furness Vale,,,,P1261,"was born on 17 Dec 1902 in Furness Vale, Yeardsley cum Whaley. Junior Partner Lived at 19 Buxton Road, Furness Vale at time of marriage. He was married to Nellie WHITEFORD on 9 Aug 1930. Witnessed by Robert B. Whiteford and Arthur S. Lomax."
P1263,Sarah Elizabeth BOTTOMS,,1952,,Newhouse Hill Chapel,,,P1250,"died on 24 Aug 1952 in 2 Fairfield Ave, Bollington. Died at 2 Fairfield Av, Bollington. Wife of RBWhiteford. LB Hadfield son inlaw certified reported deathShe was married to Robert Burnside WHITEFORD on 15 Nov 1902 in Newhouse Hill Chapel, Mellor, Cheshire, England. Children were: Nellie WHITEFORD ."
P1264,Sarah BENNETT,1895,1944,,,,,P1251,"was born on 5 Mar 1895. She died on 19 Jul 1944. Live at Eaves Knowl RAod, New Mills on marriage Warper towel millShe was married to Archibald Thomas WHITEFORD on 9 Apr 1938 in Mount Pleasant Methodist Church. Children were: Leslie WHITEFORD."
P1265,Leslie WHITEFORD,,,,,P1251,P1264,,Parents: Archibald Thomas WHITEFORD and Sarah BENNETT.
P1266,Mary WHITEFORD,1821,1821,Beltrees,,P3782,P1224,,"was born on 5 Feb 1821 in Beltrees, Lochwinnoch, Renfrewshire, Scotland. She was baptised on 18 Feb 1821. Parents: James WHITEFORD and Elizabeth RONALD."
P1267,Janet WHITEFORD,1823,1823,Paisley,,P3782,P1224,,"was born on 28 May 1823 in Paisley, Renfrewshire, Scotland. She was baptised on 17 Jul 1823. Parents: James WHITEFORD and Elizabeth RONALD."
P1268,Elizabeth WHITEFORD,1825,,Paisley,,P3782,P1224,,"was born on 1 May 1825 in Paisley, Renfrewshire, Scotland. Parents: James WHITEFORD and Elizabeth RONALD."
P1270,John WHITEFORD,1832,1832,Paisley High,Paisley High,P3782,P1224,,"was born on 5 Sep 1832 in Paisley High, Renfrewshire, Scotland. He was baptised on 30 Sep 1832. He died before 7 Jan 1837 in Paisley High, Renfrewshire, Scotland. Parents: James WHITEFORD and Elizabeth RONALD."
P1271,Jean WHITEFORD,1835,1835,Paisley High,,P3782,P1224,,"was born on 20 Jan 1835 in Paisley High, Renfrewshire, Scotland. She was baptised on 8 Mar 1835. Parents: James WHITEFORD and Elizabeth RONALD."
P1272,Margaret SMITH,1831,,,,,,P1222,"was born about 1831. Marriage of: Thomas Whiteford age 22 machinist of 39, Canal St High Parish Paisley to Margaret Smith age 21, of 17 Thread St.She was married to Thomas WHITEFORD on 4 Dec 1852 in High Parish Paisley. Children were: James WHITEFORD, Thomas WHITEFORD, Jane Smith WHITEFORD, Elizabeth Ronald WHITEFORD , Joan WHITEFORD, Catherine Smith WHITEFORD."
P1286,Elizabeth WHITEFORD,1840,,Paisley High,,P1259,P1260,,"was born about 1840 in Paisley High, Renfrewshire, Scotland. Parents: James WHITEFORD and Martha HART."
P1287,Martha WHITEFORD,1842,,Paisley High,,P1259,P1260,,"was born about Dec 1842 in Paisley High, Renfrewshire, Scotland. Parents: James WHITEFORD and Martha HART."
P1288,James WHITEFORD,1845,1861,Paisley High,Paisley,P1259,P1260,,"was born about 1845 in Paisley High, Renfrewshire, Scotland. He appeared on the census in 1861 in Paisley, Renfrewshire, Scotland. Described as aged 17 years and born in Paisley. He died before 22 Jul 1864. Parents: James WHITEFORD and Martha HART."
P1291,Helen WHITEFORD,1854,1857,Neilston,Grahamstown,P1259,P1260,,"was born about Jun 1854 in Neilston, Renfrewshire, Scotland. She died on 8 Dec 1857 in Grahamstown. Parents: James WHITEFORD and Martha HART."
P1294,Jane Smith WHITEFORD,1862,,Paisley Abbey,,P1222,P1272,,"was born on 16 Apr 1862 in Paisley Abbey, Renfreshire, Scotland. Parents: Thomas WHITEFORD and Margaret SMITH."
P1295,Elizabeth Ronald WHITEFORD,1865,,Paisley Abbey,,P1222,P1272,,"was born on 11 Feb 1865 in Paisley Abbey, Renfreshire, Scotland. Parents: Thomas WHITEFORD and Margaret SMITH."
P1296,Joan WHITEFORD,1867,,Paisley Abbey,,P1222,P1272,,"was born on 15 Jun 1867 in Paisley Abbey, Renfreshire, Scotland. Parents: Thomas WHITEFORD and Margaret SMITH."
P1297,Catherine Smith WHITEFORD,1869,,Paisley Abbey,,P1222,P1272,,"was born on 6 Nov 1869 in Paisley Abbey, Renfreshire, Scotland. Parents: Thomas WHITEFORD and Margaret SMITH."
P1300,John Wilberforce SADLER,1854,1935,Ormstown,Saskatoon,,,P1810,"was born on 3 Aug 1854 in Ormstown, Canada East. He died on 3 Mar 1935 in Saskatoon, Saskatchewan. He was christened in Woodlawn cemetary, Saskatoon.He was married to Agnes WHITEFORD on 6 Jun 1877 in St. Paul's, Ormstown, Quebec. Children were: George Wilberforce SADLER, Forrest Edward SADLER , Mary Alice SADLER, Mable Agnes SADLER, Florence Elizabeth SADLER, Eva Jean SADLER, Walter John SADLER, Wesley Radford SADLER, Lemuel SADLER."
P1311,Mary MEIKLE,1848,1925,Ayrshire,Ormstown,,,P1813,"was born in 1848 in Ayrshire, Scotland. She died in 1925 in Ormstown, Quebec.She was married to Robert WHITEFORD on 6 Jun 1877 in Ormstown, Quebec. Children were: Robert Wallace WHITEFORD, James WHITEFORD."
P1312,Margaret Jane MCCORMICK,1850,1940,Allans Corners,Ormstwon,,,P1814,"was born on 12 Jun 1850 in Allans Corners, Canada East. She died on 6 May 1940 in Ormstwon, Quebec. She was also known as Maggie.She was married to John WHITEFORD on 21 Jun 1882 in Ormstown, Quebec. Children were: Mary Barbara WHITEFORD, Agnes Janet WHITEFORD, Flora Christina WHITEFORD , Catherine WHITEFORD."
P1314,Susan DOUBLES,1867,1963,,,,,P1817,"was born in 1867. She died in 1963.She was married to James WHITEFORD on 15 Oct 1899. Children were: William WHITEFORD, Mary Sangster WHITEFORD."
P1315,Ann Jane SADLER,1870,,,,,,P1818,"was born on 14 Jun 1870 in USA. She was also known as Jennie. She was married to David WHITEFORD on 7 Jan 1891 in Ormstown Methodist, Quebec. Children were: Stanley Lawrence WHITEFORD, Ruth Irene WHITEFORD."
P1317,David WHITEFORD,1823,,Lower Canada,Klondyke,P1320,P1322,,"was born about 1823 in Lower Canada. He died in Klondyke, Yukon Territory. Parents: Robert WHITEFORD and Margaret LENNOX."
P1318,Agnes WHITEFORD,1826,1826,Montreal,Lower Canada,P1320,P1322,,"was born on 2 Aug 1826 in Montreal, Lower Canada. She died on 20 Aug 1826 in Lower Canada. Parents: Robert WHITEFORD and Margaret LENNOX. Back Next"
P1319,Margaret WHITEFORD,,,,,P1320,P1322,P4024,Parents: Robert WHITEFORD and Margaret LENNOX.She was married to John MORRISON .
P1320,Robert WHITEFORD,1782,1782,Burnshill,Burnshill,P1324,P1325,P1322,"was born on 28 Mar 1782 in Burnshill, Stewarton, Beath, Ayrshire, Scotland. He was christened on 31 Mar 1782 in Burnshill, Stewarton, Ayrshire, Scotland. He immigrated in 1823 to Chateaugay Valley, Quebec, Canada. He died before May 1839 in Lower Canada. Parents: Robert WHITEFORD and Janet FAIRLY.He was married to Margaret LENNOX on 21 Jan 1812 in Ochiltree, Ayrshire, Scotland. Children were: Jannet WHITEFORD, Jane WHITEFORD, Robert WHITEFORD, David WHITEFORD, Agnes WHITEFORD, Margaret WHITEFORD"
P1321,Jannet WHITEFORD,1816,1862,Scotland,,P1320,P1322,,"was born about 1816 in Scotland. She died on 11 Feb 1862 in St. Louis de Gonzaque, Canada East. Parents: Robert WHITEFORD and Margaret LENNOX."
P1322,Margaret LENNOX,1786,1856,Bent,Ormstown,,,P1320,"was born about 21 May 1786 in Bent, Ochiltree, Ayrshire, Scotland. She died on 3 Oct 1856 in Ormstown, Canada East.She was married to Robert WHITEFORD on 21 Jan 1812 in Ochiltree, Ayrshire, Scotland. Children were: Jannet WHITEFORD, Jane WHITEFORD, Robert WHITEFORD, David WHITEFORD, Agnes WHITEFORD, Margaret WHITEFORD."
P1323,Jane WHITEFORD,1818,,Scotland,,P1320,P1322,P3989,"was born about 1818 in Scotland. Parents: Robert WHITEFORD and Margaret LENNOX.She was married to Neil MCEWEN on 10 Oct 1839 in Ormstown Presbyterian Church, Quebec. Children were: John MCEWEN , Robert MCEWEN, Grace MCEWEN , Gilbert MCEWEN, Margaret MCEWEN, Neil MCEWEN, David MCEWEN, Jane Maria MCEWEN, Alexander MCEWEN, Janet Alexander MCEWEN, Christina MCEWEN, James MCEWEN."
P1324,Robert WHITEFORD,,,,,,,,"of Auchentiber.Children were: David WHITEFORD, Robert WHITEFORD."
P1325,Janet FAIRLY,,,,,,,,"Children were: David WHITEFORD, Robert WHITEFORD."
P1326,David WHITEFORD,1775,1775,Auchentiber,Beith,P1324,P1325,,"was born on 22 Oct 1775 in Auchentiber, Beith, Ayrshire, Scotland. He was christened on 29 Oct 1775 in Beith, Ayrshire, Scotland. He immigrated in 1823 to Chateaugay Valley, Quebec, Canada. He died on 3 Oct 1851 in Ormstown, Canada East. Parents: Robert WHITEFORD and Janet FAIRLY."
P1327,McEwen,,,,,,,,
P1328,Robert Wallace WHITEFORD,1878,,Ormstown,,P1813,P1311,P4010,"was born on 28 Jan 1878 in Ormstown, Quebec. Parents: Robert WHITEFORD and Mary MEIKLE.He was married to MCEWEN.He was married to ARMOUR."
P1329,James WHITEFORD,1881,,Allan's Corners,,P1813,P1311,,"was born on 1 Nov 1881 in Allan's Corners, Quebec. Parents: Robert WHITEFORD and Mary MEIKLE."
P1330,George Wilberforce SADLER,,,,,P1300,P1810,,Parents: John Wilberforce SADLER and Agnes WHITEFORD.
P1331,Forrest Edward SADLER,,,,,P1300,P1810,,Parents: John Wilberforce SADLER and Agnes WHITEFORD.
P1332,Mary Alice SADLER,,,,,P1300,P1810,,Parents: John Wilberforce SADLER and Agnes WHITEFORD.
P1333,Mable Agnes SADLER,,,,,P1300,P1810,,Parents: John Wilberforce SADLER and Agnes WHITEFORD.
P1334,Florence Elizabeth SADLER,,,,,P1300,P1810,,Parents: John Wilberforce SADLER and Agnes WHITEFORD.
P1335,Eva Jean SADLER,,,,,P1300,P1810,,Parents: John Wilberforce SADLER and Agnes WHITEFORD.
P1336,Walter John SADLER,,,,,P1300,P1810,,Parents: John Wilberforce SADLER and Agnes WHITEFORD.
P1337,Wesley Radford SADLER,,,,,P1300,P1810,,Parents: John Wilberforce SADLER and Agnes WHITEFORD.
P1338,Lemuel SADLER,,,,,P1300,P1810,,Parents: John Wilberforce SADLER and Agnes WHITEFORD.
P1339,Mary Barbara WHITEFORD,1883,1976,Ormstown,Ormstown,P1814,P1312,P4012,"was born on 21 Apr 1883 in Ormstown, Quebec. She died on 27 Oct 1976 in Ormstown, Quebec. Parents: John WHITEFORD and Margaret Jane MCCORMICK.She was married to John MCNEIL on 9 May 1906 in Ormstown, Quebec. Children were: Hazel MCNEIL, Willa Barbara MCNEIL."
P1340,Agnes Janet WHITEFORD,1885,1952,Ormstown,Ormstown,P1814,P1312,P1343,"was born on 7 Jul 1885 in Ormstown, Quebec. She died on 20 Jul 1952 in Ormstown, Quebec. Parents: John WHITEFORD and Margaret Jane MCCORMICK.She was married to James Edgar MCKELL on 10 Jul 1908 in Ormstown, Quebec. Children were: Gladys Christina MCKELL, Margaret Martha MCKELL, Arnold Matthew MCKELL , Luell Agnes MCKELL, John Whiteford MCKELL, Harvey Edgar MCKELL, Mildred Mary Elizabeth MCKELL, hiram Archibald McCormick MCKELL, Thyra Jean MCKELL."
P1341,Flora Christina WHITEFORD,1888,,Ormstown,,P1814,P1312,P4015,"was born on 21 Jan 1888 in Ormstown, Quebec. Parents: John WHITEFORD and Margaret Jane MCCORMICK.She was married to Adam Arthur MCNEIL on 13 Jul 1910. Children were: Carmen Christina MCNEIL, Mamie MCNEIL, Beryl MCNEIL.Back Next"
P1342,Catherine WHITEFORD,1889,1889,Ormstown,Ormstown,P1814,P1312,,"was born on 11 May 1889 in Ormstown, Quebec. She died on 11 Jul 1889 in Ormstown, Quebec. Parents: John WHITEFORD and Margaret Jane MCCORMICK."
P1343,James Edgar MCKELL,,,,,,,P1340,"He was married to Agnes Janet WHITEFORD on 10 Jul 1908 in Ormstown, Quebec. Children were: Gladys Christina MCKELL, Margaret Martha MCKELL , Arnold Matthew MCKELL, Luell Agnes MCKELL, John Whiteford MCKELL, Harvey Edgar MCKELL, Mildred Mary Elizabeth MCKELL , hiram Archibald McCormick MCKELL, Thyra Jean MCKELL."
P1344,Gladys Christina MCKELL,,,,,P1343,P1340,,Parents: James Edgar MCKELL and Agnes Janet WHITEFORD.
P1345,Margaret Martha MCKELL,,,,,P1343,P1340,,was also known as Marna. Parents: James Edgar MCKELL and Agnes Janet WHITEFORD .
P1346,Arnold Matthew MCKELL,,,,,P1343,P1340,,Parents: James Edgar MCKELL and Agnes Janet WHITEFORD.
P1347,Luell Agnes MCKELL,,,,,P1343,P1340,,Parents: James Edgar MCKELL and Agnes Janet WHITEFORD.
P1348,John Whiteford MCKELL,,,,,P1343,P1340,,Parents: James Edgar MCKELL and Agnes Janet WHITEFORD.
P1349,Harvey Edgar MCKELL,,,,,P1343,P1340,,Parents: James Edgar MCKELL and Agnes Janet WHITEFORD.
P1350,Mildred Mary Elizabeth MCKELL,,,,,P1343,P1340,,Parents: James Edgar MCKELL and Agnes Janet WHITEFORD.
P1351,hiram Archibald McCormick MCKELL,,,,,P1343,P1340,,Parents: James Edgar MCKELL and Agnes Janet WHITEFORD.
P1352,Thyra Jean MCKELL,,,,,P1343,P1340,,Parents: James Edgar MCKELL and Agnes Janet WHITEFORD.
P1353,Myrtle Vinette WHITEFORD,1965,1965,Shoal Lake,North Vancouver,P1815,P1313,P4019,"died on 29 Aug 1965 in North Vancouver, B.C.. She was born on 19 Nov 1965 in Shoal Lake, Manitoba. Parents: Lennox WHITEFORD and Sarah Anne OLIVER.She was married to William Anderson KINNIGBURGH."
P1354,Olive Agnes WHITEFORD,1894,1977,Molden,Vancouver,P1815,P1313,,"was born on 27 Jan 1894 in Molden, Manitoba. She died on 1 Dec 1977 in Vancouver, B.C.. Parents: Lennox WHITEFORD and Sarah Anne OLIVER."
P1355,Lenora Jean WHITEFORD,1901,1982,Manitou,Vancouver,P1815,P1313,,"was born on 22 May 1901 in Manitou, MAnitoba. She died on 17 Aug 1982 in Vancouver, B.C.. Parents: Lennox WHITEFORD and Sarah Anne OLIVER."
P1357,Mary Sangster WHITEFORD,,,,,P1817,P1314,,Parents: James WHITEFORD and Susan DOUBLES.
P1358,Stanley Lawrence WHITEFORD,1893,1957,Ormstown,,P1818,P1315,P1360,"was born on 22 Nov 1893 in Ormstown, Quebec. He died on 21 Aug 1957. Parents: David WHITEFORD and Ann Jane SADLER.He was married to Erma DE SALLE BROWNEWELL on 27 Jun 1917. Children were: June Irene WHITEFORD, George Lawrence WHITEFORD, David Robert WHITEFORD."
P1359,Ruth Irene WHITEFORD,,,,,P1818,P1315,,Parents: David WHITEFORD and Ann Jane SADLER.
P1360,Erma DE SALLE BROWNEWELL,,,,,,,P1358,"She was married to Stanley Lawrence WHITEFORD on 27 Jun 1917. Children were: June Irene WHITEFORD, George Lawrence WHITEFORD , David Robert WHITEFORD."
P1361,June Irene WHITEFORD,1918,,Canton,,P1358,P1360,P4022,"was born on 28 Apr 1918 in Canton, Ohio. Parents: Stanley Lawrence WHITEFORD and Erma DE SALLE BROWNEWELL .She was married to James B. THURIN."
P1362,George Lawrence WHITEFORD,1922,,,,P1358,P1360,P4023,was born on 15 Jul 1922. Parents: Stanley Lawrence WHITEFORD and Erma DE SALLE BROWNEWELL .He was married to Elaine Claire RAYMOND.
P1363,David Robert WHITEFORD,1928,,,,P1358,P1360,P1364,was born on 9 Aug 1928. Parents: Stanley Lawrence WHITEFORD and Erma DE SALLE BROWNEWELL .He was married to Margaret Ann MURRAY on 9 Feb 1950.
P1367,UNKNOWN,,,,,,,,Children were: Ann WHITFORD.
P1369,James WHITEFORD,,,,,,,,Children were: James William WHITFORD .
P1370,Ellen BREWSTER,,,,,,,,Children were: James William WHITFORD .
P1372,Margaret QUINTON,,,,,,,P1371,"She was married to Francis WHITFORD on 29 Jun 1846 in Enniskillen, Fermanagh."
P1375,Catherine,,,,,,,,Children were: John WHITFORD.
P1378,Martha,,,,,,,,Children were: Mary Jane WHITFORD.
P1381,Mary JOHNSTON,,,,,,,,Children were: Harriet WHYTFRED.
P1384,Mary Jane HITT,,,,,,,,Children were: William James WHITEFORD .
P1385,Francis WHITEFORD,,,,,,,P1386,"He was married to Mary REARDON on 28 Dec 1800 in Ballyhay, Cork."
P1386,Mary REARDON,,,,,,,P1385,"She was married to Francis WHITEFORD on 28 Dec 1800 in Ballyhay, Cork."
P1389,Anne EDWARDS,,,,,,,,Children were: Frederick Swanwick Paulle WHITFORD.
P1390,Alexander WHITEFORD,,,,,,,P1391,"He was married to Mary Anne BEGGS on 16 Jun 1856 in Raloo, County Antrim."
P1391,Mary Anne BEGGS,,,,,,,P1390,"She was married to Alexander WHITEFORD on 16 Jun 1856 in Raloo, County Antrim."
P1392,Alexander WHITEFORD,1864,,Larne,,P1393,P1394,,"was born on 16 Sep 1864 in Larne, County Antrim. Parents: Samuel WHITEFORD and Susanna BOYD."
P1393,Samuel WHITEFORD,,,,,,,,Children were: Alexander WHITEFORD .
P1394,Susanna BOYD,,,,,,,,Children were: Alexander WHITEFORD.
P1398,Ellen WHITEFORD,,,,,P1399,P1400,,"was christened on 27 Apr 1816 in Ballymoney, County Antrim. Parents: James WHITEFORD and Margaret ."
P1399,James WHITEFORD,,,,,,,,Children were: Ellen WHITEFORD .
P1400,Margaret,,,,,,,,Children were: Ellen WHITEFORD.
P1401,James Henry Price WHITEFORD,1867,,Carrickfergus,,P1396,P1397,,"was born on 2 Feb 1867 in Carrickfergus, County Antrim. Parents: James WHITFORD and Jane WILSON."
P1403,Ann REILLY,,,,,,,P1402,"She was married to John WHITFORD on 2 Sep 1845 in Carrickfergus, County Antrim. Alterative entry states marrage at Larne Children were: Mary Anne WHITEFORD."
P1404,Matthew WHITEFORD,,,,,,,P1417,"He was married to Mary GRAY on 19 Jan 1810 in Templepatrick, County Antrim."
P1405,Mary Anne WHITEFORD,1867,,Carrickfergus,,P1402,P1403,,"was born on 25 Jul 1867 in Carrickfergus, County Antrim. Parents: John WHITFORD and Ann REILLY."
P1406,Margaret WHITEFORD,,,,,P1407,P1408,,"was christened on 25 Oct 1812 in Carnmoney, County Antrim. Parents: Thomas WHITEFORD and UNKNOWN ."
P1408,UNKNOWN,,,,,,,,"Children were: Margaret WHITEFORD, Robert WHITEFORD, Thomas WHITEFORD."
P1409,Martha WHITEFORD,,,,,,,P1410,"She was married to Robert MCCLEAN on 29 Oct 1829 in Larne, County Antrim."
P1410,Robert MCCLEAN,,,,,,,P1409,"He was married to Martha WHITEFORD on 29 Oct 1829 in Larne, County Antrim."
P1412,Henry HAMILL,,,,,,,P1411,"He was married to Mary WHITFORD on 26 Aug 1845 in Carrickfergus, County Antrim."
P1413,Mary WHITEFORD,,,,,,,P1414,"She was married to Robert MILFORD on 9 Oct 1864 in Presbyterian Churh, Ballylinny, County Antrim."
P1414,Robert MILFORD,,,,,,,P1413,"He was married to Mary WHITEFORD on 9 Oct 1864 in Presbyterian Churh, Ballylinny, County Antrim."
P1415,Mary WHITEFORD,,,,,,,P1416,"She was married to Alexander MCCARROLL on 4 Dec 1869 in Ballymena, County Antrim."
P1416,Alexander MCCARROLL,,,,,,,P1415,"He was married to Mary WHITEFORD on 4 Dec 1869 in Ballymena, County Antrim."
P1417,Mary GRAY,,,,,,,P1404,"She was married to Matthew WHITEFORD on 19 Jan 1810 in Templepatrick, County Antrim."
P1418,Matthew WHITEFORD,1864,,Belfast,,P1419,P1420,,"was born on 19 Mar 1864 in Belfast, County Antrim. Parents: Samuel WHITEFORD and Isabella DAVISON."
P1419,Samuel WHITEFORD,,,,,,,,Children were: Matthew WHITEFORD .
P1420,Isabella DAVISON,,,,,,,,Children were: Matthew WHITEFORD.
P1421,Robert WHITEFORD,,,,,P1407,P1408,,"was christened on 23 Oct 1814 in Carnmoney, County Antrim. Parents: Thomas WHITEFORD and UNKNOWN ."
P1422,Sarah Jane WHITEFORD,1845,,Kirkinriola,,P1423,P1424,,"was born on 28 Dec 1845 in Kirkinriola, Ballymena, County Antrim. Parents: John WHITEFORD and Rose Jane DOUGLASS."
P1423,John WHITEFORD,,,,,,,,Children were: Sarah Jane WHITEFORD .
P1424,Rose Jane DOUGLASS,,,,,,,,Children were: Sarah Jane WHITEFORD .
P1428,Ellen LYLE,,,,,,,P1427,"She was married to William John WHITFORD on 11 Jan 1861 in Raloo, County Antrim."
P1439,John WHITEFORD,,1882,,Chateaugay,,,P1440,"He was married to Margaret MCCORMMICK on 21 Jun 1882 in Chateaugay, Ormstown, Quebec, Canada."
P1440,Margaret MCCORMMICK,,,,,,,P1439,"She was married to John WHITEFORD on 21 Jun 1882 in Chateaugay, Ormstown, Quebec, Canada."
P1441,Emma WHITEFORD,,,,,,,P1442,"She was married to Severe LEMAITRE on 13 Oct 1875 in st. Maurice, Trois-Riviers, Quebec, Canada."
P1442,Severe LEMAITRE,,,,,,,P1441,"He was married to Emma WHITEFORD on 13 Oct 1875 in st. Maurice, Trois-Riviers, Quebec, Canada."
P1446,Jacob KINZEYY,,,,,,,P1445,"He was married to Jane WHITFORD in 1861 in Waterloo, Ontario, Canada."
P1447,Margaret WHITEFORD,1849,,Guelph,,,,,"was born on 7 Oct 1849 in Guelph, Ontario, Canada. Back Next"
P1448,Margaret WHITEFORD,,,,,,,P1449,"She was married to Alexander STEPHEN on 1 Mar 1867 in Bruce, Ontario, Canada."
P1449,Alexander STEPHEN,,,,,,,P1448,"He was married to Margaret WHITEFORD on 1 Mar 1867 in Bruce, Ontario, Canada."
P1450,Marion WHITEFORD,1852,,Grey,,,,,"was born on 14 Dec 1852 in Grey, Allen Park, Ontario, Canada."
P1451,Mary Anne WHITEFORD,1855,,Grey,,,,,"was born on 31 Oct 1855 in Grey, Allen Park, Ontario, Canada."
P1455,Christina,,,,,,,,"Children were: Isabella WHITFORD, Emma WHITFORD, Christy WHITFORD, Charles WHITFORD, Ann WHITFORD, Alexander WHITFORD, Catharine WHITFORD, John WHITFORD, Magnus WHITFORD, Margaret WHITFORD, Peter WHITFORD."
P1457,James WHITEFORD,,,,,,,,Children were: Andrew WHITFORD .
P1458,Mary,,,,,,,,Children were: Andrew WHITFORD. Next
P1470,John SPENCE,,,,,,,P1469,"He was married to Charlotte WHITFORD on 11 Sep 1848 in Winnepeg, Manitoba, Canada."
P1473,Mary,,,,,,,,"Children were: Francis WHITFORD , Donald WHITFORD, John WHITFORD , Mary WHITFORD, Peter WHITFORD , Philip WHITFORD, Sally WHITFORD, Jane WHITFORD, Margaret WHITFORD."
P1482,?,,,,,,,,Children were: James WHITFORD.
P1484,Mary SPENCE,,,,,,,P1483,"She was married to James WHITFORD on 27 Nov 1820 in Winnepeg, Manitoba, Canada."
P1487,Mary ?,,,,,,,,Children were: James WHITFORD.
P1490,Mary ?,,,,,,,,Children were: James WHITFORD.
P1493,Charlotte ?,,,,,,,,Children were: James WHITFORD.
P1496,Samuel SPENCE,,,,,,,P1495,"He was married to Jane WHITFORD on 17 May 1838 in Winnepeg, Manitoba, Canada."
P1497,Lennox WHITEFORD,,,,,,,P1498,"He was married to Sarah Ann OLIVER on 28 Dec 1887 in Dufferin, Morsen, Winnepeg, Manitoba, Canada. Children were: Lenora Jean WHITEFORD, Myrtle Vinette WHITEFORD, Olive Agnes WHITEFORD."
P1499,Lenora Jean WHITEFORD,1901,,Manitou,,P1497,P1498,,"was born on 22 May 1901 in Manitou, Winnepeg, Canada. Parents: Lennox WHITEFORD and Sarah Ann OLIVER."
P1500,Myrtle Vinette WHITEFORD,1890,,Shoal Lake,,P1497,P1498,,"was born on 19 Nov 1890 in Shoal Lake, Manitoba, Canada. Parents: Lennox WHITEFORD and Sarah Ann OLIVER."
P1501,Olive Agnes WHITEFORD,1894,,Molden,,P1497,P1498,,"was born on 27 Jan 1894 in Molden, Manitoba, Canada. Parents: Lennox WHITEFORD and Sarah Ann OLIVER."
P1504,Charlotte ?,,,,,,,,"Children were: Magnus WHITFORD, Nancy WHITFORD."
P1507,Marguerite WHITEFORD,1798,,,,P1508,P1509,,"was born in 1798 in St.Johns, Manitoba, Canada. Parents: James Peter WHITFORD and ?.She was married to George FLETT on 7 Dec 1823 in Red River, Manitoba, Canada.Back Next"
P1509,?,,,,,,,,Children were: Marguerite WHITEFORD.
P1510,George FLETT,,,,,,,P1507,"He was married to Marguerite WHITEFORD on 7 Dec 1823 in Red River, Manitoba, Canada."
P1511,?,,,,,,,,Children were: Peggy WHITFORD.
P1514,Christy SPENCE,,,,,,,P1513,"She was married to Peter WHITFORD on 27 Nov 1820 in Winnepeg, Manitoba, Canada."
P1517,Augusta ?,,,,,,,,Children were: Samuel WHITFORD.
P1520,Ellen ?,,,,,,,,Children were: Sarah WHITFORD.
P1523,Christy ?,,,,,,,,Children were: Simon WHITFORD.
P1525,Maria SPENCE,,,,,,,P1524,"She was married to Simon WHITFORD on 12 Dec 1850 in Winnepeg, Manitoba, Canada."
P1528,Sophia ANDERSON,,,,,,,P1527,"She was married to Joseph WHITFORD on 12 Mar 1849 in St. Stephen Anglican Ch, Lunenburg, Chester, Nova Scotia, Canada. Children were: Adelaide Elizabeth WHITFORD , Hugh Thomas WHITFORD, Anna Sophia WHITFORD, Grace Louisa WHITFORD, Hibbert Binney WHITFORD, Ida lucretta WHITFORD."
P1536,Ann ?,,,,,,,,"Children were: Andrew Foster WHITFORD, Thomas Richard WHITFORD."
P1539,Susan MILLETT,,,,,,,P1538,"She was married to David WHITFORD on 17 Sep 1844 in Lunenburg, Chester, Nova Scotia, Canada. Children were: John R. WHITFORD, Arabella Fanny WHITFORD, Edward J. WHITFORD."
P1542,Rosina ?,,,,,,,,Children were: Charles Fredericks WHITFORD .
P1548,Mary ?,,,,,,,,Children were: David WHITFORD.
P1551,Susannah ?,,,,,,,,"Children were: David James WHITFORD, George Thomas WHITFORD, Jane Sophia WHITFORD , Mary Elizabeth WHITFORD, Reuben WHITFORD."
P1556,Ida M. EISENHAUER,,,,,,,P1544,"She was married to Edward J. WHITFORD on 15 Jun 1889 in Lunenburg, Chester, Nova Scotia, Canada."
P1559,Elizabeth ?,,,,,,,,"Children were: George Thomas WHITFORD , James WHITFORD, James Edward WHITFORD, Joseph WHITFORD, William WHITFORD, William WHITFORD."
P1566,Robert TAYLOR,,,,,,,P1565,"He was married to Hannah WHITFORD on 20 Oct 1818 in St. Stephen Aglican Ch., Lunenburg, Chester, Nova Scoctia, Canada."
P1568,Lilian Victoria WEBBER,,,,,,,P1567,"She was married to Havelock WHITFORD on 18 Dec in Lunenburg, Chester, Nova Scotia, Canada."
P1569,John Bartley MARCH,,,,,,,P1533,"He was married to Ida lucretta WHITFORD on 6 Oct 1885 in Holy Trinity Church, Lunenburg, Chester, Nova Scotia, Canada."
P1572,Susan ?,,,,,,,,"Children were: Lewis William WHITFORD , Maria WHITFORD."
P1575,Martin MITCHELL,,,,,,,,Back Next
P1576,Sarah WHITEFORD,,,,,P1577,P1578,,"was christened in 1798 in St. Stephen Anglican Ch., Lunenburg, Chester, Nova Scotia, Canada. Parents: Joseph WHITEFORD and Hannah ?."
P1577,Joseph WHITEFORD,,,,,,,,"Children were: Sarah WHITEFORD, Thomas WHITEFORD, William WHITFORD."
P1578,Hannah ?,,,,,,,,"has reference number Ms..Children were: Sarah WHITEFORD, Thomas WHITEFORD, William WHITFORD."
P1582,Rosanna ?,,,,,,,,"Children were: Sarah Elizabeth WHITFORD , Thomas Wellesly WHITFORD."
P1585,Elizabeth WAMBOULT,,,,,,,P1584,"She was married to Thomas WHITFORD on 18 Oct 1821 in St.Stephen Anglican Ch., Lunenburg, Chester, Nova Scotia, Canada."
P1589,Rosanna FREDERICKS,,,,,,,P1588,"She was married to William WHITFORD on 8 Jun 1856 in St. Stephens Anglican Ch., Lunenburg, Chester, Nova Scotia, Canad."
P1590,Carter WHITEFORD,,,,,,,P1591,"He was married to Ann WALL on 29 Dec 1849 in Queens, Clonenaugh, Laoighis, Ireland. Children were: George WHITEFORD, James WHITEFORD."
P1591,Ann WALL,,,,,,,P1590,"She was married to Carter WHITEFORD on 29 Dec 1849 in Queens, Clonenaugh, Laoighis, Ireland. Children were: George WHITEFORD, James WHITEFORD."
P1592,George WHITEFORD,1865,,Queens,,P1590,P1591,,"was born on 28 Dec 1865 in Queens, Durrow, Laoighis, Ireland. Parents: Carter WHITEFORD and Ann WALL."
P1593,James WHITEFORD,1864,,Queens,,P1590,P1591,,"was born on 10 Mar 1864 in Queens, Durrow, Laoighis, Ireland. Parents: Carter WHITEFORD and Ann WALL."
P1598,George WHITEFORD,,,,,,,P1599,He was married to Mary WHITEFORD . Children were: Susanna WHITEFORD.
P1599,Mary WHITEFORD,,,,,,,P1598,She was married to George WHITEFORD . Children were: Susanna WHITEFORD.
P1600,Samuel WHITEFORD,1825,1841,Paisley,Paisley,P8,P19,P266,"was born about 1825 in Paisley, Renfrewshire, Scotland. He appeared on the census in 1841 in Paisley, Renfrewshire, Scotland. Described as son of the Head of Household, aged 15 years of 28 Maxwelton St, Paisley, Renfrewshire, Scotland. He appeared on the census in 1851 in Paisley Martyrs, Scotland. Described as Samuel Whitford of 3 Maxwelton Street, aged 27 years, a Wood Turner born in Paisley. (Note: a James Whiteford lived at 8 Maxwelton St, relationship to Samuel, if any, is uncertain) He ser"
P1603,John W WHITEFORD,,,,,P1600,P266,,Parents: Samuel WHITEFORD and MARGARET.
P1604,WHITEFORD,,,,,P1600,P266,,Parents: Samuel WHITEFORD and MARGARET.
P1608,Gertrude WHITEFORD,,,,,P1602,P291,P296,Parents: William W WHITEFORD and Eliza CANHAN.She was married to Fay POTTER . Children were: Gladys POTTER.
P1610,George WHITEFORD,,,,,P1602,P291,P1617,George assisted his father in his business affairs and carried the mail Parents: William W WHITEFORD and Eliza CANHAN.He was married to Fannie STEEL. Children were: Paul WHITEFORD.
P1611,Charles WHITEFORD,,,,,P1602,P291,P303,"Charles, who was a farmer, having charge of the old homestead Parents: William W WHITEFORD and Eliza CANHAN.He was married to Florence TATRO. Children were: Robert Owen WHITEFORD, Charles Leroy WHITEFORD ."
P1614,Lulu BEAMER,,,West Union,,,,P1669,"was born in West Union.She was married to Walter W. WHITEFORD in Jul 1906 in Iowa. She was married to Walter W. WHITEFORD. Children were: Elizabeth A WHITEFORD, Margaret M WHITEFORD."
P1615,Elizabeth A WHITEFORD,,,,,P1669,P1614,,Parents: Walter W. WHITEFORD and Lulu BEAMER.
P1616,Margaret M WHITEFORD,,,,,P1669,P1614,,Parents: Walter W. WHITEFORD and Lulu BEAMER.
P1617,Fannie STEEL,,,,,,,P1610,She was married to George WHITEFORD. Children were: Paul WHITEFORD.
P1618,Paul WHITEFORD,,,,,P1610,P1617,,Parents: George WHITEFORD and Fannie STEEL.
P1623,Elizabeth SHEIRAR,,,,,,,P1622,"She was married to John WHITFOORD on 20 Aug 1694 in Old Kilpatrick, Dumbarton. Children were: Janet WHITFOORD, Marion WHITFOORD, Elizabeth WHITFOORD, John WHITFOORD, Margaret WHITFOORD, Cristian WHITFOORD, ."
P1630,,,,,,P1622,P1623,,Parents: John WHITFOORD and Elizabeth SHEIRAR.
P1641,Janet Crawford,,,,,,,P2291,"She was married to David WHITEFORD on 4 Oct 1822 in Beith, Ayrshire, Scotland. Children were: Janet WHITEFORD, Robert WHITEFORD, Margaret WHITEFORD, Elizabeth WHITEFORD, Jean WHITEFORD, James WHITEFORD, Mary WHITEFORD, Euphemia WHITEFORD, David WHITEFORD, Catherine WHITEFORD."
P1664,Unknown,,,,,P2311,P2312,,Parents: Samuel WHITEFORD and Margaret.
P1673,Elizabeth A. WHITEFORD,,,,,P1669,,,Parents: Walter W. WHITEFORD. Parents: .
P1674,Margaret M. WHITEFORD,,,,,P1669,,,Parents: Walter W. WHITEFORD. Parents: .
P1681,Margaret GRIEG,1774,1844,,,,,P1755,"was born in 1774. She died after 1844.She was married to John WHITEFORD. Children were: John Greig WHITEFORD , James WHITEFORD, Kelly WHITEFORD, Janet WHITEFORD, Thomas WHITEFORD, Andrew WHITEFORD, John Grieg WHITEFORD, Malcolm WHITEFORD, Margaret WHITEFORD."
P1690,WAUGH,1871,,,,,,P1691,"was born about 1871 in <Lerwick, Shetland, Scotland>. He has Ancestral File number R33D-14.He was married to Agnes WHITEFORD in , , New Zealand."
P1691,Agnes WHITEFORD,1875,1948,Lerwick,Gisborn,P1692,P1061,P1690,"was born on 18 Feb 1875 in Lerwick, Shetland, Scotland. She died on 3 May 1948 in Gisborn, New Zealand. She has Ancestral File number R33D-29. Parents: Robert WHITEFORD and Agnes MCEACHRAN.She was married to WAUGH in , , New Zealand."
P1692,Robert WHITEFORD,1844,1992,Campbeltown,,P1697,P1698,P1061,"was born on 4 Feb 1844 in Campbeltown, Argyll, Scotland. As noted in 1992 IGI, page 8276 Parents: Alexander WHITEFORD and Mary S SCALLY.He was married to Agnes MCEACHRAN on 16 Aug 1871 in Campbeltown, Argyle, Scotland. Children were: Mary WHITEFORD, David WHITEFORD, Agnes WHITEFORD, Robina WHITEFORD."
P1694,Mary WHITEFORD,1874,1992,Lerwick,Lerwick,P1692,P1061,,"was born on 19 Feb 1874 in Lerwick, Shetland. As noted in 1992 IGI, page 8276 She was born on 19 Feb 1874 in Lerwick, Shetland, Scotland. She died in 1956 in Scotland. She has Ancestral File number R338-KB. Parents: Robert WHITEFORD and Agnes MCEACHRAN. Parents: Agnes MCEACHRAN."
P1695,David WHITEFORD,1872,1992,Lerwick,Lerwick,P1692,P1061,,"was born on 1 Aug 1872 in Lerwick, Shetland. As noted in 1992 IGI, page 8276 He was born on 1 Aug 1872 in Lerwick, Shetland, Scotland. He died on 22 Jan 1956. He has Ancestral File number R338-J5. Parents: Robert WHITEFORD and Agnes MCEACHRAN. Parents: Agnes MCEACHRAN."
P1696,Robina WHITEFORD,1876,1960,Lerwick,Gisborne,P1692,P1061,,"was born in 1876 in Lerwick, Shetland, Scotland. She died on 15 May 1960 in Gisborne, New Zealand. She has Ancestral File number R339-8W. Parents: Robert WHITEFORD and Agnes MCEACHRAN."
P1697,Alexander WHITEFORD,1801,1990,Campbeltown,,,,P1698,"was born about 1801 in Campbeltown, Argyll, Scotland. He died before 1990.He was married to Mary S SCALLY on 30 Nov 1826 in Campbeltown, Argyll, Scotland. Children were: Robert WHITEFORD, John WHITEFORD, Mary WHITEFORD, Jean WHITEFORD, James WHITEFORD, Alexander WHITEFORD."
P1698,Mary S SCALLY,1805,,Campbeltown,,P4028,P4029,P1697,"was born on 21 Jul 1805 in Campbeltown, Argyll, Scotland. Parents: James SCALLY and Mary CAMPBELL .She was married to Alexander WHITEFORD on 30 Nov 1826 in Campbeltown, Argyll, Scotland. Children were: Robert WHITEFORD, John WHITEFORD, Mary WHITEFORD, Jean WHITEFORD, James WHITEFORD, Alexander WHITEFORD."
P1699,John WHITEFORD,1828,,Campbeltown,,P1697,P1698,,"was born on 15 Jun 1828 in Campbeltown, Argyll, Scotland. He has Ancestral File number R33C-G7. Parents: Alexander WHITEFORD and Mary S SCALLY."
P1700,Mary WHITEFORD,1830,,Campbeltown,,P1697,P1698,,"was born on 16 Sep 1830 in Campbeltown, Argyll, Scotland. She has Ancestral File number R33C-HD. Parents: Alexander WHITEFORD and Mary S SCALLY."
P1701,Jean WHITEFORD,1833,,Campbeltown,,P1697,P1698,P6364,"was born on 18 Apr 1833 in Campbeltown, Argyll, Scotland. Known As ""Jeannie'. Parents: Alexander WHITEFORD and Mary S SCALLY.She was married to John MARTIN. Children were: Alexander MARTIN , Mary MARTIN."
P1702,James WHITEFORD,1835,,Campbeltown,,P1697,P1698,,"was born on 2 Nov 1835 in Campbeltown, Argyll, Scotland. He has Ancestral File number R33C-KQ. Parents: Alexander WHITEFORD and Mary S SCALLY."
P1703,Alexander WHITEFORD,1844,,Campbeltown,,P1697,P1698,,"was born on 4 Feb 1844 in Campbeltown, Argyll, Scotland. Parents: Alexander WHITEFORD and Mary S SCALLY."
P1714,Chrystina PURVIS,1844,1922,Scotland,Dunn Co,,,P2207,"was born on 23 Jul 1844 in Scotland. She died on 18 Nov 1922. She died on 18 Nov 1922 in Dunn Co, Wisconsin, USA.She was married to John WHITEFORD on 13 Feb 1867 in WI. Children were: Elizabeth WHITEFORD, Isabella WHITEFORD, William A WHITEFORD, John E (R?) WHITEFORD, Susan M. WHITEFORD, Thomas Darling WHITEFORD ."
P1716,Elizabeth WHITEFORD,1868,1939,,Hudson,P2207,P1714,P2194,"was born in 1868 in WI. She died on 14 Nov 1939 in Hudson, St Croix Co, WI. She died WFT Est. 1896-1962. Parents: John WHITEFORD and Chrystina PURVIS.She was married to Archibald MALLORY on 21 Jan 1885 in Knapp, Dunn Co, WI. Children were: Arthur W. MALLORY, Ralph W. MALLORY, Chrissie M. MALLORY, Glenn W. MALLORY, Wayne A. MALLORY, Susan Isabelle MALLORY, Charles Edward MALLORY ."
P1717,Isabella WHITEFORD,1870,,,,P2207,P1714,P2398,was born in 1870 in WI. She died WFT Est. 1898-1964. Parents: John WHITEFORD and Chrystina PURVIS.She was married to William HICKMAN WFT Est. 1898-1932.
P1722,Thomas Alexander DUNN,1825,1909,Scotland,Lucus,,,P2208,"was born on 13 Mar 1825 in Scotland. He died on 30 May 1909 in Lucus, DunnCo, WI. He has reference number DUNNT01.He was married to Elizabeth WHITEFORD on 16 Dec 1864 in Waukesha County, Wisconsin. Children were: William DUNN, Adam Alexander DUNN."
P1723,Jane HOY OR HAYES,1834,1904,Ireland,Menomonie,,,P1733,"was born on 20 Oct 1834 in Ireland. She died on 5 Oct 1904 in Menomonie, Dunn County, Wisconsin, USA.She was married to William WHITEFORD in Nov 1854 in Raloo Parish, Antrim, Ireland. Children were: Margaret WHITEFORD, William WHITEFORD, Amelia WHITEFORD, Belle WHITEFORD."
P1724,Margaret WHITEFORD,1865,,Wisconsin,,P1733,P1723,,was born in 1865 in Wisconsin. Parents: William WHITEFORD and Jane HOY OR HAYES.
P1726,Amelia WHITEFORD,1871,,Wisconsin,,P1733,P1723,P1731,"was born in 1871 in Wisconsin. Parents: William WHITEFORD and Jane HOY OR HAYES.She was married to Henry M HALL on 17 Jan 1892 in Menomonie, Dunn County, Wisconsin, USA. Children were: Lester Freemont HALL."
P1727,Belle WHITEFORD,1875,,,,P1733,P1723,,was born in 1875. Parents: William WHITEFORD and Jane HOY OR HAYES.
P1729,Samuel SNODDY,1858,1870,,,P2201,P2208,,was born on 7 Jul 1858 in WI. He died on 18 Jun 1870. He died on 18 Jun 1870 in WI. Parents: James SNODDY and Elizabeth WHITEFORD.
P1730,James SNODDY,1861,,,,P2201,P2208,,was born on 25 Jan 1861 in WI. He died WFT Est. 1862-1951. Parents: James SNODDY and Elizabeth WHITEFORD.
P1731,Henry M HALL,,,,,,,P1726,"He was married to Amelia WHITEFORD on 17 Jan 1892 in Menomonie, Dunn County, Wisconsin, USA. Children were: Lester Freemont HALL."
P1732,Lester Freemont HALL,,,,,P1731,P1726,,was born Private. Parents: Henry M HALL and Amelia WHITEFORD.
P1737,Adam Alexander DUNN,1868,1963,NewBerlin,Grant'sPass,P1722,P2208,P2505,"was born on 20 Jul 1868 in NewBerlin, WaukeshaCo, WI. He died on 4 Apr 1963 in Grant'sPass, Oregon. He has reference number DUNNA01. Parents: Thomas Alexander DUNN and Elizabeth WHITEFORD.He was married to Alice May CRIST on 8 Jun 1895 in Lucus, Dunn Co, WI. Children were: Mabel Evelyn DUNN, Laura Elizabeth DUNN, Leonard Roger DUNN, Harold Alexander DUNN, Gladys Mae DUNN."
P1758,Nelly WHITEFORD,1801,,Schoolwynd,,P1791,P3739,,"was born on 20 Mar 1801 in Schoolwynd, Kilbirnie, Ayr, Scotland. Parents: John WHITEFORD and Margaret GREIG."
P1765,Margaret VON BRETTON,,,,,P3736,P1767,,was also known as Margaret Whiteford. Parents: John Grieg WHITEFORD and Catarina VON BRETTON .
P1766,James Andrew VON BRETTON,,,,,P3736,P1767,,was also known as James Andrew Whiteford. Parents: John Grieg WHITEFORD and Catarina VON BRETTON .
P1767,Catarina VON BRETTON,,,,,,,,"Children were: Margaret VON BRETTON , James Andrew VON BRETTON."
P1768,UNKNOWN,,,,,,,P3737,"She was married to Malcolm WHITEFORD. Children were: Margaret WHITEFORD, Agnes WHITEFORD."
P1769,Margaret WHITEFORD,,,,,P3737,P1768,,Parents: Malcolm WHITEFORD and UNKNOWN.
P1770,Agnes WHITEFORD,,,,,P3737,P1768,,Parents: Malcolm WHITEFORD and UNKNOWN.
P1785,Janet HOUSTON,1750,,Kilbirnie,Kilbirnie,P3711,P3712,P1792,"was born in 1750 in Kilbirnie, Ayrshire, Scotland. She died in Kilbirnie, Ayrshire, Scotland. Parents: Thomas HOUSTON and Janet SCOTT.She was married to James WHITEFORD on 25 Apr 1769 in Kilbirnie, Ayrshire, Scotland. Children were: John WHITEFORD, Thomas WHITEFORD, James WHITEFORD, Robert WHITEFORD, Malcolm WHITEFORD, Janet WHITEFORD, David WHITEFORD, Hugh WHITEFORD, William WHITEFORD."
P1786,Malcolm WHITEFORD,1777,1837,Crookedhouse,Bridge St,P1792,P1785,P6207,"was born on 20 Apr 1777 in Crookedhouse, Kilbirnie, Ayrshire, Scotland. He died on 10 Oct 1837 in Bridge St, Kilbirnie, Ayr, Scotland. in Bridge Street. Parents: James WHITEFORD and Janet HOUSTON.He was married to Ann ANDERSON on 25 Apr 1801 in Parish Church, Kilbirnie, Ayrshire, Scotland. Children were: Agnes WHITEFORD, Janet WHITEFORD , James WHITEFORD, William WHITEFORD, John WHITEFORD, Barbara WHITEFORD, Ann WHITEFORD, Margaret WHITEFORD, Malcolm WHITEFORD, John WHITEFORD, John WHITEFORD."
P1789,Robert WHITEFORD,1776,,Crookedhouse,,P1792,P1785,P1831,"was born on 21 Jul 1776 in Crookedhouse, Kilbirnie, Ayrshire, Scotland. Parents: James WHITEFORD and Janet HOUSTON.He was married to Agnes BARCLAY on 27 Apr 1798 in Parish Church, Kilbirnie, Ayrshire, Scotland. Children were: James WHITEFORD, Janet WHITEFORD , Agnes WHITEFORD, Robert WHITEFORD, Jean WHITEFORD."
P1790,Janet WHITEFORD,1779,,Crookedhouse,,P1792,P1785,,"was born on 24 Mar 1779 in Crookedhouse, Kilbirnie, Ayrshire, Scotland. Parents: James WHITEFORD and Janet HOUSTON."
P1791,John WHITEFORD,1771,,Crookedhouse,,P1792,P1785,P3739,"was born on 24 Feb 1771 in Crookedhouse, Kilbirnie, Ayrshire, Scotland. Parents: James WHITEFORD and Janet HOUSTON.He was married to Margaret GREIG in 1798 in Beith, Ayrshire, Scotland. Children were: James WHITEFORD, Thomas WHITEFORD, Nelly WHITEFORD, Janet WHITEFORD, Thomas WHITEFORD, Andrew WHITEFORD, John Grieg WHITEFORD, Malcolm WHITEFORD, Margaret WHITEFORD."
P1792,James WHITEFORD,1747,,Holmhead Farm,Kilbirnie,P3713,P3714,P1785,"was born on 29 Oct 1747 in Holmhead Farm, Kilbirnie, Ayrshire, Scotland. He died in Kilbirnie, Ayrshire, Scotland. He was a Cotton Loom Weaver. Parents: John WHITEFORD and Margaret KERR.He was married to Janet HOUSTON on 25 Apr 1769 in Kilbirnie, Ayrshire, Scotland. Children were: John WHITEFORD, Thomas WHITEFORD, James WHITEFORD, Robert WHITEFORD, Malcolm WHITEFORD, Janet WHITEFORD, David WHITEFORD, Hugh WHITEFORD, William WHITEFORD."
P1797,Margaret JOHNSTON,1847,,Ontario,,,,P1807,"was born about 1847 in Ontario. She has Ancestral File number 19B8-HTJ. She was married to Robert WHITEFORD about 1864 in Ontario. Children were: Margaret WHITEFORD, Elizabeth WHITEFORD, Robert WHITEFORD, John WHITEFORD, David WHITEFORD, Mary WHITEFORD, Minnie WHITEFORD."
P1798,Margaret WHITEFORD,1876,1965,Hanover,Toronto,P1807,P1797,,"was born on 27 Aug 1876 in Hanover, Grey, On. She died on 20 Sep 1965 in Toronto, York, Ontario. She has Ancestral File number 19B8-J0J. Parents: Robert WHITEFORD and Margaret JOHNSTON."
P1799,Elizabeth WHITEFORD,1866,,Hampden,,P1807,P1797,,"was born about 1866 in Hampden, Grey, Ontario. She has Ancestral File number 19B8-HVQ. Parents: Robert WHITEFORD and Margaret JOHNSTON."
P1800,Robert WHITEFORD,1868,,Hampden,,P1807,P1797,,"was born about 1868 in Hampden, Grey, Ontario. Parents: Robert WHITEFORD and Margaret JOHNSTON."
P1801,John WHITEFORD,1869,,Hampden,,P1807,P1797,,"was born about 1869 in Hampden, Grey, Ontario. He has Ancestral File number 19B8-HX5. Parents: Robert WHITEFORD and Margaret JOHNSTON."
P1802,David WHITEFORD,1873,,Hampden,,P1807,P1797,,"was born about 1873 in Hampden, Grey, Ontario. He has Ancestral File number 19B8-HZC. Parents: Robert WHITEFORD and Margaret JOHNSTON."
P1803,Mary WHITEFORD,1884,,Hampden,,P1807,P1797,,"was born about 1884 in Hampden, Grey, Ontario. She has Ancestral File number 19B8-J1Q. Parents: Robert WHITEFORD and Margaret JOHNSTON."
P1804,Minnie WHITEFORD,1886,,Hampden,,P1807,P1797,,"was born about 1886 in Hampden, Grey, Ontario. She has Ancestral File number 19B8-J2X. Parents: Robert WHITEFORD and Margaret JOHNSTON."
P1807,Robert WHITEFORD,1837,,Scotland,,P2560,P2561,,"was born about 1837 in Scotland. Parents: Robert WHITEFORD and Elizabeth.He was married to Margaret JOHNSTON about 1864 in Ontario. Children were: Margaret WHITEFORD, Elizabeth WHITEFORD, Robert WHITEFORD, John WHITEFORD, David WHITEFORD, Mary WHITEFORD, Minnie WHITEFORD."
P1808,Robert WHITEFORD,1820,1905,Ayrshire,Ormstown,P1320,P1322,P3581,"was born on 11 Apr 1820 in Ayrshire, Scotland. He died on 5 Apr 1905 in Ormstown, Quebec. He was buried in Ormstown Cem., Chtq., Que.. Parents: Robert WHITEFORD and Margaret LENNOX.He was married to Hannah MCWHINNEY .He was married to Agnes SANGSTER on 22 Jan 1847 in Ormstown Presbyterian Church, Canada East. Children were: Elizabeth WHITEFORD, Margaret WHITEFORD, Robert WHITEFORD, Agnes WHITEFORD, John WHITEFORD, Lennox WHITEFORD, Jean Jeanette WHITEFORD, James WHITEFORD, David WHITEFORD."
P1809,Agnes SANGSTER,1823,1885,Ormstown,Ormstown,,,P1808,"was born on 11 Feb 1823 in Ormstown, Lower Canada. She died on 11 Apr 1885 in Ormstown, Chtq., Quebec. She was buried in Ormstown Cem., Chtq., Quebec.She was married to Robert WHITEFORD on 22 Jan 1847 in Ormstown Presbyterian Church, Canada East. Children were: Elizabeth WHITEFORD, Margaret WHITEFORD, Robert WHITEFORD, Agnes WHITEFORD, John WHITEFORD, Lennox WHITEFORD, Jean Jeanette WHITEFORD, James WHITEFORD, David WHITEFORD."
P1810,Agnes WHITEFORD,1856,1937,,Melfort,P1808,P1809,P1300,"was born on 14 May 1856 in St. Louis De Donzaque, Chateaugua County, Quebec, Canada. She died on 5 Jun 1937 in Melfort, Saskatchewan. She was buried in Woodlawn Cem., Saskatoon, Sask., Canada. Parents: Robert WHITEFORD and Agnes SANGSTER.She was married to John Wilberforce SADLER on 6 Jun 1877 in St. Paul's, Ormstown, Quebec. Children were: George Wilberforce SADLER, Forrest Edward SADLER, Mary Alice SADLER, Mable Agnes SADLER, Florence Elizabeth SADLER, Eva Jean SADLER, Walter John SADLER, Wesl"
P1811,Elizabeth WHITEFORD,1847,1934,Bhrns,Ormstown,P1808,P1809,P4002,"was born on 12 Dec 1847 in Bhrns, St.Louis de Gonzaque, Quebec, Canada. She died on 11 Apr 1934 in Ormstown, Quebec. She was also known as Lizzie. Parents: Robert WHITEFORD and Agnes SANGSTER.She was married to John LEGGET on 3 Sep 1887 in St. Paul's United Church, Ormstown, Quebec. Children were: Pearl Beatrice LEGGET, Thomas LEGGET, Stanley James LEGGET."
P1812,Margaret WHITEFORD,1850,1923,Bhrns,Ormstown,P1808,P1809,P4006,"was born on 28 Apr 1850 in Bhrns., St.Louis de Gonzacque, Quebec, Canada. She died on 17 Sep 1923 in Ormstown, Quebec. She was also known as Maggie. Parents: Robert WHITEFORD and Agnes SANGSTER.She was married to Robert MCNEIL on 11 Jun 1878 in Ormstown, Quebec. Children were: Louisa Agnes MCNEIL, Stebbins George Lathrop MCNEIL , Donald Robert MCNEIL."
P1813,Robert WHITEFORD,1852,1938,Bhrns,Ormstown,P1808,P1809,P1311,"was born on 7 Aug 1852 in Bhrns., St.Louis de Gonzacque. He died in 1938 in Ormstown, Quebec. He was also known as Robbie. Parents: Robert WHITEFORD and Agnes SANGSTER.He was married to Mary MEIKLE on 6 Jun 1877 in Ormstown, Quebec. Children were: Robert Wallace WHITEFORD , James WHITEFORD."
P1814,John WHITEFORD,1858,1944,,Ormstown,P1808,P1809,P1312,"was born on 26 Mar 1858 in St. Louis de Gonzaque, Canada East. He died on 3 May 1944 in Ormstown, Quebec. Parents: Robert WHITEFORD and Agnes SANGSTER.He was married to Margaret Jane MCCORMICK on 21 Jun 1882 in Ormstown, Quebec. Children were: Mary Barbara WHITEFORD , Agnes Janet WHITEFORD, Flora Christina WHITEFORD, Catherine WHITEFORD ."
P1815,Lennox WHITEFORD,1859,1932,Chateaugay,Winnipeg,P1808,P1809,P1313,"was born on 4 Dec 1859 in Chateaugay, Ormstown, Quebec, Canada. He died on 11 Jul 1932 in Winnipeg, Manitoba. Parents: Robert WHITEFORD and Agnes SANGSTER.He was married to Sarah Anne OLIVER on 28 Dec 1887 in South Dufferin County, Borden, Manitoba. Children were: Myrtle Vinette WHITEFORD, Olive Agnes WHITEFORD, Lenora Jean WHITEFORD."
P1816,Jean Jeanette WHITEFORD,1862,1918,Chateaugay,,P1808,P1809,,"was born on 3 Mar 1862 in Chateaugay, Ormstown, Quebec, Canada. She died on 10 Jun 1918. She was buried in Sec. 12, Tp. 27, Rge. 3 W3, Saskatchewan. Parents: Robert WHITEFORD and Agnes SANGSTER."
P1817,James WHITEFORD,1864,1951,Chateaugay,,P1808,P1809,P1314,"was born on 21 Jun 1864 in Chateaugay, Ormstwn, Quebec, Canada. He died on 6 Oct 1951. Parents: Robert WHITEFORD and Agnes SANGSTER.He was married to Susan DOUBLES on 15 Oct 1899. Children were: William WHITEFORD, Mary Sangster WHITEFORD."
P1818,David WHITEFORD,1868,1941,Chateaugay,Ormstown,P1808,P1809,P1315,"was born on 16 Jun 1868 in Chateaugay, Ormstown, Quebec, Canada. He died on 17 Dec 1941 in Ormstown, Quebec. He was also known as Davie. Parents: Robert WHITEFORD and Agnes SANGSTER.He was married to Ann Jane SADLER on 7 Jan 1891 in Ormstown Methodist, Quebec. Children were: Stanley Lawrence WHITEFORD, Ruth Irene WHITEFORD ."
P1819,Robert WHITEFORD,1747,1769,Of Campbeltown,Campbeltown,,,P1820,"was born in 1747 in Of Campbeltown, Argyll, Scotland.He was married to Mary MCNEILL on 28 Jan 1769 in Campbeltown, Campbeltown, Argyll, Scotland. Children were: Isobell WHITEFORD, Mary WHITEFORD, Cameron WHITEFORD, James WHITEFORD, Robert WHITEFORD, Janet WHITEFORD, Elizabeth WHITEFORD, Margaret WHITEFORD."
P1820,Mary MCNEILL,1750,1769,,Campbeltown,,,P1819,"was born in 1750. She was christened on 6 Jun 1750 in Campbeltown, Campbeltown, Argyll, Scotland.She was married to Robert WHITEFORD on 28 Jan 1769 in Campbeltown, Campbeltown, Argyll, Scotland. Children were: Isobell WHITEFORD, Mary WHITEFORD, Cameron WHITEFORD, James WHITEFORD, Robert WHITEFORD, Janet WHITEFORD, Elizabeth WHITEFORD, Margaret WHITEFORD."
P1821,Isobell WHITEFORD,1770,,,,P1819,P1820,,"was born on 14 Jun 1770. She was christened on 14 Jun 1770 in Campbeltown, Campbeltown, Argyll, Scotland. Parents: Robert WHITEFORD and Mary MCNEILL."
P1822,Mary WHITEFORD,1773,,,,P1819,P1820,,"was born on 3 Sep 1773. She was christened on 3 Sep 1773 in Campbeltown, Campbeltown, Argyll, Scotland. Parents: Robert WHITEFORD and Mary MCNEILL."
P1823,Cameron WHITEFORD,1775,,,,P1819,P1820,,"was born in 1775. She was christened on 26 May 1775 in Southend, Campbeltown, Argyll, Scotland. She has Ancestral File number RTL4-WK. Parents: Robert WHITEFORD and Mary MCNEILL."
P1824,James WHITEFORD,1777,,,,P1819,P1820,,"was born in 1777. He was christened on 18 May 1777 in Southend, Campbeltown, Argyll, Scotland. He has Ancestral File number RTL4-KT. Parents: Robert WHITEFORD and Mary MCNEILL."
P1825,Robert WHITEFORD,1779,,,,P1819,P1820,,"was born in 1779. He was christened on 25 May 1779 in Southend, Campbeltown, Argyll, Scotland. Parents: Robert WHITEFORD and Mary MCNEILL."
P1826,Janet WHITEFORD,1781,,,,P1819,P1820,,"was born in 1781. She was christened on 15 Apr 1781 in Southend, Campbeltown, Argyll, Scotland. She has Ancestral File number RTL4-M6. Parents: Robert WHITEFORD and Mary MCNEILL."
P1827,Elizabeth WHITEFORD,1787,,,,P1819,P1820,,"was born on 2 Jan 1787. She was christened on 2 Jan 1787 in Campbeltown, Campbeltown, Argyll, Scotland. Parents: Robert WHITEFORD and Mary MCNEILL."
P1828,Margaret WHITEFORD,1772,,,,P1819,P1820,,"was born in 1772. She was christened on 7 Jan 1772 in Campbeltown, Campbeltown, Argyll, Scotland. Parents: Robert WHITEFORD and Mary MCNEILL."
P1830,Robert WHITEFORD,1807,1881,Newton St,Kilbirnie,P1789,P1831,,"was born on 26 Jan 1807 in Newton St, Kilbirnie, Ayr, Scotland. He appeared on the census in 1881 in Kilbirnie, Ayrshire, Scotland. Describrd as aged 74, born in Kilbirnie, Ayrshire, Scotland, married and the Head of Household, living at Bank St. and working as a Linen Thread Bleacher. He died on 24 Jun 1885 in Cochrane St, Kilbirnie, Ayrshire, Scotland. Parents: Robert WHITEFORD and Agnes BARCLAY.He was married to Esther MACKIE on 11 Aug 1829 in Kilbirnie, Ayrshire, Scotland. Children were: Jan"
P1831,Agnes BARCLAY,,,,,,,P1789,"She was married to Robert WHITEFORD on 27 Apr 1798 in Parish Church, Kilbirnie, Ayrshire, Scotland. Children were: James WHITEFORD, Janet WHITEFORD , Agnes WHITEFORD, Robert WHITEFORD, Jean WHITEFORD."
P1832,Robert WHITEFORD,1833,,Bridge St,,P1830,P1833,,"was born in 1833 in Bridge St, Kilbirnie, Ayr, Scotland. Parents: Robert WHITEFORD and Esther MACKIE."
P1833,Esther MACKIE,1810,1881,Schoolwynd,Kilbirnie,P3765,P3766,P1830,"was born on 19 Jun 1810 in Schoolwynd, Kilbirnie, Ayr, Scotland. She appeared on the census in 1881 in Kilbirnie, Ayrshire, Scotland. Describrd as aged 70, born in Kilbirnie, Ayrshire, Scotland, married to the Head of Household, living at Bank St. and described as retired. She died on 24 Apr 1895 in Bank St., Kilbirnie, Ayr, Scotland. Parents: Matthew MACKIE and Esther ARNOTT.She was married to Robert WHITEFORD on 11 Aug 1829 in Kilbirnie, Ayrshire, Scotland. Children were: Jane WHITEFORD, Rober"
P1834,Agnes WHITEFORD,1835,1905,Bridge St,Johnstone,P1830,P1833,P3819,"was born on 12 Mar 1835 in Bridge St, Kilbirnie, Ayr, Scotland. She died on 25 Oct 1905 in Johnstone, Renfrewshire, Scotland. She was buried on 28 Oct 1905 in Johnstone, Renfrewshire, Scotland. Parents: Robert WHITEFORD and Esther MACKIE.She was married to John DONALDSON on 8 Jul 1860 in Kilbirnie, Ayrshire, Scotland. Children were: James DONALDSON , Agnes DONALDSON, John DONALDSON , Robert DONALDSON, Mary DONALDSON , Maggie DONALDSON, Jane DONALDSON , John DONALDSON, Lavinia Esther Makie DONALD"
P1835,Jane WHITEFORD,1830,,Bridge St,,P1830,P1833,,"was born in 1830 in Bridge St, Kilbirnie, Ayr, Scotland. Parents: Robert WHITEFORD and Esther MACKIE."
P1836,Janet WHITEFORD,1839,,Bridge St,,P1830,P1833,,"was born in 1839 in Bridge St, Kilbirnie, Ayr, Scotland. Parents: Robert WHITEFORD and Esther MACKIE."
P1837,Matthew WHITEFORD,1840,,Bridge St,,P1830,P1833,,"was born in 1840 in Bridge St, Kilbirnie, Ayr, Scotland. Parents: Robert WHITEFORD and Esther MACKIE."
P1839,Margaret WHITEFORD,1845,1881,Bridge St,Kilbirnie,P1830,P1833,,"was born in 1845 in Bridge St, Kilbirnie, Ayr, Scotland. She appeared on the census in 1881 in Kilbirnie, Ayrshire, Scotland. Described as unmarried, aged 36 years and born in Kilbirnie, Ayrshire, Scotland, daughter of the Head of Household and working as a Milliner. Parents: Robert WHITEFORD and Esther MACKIE."
P1840,Marian WHITEFORD,1848,,Bridge St,,P1830,P1833,,"was born in 1848 in Bridge St, Kilbirnie, Ayr, Scotland. Parents: Robert WHITEFORD and Esther MACKIE."
P1841,James Barclay WHITEFORD,1850,,Bridge St,,P1830,P1833,,"was born in 1850 in Bridge St, Kilbirnie, Ayr, Scotland. Parents: Robert WHITEFORD and Esther MACKIE."
P1842,Mary Ann WHITEFORD,1834,,Scotland,,P2560,P2561,,was born about 1834 in Scotland. Parents: Robert WHITEFORD and Elizabeth.
P1843,Agnes WHITEFORD,1849,1849,Scotland,Scotland,P2560,P2561,,was born about 1849 in Scotland. She was born about 1849 in Scotland. She has Ancestral File number 19B8-J70. She has Ancestral File number 19B8-J70. Parents: Robert WHITEFORD and Elizabeth.
P1844,John WHITEFORD,1835,,Scotland,,,,,"was born about 1835 in Scotland. He has Ancestral File number C9BS-6C.Children were: Mary WHITEFORD, Andrew WHITEFORD, John WHITEFORD."
P1845,Martha MCCONNELL,1828,1889,Ireland,Margretville,,,,"was born on 20 Nov 1828 in Ireland. She died on 20 Jul 1889 in Margretville, Delaware, New York.Children were: Mary WHITEFORD, Andrew WHITEFORD, John WHITEFORD."
P1846,Mary WHITEFORD,1861,1907,,Margaretville,P1844,P1845,,"was born on 18 Jun 1861 in St. John, New Brunswick, Canada. She died on 30 Apr 1907 in Margaretville, Delaware, Ny. She was buried in May 1907 in New Kingston, Delaware, Ny. She has Ancestral File number 3LDH-6N. Parents: John WHITEFORD and Martha MCCONNELL."
P1847,Andrew WHITEFORD,1865,,,,P1844,P1845,,"was born about 1865 in St. John's, New Brunswick. He has Ancestral File number 1K5N-DNN. Parents: John WHITEFORD and Martha MCCONNELL."
P1848,John WHITEFORD,1863,,,,P1844,P1845,,"was born about 1863 in St. John's, New Brunswick. He has Ancestral File number 1K5N-DMG. Parents: John WHITEFORD and Martha MCCONNELL."
P1849,John WHITEFORD,1845,,Sorbie,,P2619,P1865,,"was born on 21 Sep 1845 in Sorbie, Wigtown, Scotland. Parents: William WHITEFORD and Margaret MELROY."
P1850,John WHITEFOORD,,,,,P2606,P1852,,"was christened on 30 Jan 1743 in Lanark, Lanark, Scotland. Parents: William WHITEFOORD and Christian DONALDSON."
P1852,Christian DONALDSON,,,,,,,,Children were: John WHITEFOORD.
P1853,John WHITEFORD,1866,,High Church,,P2638,P1855,,"was born on 17 Jun 1866 in High Church, Glasgow, Lanark, Scotland. Parents: William WHITEFORD and Agnes SELLARS."
P1854,John WHITEFORD,1867,,Tradeston,,P2638,P1855,,"was born on 14 Jul 1867 in Tradeston, Glasgow, Lanark, Scotland. Parents: William WHITEFORD and Agnes SELLARS."
P1855,Agnes SELLARS,,,,,,,,"Children were: John WHITEFORD, John WHITEFORD, Robert Sellars WHITEFORD, Robert Sellars WHITEFORD, Margaret WHITEFORD ."
P1856,John WHITEFORD,,,,,P1857,,,"was christened on 1 Apr 1753 in Tweedmouth, Northumberland, England. Parents: William WHITEFORD."
P1858,John WHITEFORD,1767,,Stewarton,,P2676,P2703,,"was born on 19 Apr 1767 in Stewarton, Ayr, Scotland. Parents: William WHITEFORD and Marion WILSON."
P1859,John WHITEFORD,,,,,P1860,,,"was christened on 18 Sep 1757 in Dalry, Ayr, Scotland. Parents: Willm. WHITEFORD."
P1861,John Dunlop WHITEFORD,1869,,Kilbirnie,,P2617,P1863,,"was born on 28 Dec 1869 in Kilbirnie, Ayrshire, Scotland. Parents: William WHITEFORD and Jane DUNLOP."
P1863,Jane DUNLOP,,,,,,,,Children were: John Dunlop WHITEFORD .
P1865,Margaret MELROY,,,,,,,,Children were: John WHITEFORD.
P1867,Mary WHITEFOORD,1754,,,,P2645,P2646,,"was born in 1754. She was baptised on 4 Aug 1754 in Criooch, Stewarton, Ayr. She was christened on 4 Aug 1754 in Stewarton, Ayr, Scotland. Parents: William WHYTFORD and Mary WILSON.Back Next"
P1868,Mary WHITEFORD,1861,,Lanark,,P2625,P1871,,"was born on 22 Dec 1861 in Lanark, Lanark, Scotland. Parents: William WHITEFORD and Janet THOMSON."
P1869,Mary WHITEFORD,1867,,Lanark,,P2625,P1871,,"was born on 16 Mar 1867 in Lanark, Lanark, Scotland. Parents: William WHITEFORD and Janet THOMSON."
P1871,Janet THOMSON,,,,,,,,"Children were: Mary WHITEFORD, Mary WHITEFORD, Robert WHITEFORD."
P1872,Mary WHITEFORD,,,,,P2628,P1939,,"was christened on 14 Nov 1811 in Lanark, Lanark, Scotland. Parents: William WHITEFORD and Margaret HARPER."
P1874,Mary WHITEFORD,1754,,Stewarton,,P2676,P2703,,"was born on 4 Aug 1754 in Stewarton, Ayr, Scotland. Parents: William WHITEFORD and Marion WILSON."
P1875,Mary WHITEFORD,1762,,Wigtown,,P1866,P1112,,"was born on 25 Jun 1762 in Wigtown, Portpatrick. She was born on 25 Jun 1762 in Portpatrick, Wigtown, Scotland. Parents: William WHITEFORD and Agnes MCVAIN."
P1879,Robert WHITEFORD,1708,,Kilbirnie,,P2682,P2650,,"was born on 14 Mar 1708 in Kilbirnie, Ayrshire, Scotland. Parents: William WHITEFORD and Janet WHITEFORD."
P1880,Robert WHITEFORD,1867,,Libberton,,P2661,P1907,,"was born on 26 Nov 1867 in Libberton, Lanark, Scotland. Parents: William WHITEFORD and Catherine ELLIS.Back Next"
P1881,Robert WHITEFORD,1869,,Lanark,,P2625,P1871,,"was born on 18 Jun 1869 in Lanark, Lanark, Scotland. Parents: William WHITEFORD and Janet THOMSON."
P1882,Robert Sellars WHITEFORD,1869,,Tradeston,,P2638,P1855,,"was born on 13 Aug 1869 in Tradeston, Glasgow, Lanark, Scotland. Parents: William WHITEFORD and Agnes SELLARS."
P1884,Robert Sellars WHITEFORD,1873,,Tradeston,,P2638,P1855,,"was born on 27 Nov 1873 in Tradeston, Glasgow, Lanark, Scotland. Parents: William WHITEFORD and Agnes SELLARS."
P1888,Janet MCMILLAN,,,,,,,,Children were: Robert WHITFORD. Children were: Robert WHITFORD.
P1894,Janet WHITEFORD,1703,,Kilbirnie,,P2682,P2650,,"was born on 28 Feb 1703 in Kilbirnie, Ayrshire, Scotland. Parents: William WHITEFORD and Janet WHITEFORD."
P1896,Janet WHITEFORD,,,,,P2652,P1898,,"was christened on 12 Nov 1837 in St. Quivox And Newton, Ayr, Scotland. Parents: William WHITEFORD and Janet STEWART."
P1898,Janet STEWART,,,,,,,,Children were: Janet WHITEFORD.
P1899,Janet WHITEFOORD,,,,,P2655,P2656,,"was christened on 28 Feb 1703 in Kilbirnie, Ayrshire, Scotland. Parents: William WHITEFOORD and Janet WHITEFOORD."
P1902,Janet Algie WHITEFORD,1866,,Govan,,P2658,P1904,,"was born on 13 Dec 1866 in Govan, Lanarkshire, Scotland. Parents: William WHITEFORD and Margaret BARR."
P1904,Margaret BARR,,,,,,,,Children were: Janet Algie WHITEFORD.
P1905,Janet WHITEFORD,1872,,Lanark,,P2661,P1907,,"was born on 9 Jun 1872 in Lanark, Lanark, Scotland. Parents: William WHITEFORD and Catherine ELLIS."
P1907,Catherine ELLIS,,,,,,,,"Children were: Robert WHITEFORD, Janet WHITEFORD."
P1910,Marion JACK,,,,,,,,Children were: Janet WHITFOORD.
P1911,Janet WHITEFORD,,,,,P2699,P1912,,"was christened on 6 Oct 1745 in Lanark, Lanark, Scotland. Parents: William WHITEFORD and Janet WHITE."
P1912,Janet WHITE,,,,,,,,"Children were: Janet WHITEFORD, Margaret WHITEFORD."
P1913,Janet Stevenson WHITEFORD,1856,,Kilbarchan,,P2669,P2670,,"was born on 16 Jan 1856 in Kilbarchan, Renfrew, Scotland. Parents: William WHITEFORD and Janet BRODIE."
P1916,Janet WHITEFORD,,,,,P1917,P1068,,"was christened on 28 Sep 1746 in Kelso, Roxburgh, Scotland. Parents: William WHITEFORD and Nicholas LILLIE."
P1919,Janet WHITEFORD,,,,,P2628,P1939,,"was christened on 24 Feb 1810 in Lanark, Lanark, Scotland. Parents: William WHITEFORD and Margaret HARPER."
P1920,Janet WHITEFORD,1758,,Stewarton,,P2676,P2703,,"was born on 3 Aug 1758 in Stewarton, Ayr, Scotland. Parents: William WHITEFORD and Marion WILSON."
P1923,Margaret WHITEFORD,1856,,Cramond,,P2679,P1925,,"was born on 1 Jun 1856 in Cramond, Midlothian, Scotland. Parents: William WHITEFORD and Sophia BROWN."
P1925,Sophia BROWN,,,,,,,,Children were: Margaret WHITEFORD.
P1926,Margaret WHITEFORD,1710,1710,Kilbirnie,Kilbirnie,P2682,P2650,,"was born on 15 Oct 1710 in Kilbirnie, Ayrshire, Scotland. She was christened on 15 Oct 1710 in Kilbirnie, Ayrshire, Scotland. Parents: William WHITEFORD and Janet WHITEFORD."
P1928,Margaret WHITEFORD,1857,,High Church,,P2638,P1855,,"was born on 9 Oct 1857 in High Church, Glasgow, Lanark, Scotland. Parents: William WHITEFORD and Agnes SELLARS."
P1929,Margaret Calder WHITEFORD,1865,,Douglas,,P2685,P1931,,"was born on 25 Sep 1865 in Douglas, Lanark, Scotland. Parents: William WHITEFORD and Euphemia BLUE."
P1931,Euphemia BLUE,,,,,,,,Children were: Margaret Calder WHITEFORD .
P1932,Margaret Mcphillamy WHITEFORD,1866,,Lanark,,P2688,P1934,,"was born on 14 Dec 1866 in Lanark, Lanark, Scotland. Parents: William WHITEFORD and Matilda MCCALLUM."
P1934,Matilda MCCALLUM,,,,,,,,Children were: Margaret Mcphillamy WHITEFORD .
P1938,Margaret WHITEFORD,,,,,P2628,P1939,,"was christened on 5 Jun 1808 in Carnwath, Lanark, Scotland. Parents: William WHITEFORD and Margaret HARPER."
P1939,Margaret HARPER,,,,,,,,"Children were: Mary WHITEFORD, Janet WHITEFORD, Margaret WHITEFORD."
P1943,Margaret WHITEFORD,,,,,P2699,P1912,,"was christened on 13 Aug 1749 in Lanark, Lanark, Scotland. Parents: William WHITEFORD and Janet WHITE."
P1947,Margaret WHITEFORD,1765,,Stewarton,,P2676,P2703,,"was born on 22 Jul 1765 in Stewarton, Ayr, Scotland. Parents: William WHITEFORD and Marion WILSON."
P1949,Andrew WHITEFORD,1862,,Kirkcudbright,,P1950,P1004,,"was born on 12 Sep 1862 in Kirkcudbright, Kirkcudbright. As noted in 1992 IGI, page 1811 Parents: Andrew WHITEFORD and Elisa HAUGHAN."
P1950,Andrew WHITEFORD,,,,,,,,"As noted in 1992 IGI, page 1811 Children were: Andrew WHITEFORD."
P1953,Archibald WHITEFORD,,,,,,,P1007,"As noted in 1992 IGI, page 7297He was married to MacLeod FLORA on 16 Oct 1858 in Portee, Inverness. As noted in 1992 IGI, page 7297 Children were: Alexander WHITEFORD, Archibald WHITEFORD."
P1959,Margaret Ann WHITEFORD,1859,,Portee,,P1008,P1009,,"was born on 23 Aug 1859 in Portee, Inverness. As noted in 1992 IGI, page 7297 Parents: Alexander WHITEFORD and Mary MACDOUGALL."
P1960,Archibald WHITEFORD,1865,,Portee,,P1008,P1009,,"was born on 24 Jun 1865 in Portee, Inverness. As noted in 1992 IGI, page 7297 Parents: Alexander WHITEFORD and Mary MACDOUGALL."
P1961,Donald WHITEFORD,1866,,Portee,,P1008,P1009,,"was born on 19 Jul 1866 in Portee, Inverness. As noted in 1992 IGI, page 7297 Parents: Alexander WHITEFORD and Mary MACDOUGALL."
P1962,James WHITEFOORD,,,,,,,P1016,"He was married to Louisa Jane IMPETT on 25 Aug 1835 in Creich, Fife. As noted in 1992 IGI, page 22383"
P1964,Jonet or Janet WHITEFOORD,,,,,,,P1018,"As noted in 1992 IGI, page 22383He was married to James BROUN OR BROWN on 17 May 1649 in Dunfermline, Fife. As noted in 1992 IGI, page 22383"
P1966,Marion WHITEFOORD,,,,,,,P1020,"As noted in 1992 IGI, page 22383She was married to Johne FOTHERINGHAME on 3 Apr 1662 in Dumfermline, Fife. As noted in 1992 IGI, page 22383"
P1973,William WHITEFOORD,,,,,,,P1027,"As noted in 1992 IGI, page 3839He was married to Marien MURRIE on 7 Apr 1721 in Prestonkirk, East Lothian. As noted in 1992 IGI, page 3839"
P1975,James WHITEFORD,1832,1881,Paisley,Paisley,P23,P32,P40,"was born on 5 Feb 1832 in Paisley, Renfrewshire, Scotland. He died on 10 Oct 1881 in Paisley, Renfrewshire, Scotland. As noted in 1992 IGI, page 4089 As noted in 1992 IGI, page 4089 Parents: James WHITEFORD and Mary MATHIE.He was married to Elizabeth SMITH on 1 Dec 1854 in High Church, Paisley, Renfrewshire, Scotland. As noted in 1992 IGI, page 4089 Children were: James WHITEFORD, James WHITEFORD, Elizabeth WHITEFORD, John WHITEFORD, Eliza WHITEFORD, William WHITEFORD, Robert C. WHITEFORD, Mary "
P1978,Hugh WHITEFORD,,,,,P1975,P40,,"was christened on 29 Sep 1831 in Wick, Caithnes. As noted in 1992 IGI, page 4089 Parents: James WHITEFORD and Elizabeth SMITH."
P1986,Robert WHITEFORD,,,,,,,,"As noted in 1992 IGI, page 1309As noted in 1992 IGI, page 1309 Children were: Janet WHITEFORD, James WHITEFORD, Robert WHITEFORD, Ann WHITEFORD, Janet WHITEFORD, James WHITEFORD, Robert WHITEFORD."
P1988,Janet WHITEFORD,1868,,Rothesay,,P1986,P1040,,"was born on 26 Jan 1868 in Rothesay, Bute. As noted in 1992 IGI, page 1309 Parents: Robert WHITEFORD and Ann RODGER."
P1989,James WHITEFORD,1870,,Rothesay,,P1986,P1040,,"was born on 6 Apr 1870 in Rothesay, Bute. As noted in 1992 IGI, page 1309 Parents: Robert WHITEFORD and Ann RODGER."
P1990,Robert WHITEFORD,1972,,Rothesay,,P1986,P1040,,"was born on 23 Jun 1972 in Rothesay, Bute. As noted in 1992 IGI, page 1309 Parents: Robert WHITEFORD and Ann RODGER."
P1994,Helen Lieth WHITEFORD,,,,,,,P1048,"As noted in 1992 IGI, page 21492She was married to William MUNRO on 24 Jun 1865 in Towie, Aberdeenshire. As noted in 1992 IGI, page 21492"
P1996,John WHITEFORD,,,,,,,P1050,"As noted in 1992 IGI, page 21492He was married to Mary FREELAND on 1 Mar 1803 in Aberdeen, St. Nicholas, Aberdeenshire. As noted in 1992 IGI, page 21492"
P1998,Mary Bell WHITEFORD,1856,,Aberdeen,,P1999,P1053,,"was born on 30 Jan 1856 in Aberdeen, St. Nicholas, Aberdeenshire. As noted in 1992 IGI, page 21492 Parents: Andrew WHITEFORD and Elizabeth CHUCHON."
P1999,Andrew WHITEFORD,,,,,,,,"As noted in 1992 IGI, page 21492As noted in 1992 IGI, page 21492 Children were: Mary Bell WHITEFORD."
P2002,Hugh WHITEFORD,,,,,,,P1056,"As noted in 1992 IGI, page 8276He was married to Margaret MARSHALL on 16 Mar 1851 in Falkirk, Stirling. As noted in 1992 IGI, page 8276"
P2004,Janet WHITEFORD,,,,,,,P1058,"As noted in 1992 IGI, page 8276She was married to James NEILSON on 29 Jan 1869 in Muiravonside, StirlingAs noted in 1992 IGI, page 8276."
P2008,Janet WHITEFOORD,,,,,,,P1064,"As noted in 1992 IGI, page 3370She was married to William EYDEN on 8 Jul 1770 in Kelso, Roxburgh. As noted in 1992 IGI, page 3370"
P2010,Mary WHITEFORD,,,,,,,P1066,"As noted in 1992 IGI, page 3370She was married to William DOUGLAS on 2 Feb 1849 in Melrose, Roxburgh. As noted in 1992 IGI, page 3370"
P2015,Archibald WHITEFORD,1856,,Kintail,,P1953,P1007,,"was born on 24 Apr 1856 in Kintail, Ross and Cromarty. As noted in 1992 IGI Index, page 6699 Parents: Archibald WHITEFORD and MacLeod FLORA."
P2022,Charliot WHITEFOORD,,,,,,,P1079,"As noted in IGI Index, page 3690She was married to William SMITH on 17 Jun 1742 in Stromness or Stenness, Orkney. As noted in IGI Index, page 3690 Children were: Alice SMITH , Charles SMITH, Allan SMITH , Morton SMITH, Caleb SMITH , Amelia SMITH, Douglas SMITH , Whitefoord SMITH, John SMITH, Grisel SMITH."
P2027,Hugh WHITEFORD,,,,,P2028,P1165,,"was christened on 12 Apr 1838 in Auldearn, Nairn. As noted in IGI Index, page 1107 Parents: Hugh WHITEFORD and Jane SIMPSON."
P2028,Hugh WHITEFORD,,,,,,,P1165,"As noted in IGI Index, page 1107 He was married to Jane SIMPSON on 2 Feb 1827 in Forres, Moray. As noted in IGI Index, page 1107 Children were: Hugh WHITEFORD, Alexander WHITEFORD, Mary WHITEFORD, William WHITEFORD, Helen WHITEFORD."
P2037,Elizabeth WHITEFORD,,,,,,,,Children were: Alexander WHITEFORD .
P2042,James WHITEFORD,1863,,Wigtown,,P3204,P2789,,"was born on 28 Mar 1863 in Wigtown, Whithorn. Parents: Alan WHITEFORD and Jane (MAC)COSKRIE."
P2043,John Fraser WHITEFORD,1859,,Wigtown,,P3204,P2789,,"was born on 2 Oct 1859 in Wigtown, Whithorn. Parents: Alan WHITEFORD and Jane (MAC)COSKRIE."
P2044,Margaret WHITEFORD,1868,,Wigtown,,P3204,P2789,,"was born on 22 Jan 1868 in Wigtown, Whithorn. Parents: Alan WHITEFORD and Jane (MAC)COSKRIE."
P2047,Elisa or Ester WHITEFORD,,,,,,,P1104,"She was married to John GARRACH OR GARRICK on 19 Jan 1826 in Wigtown, Sorbie."
P2049,Elizabeth WHITEFORD,,1870,,Wigtown,,,P1106,"She was married to John LITTLE on 4 Jan 1870 in Wigtown, Whithorn."
P2051,John WHITEFORD,,,,,,,P1108,"was born.He was married to Jannet MCCLAVIN on 19 Mar 1844 in Wigtown, Whithorn."
P2053,John WHITEFORD,,,,,,,P1110,"He was married to Janet MCCLUMPHA on 19 Mar 1844 in Wigtown, Whithorn."
P2064,John WHITEFORD,,,,,,,,Children were: Alexander WHITEFORD .
P2065,Helen BAIN,,,,,,,,Children were: Alexander WHITEFORD.
P2069,Betsy WHITEFORD,1874,,Forfar,,P1118,P1127,,"was born on 9 Jul 1874 in Forfar, Angus. Parents: Alexander WHITEFORD and Jean STEWART."
P2070,Helen WHITEFORD,1860,,Forfar,,P1118,P1127,,"was born on 30 Aug 1860 in Forfar, Angus. Parents: Alexander WHITEFORD and Jean STEWART."
P2071,Isabella WHITEFORD,1862,,Forfar,,P1118,P1127,,"was born on 27 Sep 1862 in Forfar, Angus. Parents: Alexander WHITEFORD and Jean STEWART."
P2072,James Younger WHITEFORD,1869,,Rescobie Angus,,P1118,P1127,,was born on 9 Nov 1869 in Rescobie Angus. Parents: Alexander WHITEFORD and Jean STEWART.
P2073,Jane Ann WHITEFORD,1869,,Rescobie,,P1118,P1127,,"was born on 5 Feb 1869 in Rescobie, Angus. Parents: Alexander WHITEFORD and Jean STEWART."
P2074,John WHITEFORD,1864,,Forfar,,P1118,P1127,,"was born on 20 Aug 1864 in Forfar, Angu. Parents: Alexander WHITEFORD and Jean STEWART."
P2075,Helen WHITEFORD,1856,,Coupar Angus,,P2076,P1137,,"was born on 5 Jun 1856 in Coupar Angus, Angus. Parents: Robert WHITEFORD and Ann SMITH."
P2076,Robert WHITEFORD,,,,,,,P1137,"He was married to Ann SMITH on 16 Mar 1856 in Coupar Angus, Angus. Children were: Helen WHITEFORD."
P2086,Andrew WHITEFORD,,,,,,,P1147,"He was married to Isabella KAY on 10 Dec 1824 in Kirkliston, West Lothian."
P2088,Edward WHITEFORD,,,,,,,P1149,"He was married to Janet PROVEN on 18 Nov 1864 in Kirkliston, West Lothian."
P2090,James WHITEFORD,,,,,,,P1151,"He was married to Christian WHITE on 26 Feb 1791 in Kirkliston, West Lothian."
P2092,James WHITEFORD,,,,,,,P1153,"He was married to Elisabeth PROVEN on 28 Jan 1817 in Ecclesmachan, West Lothian."
P2094,James WHITEFORD,1863,,Whitburn,,P1144,P1145,,"was born on 5 May 1863 in Whitburn, West Lothian. Parents: James WHITEFORD and Elizabeth THOMSON."
P2095,Margaret WHITEFORD,1866,,Whitburn,,P1144,P1145,,"was born on 23 Jan 1866 in Whitburn, West Lothian. Parents: James WHITEFORD and Elizabeth THOMSON."
P2096,Marion WHITEFORD,1868,,Whitburn,,P1144,P1145,,"was born on 3 Mar 1868 in Whitburn, West Lothian. Parents: James WHITEFORD and Elizabeth THOMSON."
P2097,James WHITEFORD,1863,,Bathgate,,P2098,P1159,,"was born on 5 May 1863 in Bathgate, West Lothian, Scotland. Parents: Thomas WHITEFORD and Mary MCMAHON."
P2100,Janet WHITEFORD,1863,,Whitburn,,P2098,P1159,,"was born on 16 Oct 1863 in Whitburn, West Lothian. Parents: Thomas WHITEFORD and Mary MCMAHON."
P2101,Margaret WHITEFORD,,,,,,,P1162,"She was married to Thomas POTTER on 7 Jul 1814 in Ecclesmachon, West Lothian."
P2105,Helen WHITEFORD,,,,,P2028,P1165,,"was christened on 29 Oct 1827 in Forres, Moray. Parents: Hugh WHITEFORD and Jane SIMPSON."
P2106,Mary WHITEFORD,,,,,P2028,P1165,,"was christened on 25 Jul 1832 in Forres, Moray. Parents: Hugh WHITEFORD and Jane SIMPSON."
P2108,George Alexander WHITEFORD,1866,,Forres,,P1170,P2110,,"was born on 15 Aug 1866 in Forres, Moray. Parents: WHITEFORD and Jane."
P2110,Jane,,,,,,,,"Children were: Mary WHITEFORD, George Alexander WHITEFORD, James WHITEFORD."
P2111,James WHITEFORD,1871,,Forres,,P1170,P2110,,"was born on 10 May 1871 in Forres, Moray. Parents: WHITEFORD and Jane."
P2112,Mary WHITEFORD,1859,,Forres,,P1170,P2110,,"was born on 16 Oct 1859 in Forres, Moray. Parents: WHITEFORD and Jane. Back Next"
P2115,John WHITEFORD,,,,,,,P1178,"He was married to Margaret GRAY on 22 Dec 1839 in Alves, Moray."
P2117,John WHITEFORD,,,,,,,P1178,"He was married to Margaret GRAY on 9 Jan 1840 in Forres, Moray."
P2118,Margaret WHITEFORD,,,,,,,P1182,"She was married to John STEWART on 28 May 1856 in New Spynie, Moray."
P2124,Elizabeth WHITEFORD,,,,,,,,Children were: Ann Parker WHITEFORD .
P2155,Andrew WHITEFORD,,,,,,,P1221,He was married to Eliza HENSHAW. Children were: Mary Bell WHITEFORD. Back Next
P2165,John WHITEFORD,,1717,,Old Kilpatrick,,,P1185,"He was married to Agnes LANG on 11 Apr 1717 in Old Kilpatrick, Dumbartonshire, Scotland. He was married to Agnes LANG on 11 Apr 1717 in Old Kilpatrick, Dumbarton. Children were: Ann WHITEFORD, Robert WHITEFORD."
P2167,Ann WHITEFORD,,1723,,Old Kilpatrick,P2165,P1185,,"was christened in 1723 in Old Kilpatrick, Dumbartonshire, Scotland. She was christened in 1723 in Old Kilpatrick, Dumbarton. Parents: John WHITEFORD and Agnes LANG."
P2168,Robert WHITEFORD,,1717,,Old Kilpatrick,P2165,P1185,,"was christened on 28 Dec 1717 in Old Kilpatrick, Dumbartonshire, Scotland. He was christened on 28 Dec 1717 in Old Kilpatrick, Dumbarton. Parents: John WHITEFORD and Agnes LANG."
P2171,Flora WHITEFORD,,,,,P2170,P2169,,Parents: William Thomas (Tom) WHITEFORD and Susannah WILSON.
P2172,Lawrence WHITEFORD,,,,,P2170,P2169,,Parents: William Thomas (Tom) WHITEFORD and Susannah WILSON.
P2174,Rachel STUART,,,,,,,,"Children were: William Thomas (Tom) WHITEFORD , Robert WHITEFORD, Edward WHITEFORD, Melvina WHITEFORD, Albert L. WHITEFORD, John A. WHITEFORD, Hugh WHITEFORD, Blanche WHITEFORD."
P2175,Robert WHITEFORD,,,,,P2928,P2174,,Parents: William John WHITEFORD and Rachel STUART.
P2176,Edward WHITEFORD,,,,,P2928,P2174,,Parents: William John WHITEFORD and Rachel STUART.
P2177,Melvina WHITEFORD,,,,,P2928,P2174,,"was buried in Groves Cememtery, Guilford, MO. She was a in Teacher in public schools around Guilford. Parents: William John WHITEFORD and Rachel STUART."
P2178,Albert L. WHITEFORD,,,,,P2928,P2174,,was buried in Weathermon Cemetery. He was a in Carpentry & Construction. Parents: William John WHITEFORD and Rachel STUART.
P2179,John A. WHITEFORD,,,,,P2928,P2174,,was a in Teacher & Super. of Schools in Moberly & St. Joe. Parents: William John WHITEFORD and Rachel STUART.
P2180,Hugh WHITEFORD,,,,,P2928,P2174,,"was buried in Groves Cememtery, Guilford, MO. He was a. Parents: William John WHITEFORD and Rachel STUART."
P2181,Blanche WHITEFORD,,,,Maryville,P2928,P2174,,"died in Maryville, MO. She was a in Accomplised pianist, music teacher. Parents: William John WHITEFORD and Rachel STUART."
P2182,Prudence DEWITT,,,,,,,,was buried in Weathermon Cemetery.
P2185,Howard WHITEFORD,1910,,Knapp,,P2184,P2211,,"was born on 3 Jan 1910 in Knapp, Dunn Co, WI. He was born Private. Parents: Thomas Darling WHITEFORD and Olive Jane CRIST."
P2188,Isabelle ADAIR,1801,1885,Ireland,Knapp,,,P2183,"was born in 1801 in Ireland. She died on 7 Dec 1885 in Knapp, Wisconsin, USA.She was married to William WHITEFORD about 1830 in Raloo Parish, Antrim Co, Ireland. Children were: William WHITEFORD, John WHITEFORD, Elizabeth WHITEFORD."
P2192,John E (R?) WHITEFORD,1876,1918,,Oshkosh,P2207,P1714,,"was born in 1876 in WI. He died on 4 Feb 1918 in Oshkosh, WI. He died WFT Est. 1877-1966. Parents: John WHITEFORD and Chrystina PURVIS."
P2194,Archibald MALLORY,1856,1929,Canada,Menomonie,,,P1716,"was born on 15 Aug 1856 in Canada. He died on 23 Apr 1929 in Menomonie, Dunn Co, Wisconsin, USA.He was married to Elizabeth WHITEFORD on 21 Jan 1885 in Knapp, Dunn Co, WI. Children were: Arthur W. MALLORY, Ralph W. MALLORY, Chrissie M. MALLORY, Glenn W. MALLORY, Wayne A. MALLORY, Susan Isabelle MALLORY, Charles Edward MALLORY."
P2196,Jane HAYES,1834,1904,Ireland,Menomonie,,,P2206,"was born on 20 Oct 1834 in Ireland. She died on 5 Oct 1904 in Menomonie, Dunn Co, Wisconsin, USA.She was married to William WHITEFORD on 6 Nov 1854 in Raloo Parish, Antrim Co, Ireland. Children were: John WHITEFORD, Mary A. WHITEFORD , Margaret Jane WHITEFORD, William WHITEFORD, Amelia WHITEFORD, Belle WHITEFORD."
P2197,Margaret Jane WHITEFORD,1865,1923,Waukesha Co,Lake City,P2206,P2196,,"was born on 24 Jun 1865 in Waukesha Co, WI. She died on 27 Mar 1923 in Lake City, Wabasha Co, Minnesota, USA. Parents: William WHITEFORD and Jane HAYES."
P2199,Amelia WHITEFORD,1872,1909,Dunn Co,Lucas,P2206,P2196,,"was born on 4 Jan 1872 in Dunn Co, Wisconsin, USA. She died on 30 May 1909 in Lucas, Dunn Co, Wisconsin, USA. Parents: William WHITEFORD and Jane HAYES.She was married to Henry Milton HALL on 19 Jan 1892 in Menomonie, Dunn Co, Wisconsin, USA. Children were: William John HALL, Henry Milton HALL, Lester Freemont Hall LUTHER, Ernest Francis HALL , Baby HALL."
P2200,Belle WHITEFORD,1875,,Dunn Co,,P2206,P2196,,"was born in 1875 in Dunn Co, Wisconsin, USA. Parents: William WHITEFORD and Jane HAYES."
P2201,James SNODDY,,1857,Raloo Parish,Raloo Parish,,,P2208,"was born in Raloo Parish, Antrim Co, Ireland.He was married to Elizabeth WHITEFORD on 26 Aug 1857 in Raloo Parish, Antrim, Ireland. He was divorced from Elizabeth WHITEFORD before 16 Dec 1864. Children were: Samuel SNODDY, James SNODDY."
P2204,Henry Milton HALL,1857,1908,Bowling Green,Menomonie,,,P2199,"was born on 10 Feb 1857 in Bowling Green, Clay Co, IN. He died on 21 Dec 1908 in Menomonie, Dunn Co, Wisconsin, USA. Marriage certificate states his occupation as BartenderHe was married to Amelia WHITEFORD on 19 Jan 1892 in Menomonie, Dunn Co, Wisconsin, USA. Children were: William John HALL, Henry Milton HALL, Lester Freemont Hall LUTHER , Ernest Francis HALL, Baby HALL."
P2205,Lester Freemont Hall LUTHER,1903,1988,Menomonie,,P2204,P2199,,"was born on 16 Jul 1903 in Menomonie, Dunn Co, Wisconsin, USA. He died on 1 Jun 1988 in FL. Birth record shows Lester Freemont as adopted by Chester B. Luther and Bertha Nellie Staysa. There is a later note: Rec corrrc 4-20-43 per order of adop** dated 6-16-1914 - County Court - Eau Claire Co. cc 4-30-43 to father Sec I.F. Parents: Henry Milton HALL and Amelia WHITEFORD."
P2207,John WHITEFORD,1836,1836,Raloo,Raloo,P2183,P2188,P1714,"was born on 24 Oct 1836 in Raloo, Antrium, N.Ireland. He was born on 24 Oct 1836 in Raloo, AntriumCo, N.Ireland. He died on 14 Aug 1907 in Knapp, Dunn County, Wisconsin. He died on 14 Aug 1907 in Knapp, Dunn Co, Wisconsin, USA. Parents: William WHITEFORD and Isabelle ADAIR. Parents: William WHITEFORD and Isabelle.He was married to Chrystina PURVIS on 13 Feb 1867 in WI. Children were: Elizabeth WHITEFORD, Isabella WHITEFORD, William A WHITEFORD, John E (R?) WHITEFORD, Susan M. WHITEFORD, Thomas D"
P2208,Elizabeth WHITEFORD,1838,1886,Raloo,LucusTownship,P2183,P2188,P2201,"was born on 1 Apr 1838 in Raloo, Antrim, N.Ireland. She died on 12 May 1886 in LucusTownship, Dunn County, Wisconsin, USA. Parents: William WHITEFORD and Isabelle ADAIR. Parents: William WHITEFORD and Isabelle .She was married to James SNODDY on 26 Aug 1857 in Raloo Parish, Antrim, Ireland. She was divorced from James SNODDY before 16 Dec 1864. Children were: Samuel SNODDY, James SNODDY.She was married to Thomas Alexander DUNN on 16 Dec 1864 in Waukesha County, Wisconsin. Children were: William "
P2209,William DUNN,1865,1944,Waukesha County,Knapp,P1722,P2208,P2406,"was born on 24 Sep 1865 in Waukesha County, Wisconsin. He was born on 24 Sep 1865 in Waukesha Co, WI. He died on 14 Jun 1944 in Knapp, DunnCO.WI. He died on 14 Jun 1944 in Knapp, Dunn Co, WI. He has reference number DUNNW01. Parents: Thomas Alexander DUNN and Elizabeth WHITEFORD.He was married to Ida WHEELER on 22 Apr 1893 in Knapp, Dunn Co, WI. Children were: Thomas Addison DUNN, William Alexander DUNN, Edgar Allan DUNN, Minerva Elizabeth DUNN, Jesse Fay DUNN, John S DUNN."
P2211,Olive Jane CRIST,1888,1966,Knapp,BlueEarth,,,P2184,"was born on 21 Jul 1888 in Knapp, Dunn County, Wisconsin. She was born on 21 Jul 1888 in Knapp, Dunn Co, Wisconsin, USA. She died on 11 Nov 1966 in BlueEarth, FaribaultCo, Minn. She has reference number CRISO01. Parents: .She was married to Thomas Darling WHITEFORD in 1908. She was married to Thomas Darling WHITEFORD on 14 Nov 1908 in Maple Ridge, Dunn Co, WI. Children were: Howard WHITEFORD, Wayne WHITEFORD, Vada WHITEFORD, Lloyd WHITEFORD, Elsie WHITEFORD, Helen WHITEFORD."
P2212,Ernest Francis HALL,1906,1981,Menomonie,Minneapolis,P2204,P2199,,"was born on 7 Mar 1906 in Menomonie, Dunn Co, Wisconsin, USA. He died on 5 Dec 1981 in Minneapolis, Hennepin Co, Minnesota, USA. Parents: Henry Milton HALL and Amelia WHITEFORD."
P2213,William John HALL,1893,1979,Menomonie,Venice,P2204,P2199,,"was born on 4 Aug 1893 in Menomonie, Dunn Co, Wisconsin, USA. He died on 17 Aug 1979 in Venice, Sarasota Co, FL. Parents: Henry Milton HALL and Amelia WHITEFORD."
P2214,Henry Milton HALL,1896,1984,Menomonie,Garden City,P2204,P2199,,"was born on 7 Jun 1896 in Menomonie, Dunn Co, Wisconsin, USA. He died on 26 May 1984 in Garden City, Wayne Co, MI. Parents: Henry Milton HALL and Amelia WHITEFORD."
P2215,John WHITEFORD,1857,1924,Ireland,,P2206,P2196,P2217,"was born in 1857 in Ireland. He died in 1924. Parents: William WHITEFORD and Jane HAYES.He was married to Rosella DANIELS on 8 May 1880 in Menomonie, Dunn Co, Wisconsin, USA. Children were: Alfred R. WHITEFORD, John Douglas WHITEFORD."
P2216,Mary A. WHITEFORD,1859,1938,New Berlin,Glenwood City,P2206,P2196,P6208,"was born on 7 Sep 1859 in New Berlin, Waukeshaw County, Wisconsin, USA. She died on 4 May 1938 in Glenwood City, St Croix Co, Wisconsin, USA. Parents: William WHITEFORD and Jane HAYES.She was married to John BOYLE on 25 Dec 1882 in Menomonie, Dunn Co, Wisconsin, USA. Children were: Herman Edward BOYLE, Bertha May BOYLE, Ann BOYLE, John Howard BOYLE, Wiiliam Whiteford BOYLE."
P2217,Rosella DANIELS,1862,,OHIO,,,,P2215,"was born in 1862 in OHIO.She was married to John WHITEFORD on 8 May 1880 in Menomonie, Dunn Co, Wisconsin, USA. Children were: Alfred R. WHITEFORD, John Douglas WHITEFORD."
P2218,Alfred R. WHITEFORD,1881,1895,Dunn Co,,P2215,P2217,,"was born on 6 Nov 1881 in Dunn Co, Wisconsin, USA. He died on 8 Apr 1895. Parents: John WHITEFORD and Rosella DANIELS."
P2219,John Douglas WHITEFORD,1895,1910,Minneapolis,Menomonie,P2215,P2217,,"was born on 9 Sep 1895 in Minneapolis, Hennepin Co, Minnesota, USA. He died on 22 Apr 1910 in Menomonie, Dunn Co, Wisconsin, USA. Parents: John WHITEFORD and Rosella DANIELS."
P2220,Baby HALL,1909,1909,Lucas,Lucas,P2204,P2199,,"was born on 30 May 1909 in Lucas, Dunn Co, Wisconsin, USA. She died on 30 May 1909 in Lucas, Dunn Co, Wisconsin, USA. Parents: Henry Milton HALL and Amelia WHITEFORD."
P2221,Arthur W. MALLORY,,1937,,,P2194,P1716,,died before 26 Jul 1937. Parents: Archibald MALLORY and Elizabeth WHITEFORD.
P2222,Ralph W. MALLORY,,,,,P2194,P1716,,Parents: Archibald MALLORY and Elizabeth WHITEFORD.
P2223,Chrissie M. MALLORY,,,,,P2194,P1716,,Parents: Archibald MALLORY and Elizabeth WHITEFORD.
P2224,Glenn W. MALLORY,,,,,P2194,P1716,,Parents: Archibald MALLORY and Elizabeth WHITEFORD.
P2225,Wayne A. MALLORY,,,,,P2194,P1716,,Parents: Archibald MALLORY and Elizabeth WHITEFORD.
P2226,Susan Isabelle MALLORY,,,,,P2194,P1716,,Parents: Archibald MALLORY and Elizabeth WHITEFORD.
P2227,Charles Edward MALLORY,1903,1978,Knapp,Glenwood City,P2194,P1716,,"was born on 22 Jun 1903 in Knapp, Dunn Co, WI. He died on 12 Jul 1978 in Glenwood City, St Croix Co, Wisconsin, USA. Parents: Archibald MALLORY and Elizabeth WHITEFORD."
P2229,Lloyd WHITEFORD,1916,,Burnett Co,,P2184,P2211,P2239,"was born on 17 May 1916 in Burnett Co, WI. Parents: Thomas Darling WHITEFORD and Olive Jane CRIST .He was married to Dora M. LASH on 11 Jan 1943 in Cortland, Cortland Co, NY. Children were: Sandra Kay WHITEFORD, Jerry Lee WHITEFORD, Beverly Ann WHITEFORD."
P2230,Elsie WHITEFORD,1919,,,,P2184,P2211,,was born on 1 Jun 1919 in WI. Parents: Thomas Darling WHITEFORD and Olive Jane CRIST .
P2231,Helen WHITEFORD,,,,,P2184,P2211,,"Living individual, details withheld Parents: Thomas Darling WHITEFORD and Olive Jane CRIST ."
P2232,Dorothy Irene HAMELOU,1917,,State Center,,,,,"was born on 5 Nov 1917 in State Center, Iowa.She was married to Wayne WHITEFORD on 26 Mar 1936 in Algona, Iowa. Children were: Joyce Ann WHITEFORD, Doris Marie WHITEFORD, Sharon Rose WHITEFORD , Ardis Jane WHITEFORD, Wanda Mae WHITEFORD, Kevin Wayne WHITEFORD."
P2233,Joyce Ann WHITEFORD,,,,,P2186,P2232,,"Living individual, details withheld Parents: Wayne WHITEFORD and Dorothy Irene HAMELOU."
P2234,Doris Marie WHITEFORD,,,,,P2186,P2232,,"Living individual, details withheld Parents: Wayne WHITEFORD and Dorothy Irene HAMELOU."
P2235,Sharon Rose WHITEFORD,,,,,P2186,P2232,,"Living individual, details withheld Parents: Wayne WHITEFORD and Dorothy Irene HAMELOU."
P2236,Ardis Jane WHITEFORD,,,,,P2186,P2232,,"Living individual, details withheld Parents: Wayne WHITEFORD and Dorothy Irene HAMELOU."
P2238,Kevin Wayne WHITEFORD,,,,,P2186,P2232,,"Living individual, details withheld Parents: Wayne WHITEFORD and Dorothy Irene HAMELOU."
P2239,Dora M. LASH,1920,,Virgil,,,,,"was born on 27 Dec 1920 in Virgil, Cortland Co, NY.She was married to Lloyd WHITEFORD on 11 Jan 1943 in Cortland, Cortland Co, NY. Children were: Sandra Kay WHITEFORD, Jerry Lee WHITEFORD, Beverly Ann WHITEFORD."
P2240,Sandra Kay WHITEFORD,,,,,P2229,P2239,,"Living individual, details withheld Parents: Lloyd WHITEFORD and Dora M. LASH."
P2241,Jerry Lee WHITEFORD,,,,,P2229,P2239,,"Living individual, details withheld Parents: Lloyd WHITEFORD and Dora M. LASH."
P2242,Beverly Ann WHITEFORD,,,,,P2229,P2239,,"Living individual, details withheld Parents: Lloyd WHITEFORD and Dora M. LASH."
P2243,Jeannette Marie ROMAN,,,,,,,,"Living individual, details withheldChildren were: Angela Marie WHITEFORD, Lance Douglas WHITEFORD .Back Next"
P2244,James Allen WHITEFORD,1942,1982,Whiteford,Whiteford,,,,"was born on 23 Aug 1942 in Whiteford, MD. He died on 19 Jan 1982 in Whiteford, MD.Children were: Angela Marie WHITEFORD, Lance Douglas WHITEFORD."
P2245,Angela Marie WHITEFORD,,,,,P2244,P2243,,"Living individual, details withheld Parents: James Allen WHITEFORD and Jeannette Marie ROMAN ."
P2246,Lance Douglas WHITEFORD,,,,,P2244,P2243,,"Living individual, details withheld Parents: James Allen WHITEFORD and Jeannette Marie ROMAN .Children were: James Douglas WHITEFORD."
P2247,Sandy VISSES,,,,,,,,"Living individual, details withheldChildren were: James Douglas WHITEFORD."
P2248,James Douglas WHITEFORD,,,,,P2246,P2247,,"Living individual, details withheld Parents: Lance Douglas WHITEFORD and Sandy VISSES."
P2249,Ann WHITEFORD,1840,1880,Scotland,,P2250,P2251,,was born in 1840 in Scotland. !Birth date & place from 1880 VanBuren Co MI Census. !Her maiden name from Wendell Johnson records received Jan 1998. Parents: Robert WHITEFORD Sr. and Elizabeth FULTON.
P2250,Robert WHITEFORD Sr.,1811,1871,,,,,P2251,"was born in 1811 in , , Scotland. !Birth Date and place from 1871 Grey, Ontario Census. Says he is age 60. !Marriage data fro m Scottish Church Records at LDS Family History Center.He was married to Elizabeth FULTON on 12 Nov 1831 in Lochwinnoch, Renfrew, Scotland. Children were: Robert WHITEFORD Jr., Margery WHITEFORD, Ann WHITEFORD, Agnes WHITEFORD."
P2251,Elizabeth FULTON,1808,1871,,,,,P2250,"was born in 1808 in , , Scotland. !Birth Date and place from 1871 Grey, Ontario Census. Says she is age 63.She was married to Robert WHITEFORD Sr. on 12 Nov 1831 in Lochwinnoch, Renfrew, Scotland. Children were: Robert WHITEFORD Jr., Margery WHITEFORD, Ann WHITEFORD, Agnes WHITEFORD."
P2252,Robert WHITEFORD Jr.,1838,1871,Scotland,,P2250,P2251,,"was born in 1838 in Scotland. !Birth Date and place from 1871 Grey, Ontario Census. Says he is age 33. Parents: Robert WHITEFORD Sr. and Elizabeth FULTON."
P2253,Margery WHITEFORD,1839,1871,Scotland,,P2250,P2251,,"was born in 1839 in Scotland. !Birth Date and place from 1871 Grey, Ontario Census. Says she is age 32. Parents: Robert WHITEFORD Sr. and Elizabeth FULTON."
P2254,Agnes WHITEFORD,1849,1871,Scotland,,P2250,P2251,,"was born in 1849 in Scotland. !Birth Date and place from 1871 Grey, Ontario Census. Says she is age 22. Parents: Robert WHITEFORD Sr. and Elizabeth FULTON."
P2259,Kezia WHITEFORD,1810,1848,,Oike County,,,P2260,"was born about 1810. He died on 7 Mar 1848 in Oike County, Ohio, USA. He was buried after 7 Mar 1848 in Scioto Cemetery, Pike County, Ohio, USA. He was married to John RICE on 5 Mar 1829 in Jefferson County, Ohio, USA."
P2260,John RICE,,,,,,,P2259,"She was married to Kezia WHITEFORD on 5 Mar 1829 in Jefferson County, Ohio, USA."
P2261,David WHITEFORD,1787,1822,Kilbirnie,Dalry,,,,"was born about 1787 in Kilbirnie, Ayrshire, Scotland. He was a Coalminer in 1822 in Dalry, Ayr, Scotland. He appeared on the census in 1841 in Dalry, Ayr, Scotland. Described as Head of Household, married and aged 50 years born in Dalry and a coal miner by trade, living at Sharon Street. He appeared on the census in 1851 in Dalry, Ayr, Scotland. Described as Head of Household, married and aged 64 years and a miner by trade, living at New St.He was married to Janet CRAWFORD on 4 Oct 1822 in Dalry"
P2262,Janet CRAWFORD,1802,,Bieth,,,,,"was born between 1802 and 1807 in Bieth, Ayrshire.She was married to David WHITEFORD on 4 Oct 1822 in Dalry, Ayrshire, Scotland. Children were: Margaret WHITEFORD, Janet WHITEFORD, Robert WHITEFORD, Elizabeth WHITEFORD, Lean WHITEFORD, James WHITEFORD, Mary WHITEFORD, Euphemia WHITEFORD, David WHITEFORD, Catherine WHITEFORD."
P2263,Margaret WHITEFORD,1829,1847,Dalry,this entry,P2261,P2262,,"was born in 1829. She was christened on 1 Feb 1829 in Dalry, Ayrshire, Scotland. Only father David Whiteford listed in this entry. She appeared on the census in 1841 in Dalry, Ayr, Scotland. Described as daughter of the Head of Household, aged 12 years born in Dalry and living at Sharon Street. She immigrated on 17 Jun 1852 to Australia. Parents: David WHITEFORD and Janet CRAWFORD.She was married to Samuel RALSTON on 22 Jan 1847 in Lanark, Lanark, Scotland. Children were: William RALSTON, Willia"
P2264,Janet WHITEFORD,1823,1841,Dalry,Dalry,P2261,P2262,P3686,"was born in 1823. She was christened on 25 Jun 1823 in Dalry, Ayrshire, Scotland. Only father David Whiteford noted on IGI entry, also no first name given, only that it was for a female Whiteford. She appeared on the census in 1841 in Dalry, Ayr, Scotland. Described as daughter of the Head of Household, unmarried and aged 15 years born in Dalry and living at Sharon Street, a sewer by trade. Parents: David WHITEFORD and Janet CRAWFORD.She was married to Thomas Crawford ORR."
P2265,Robert WHITEFORD,1824,,Dalry,Dalry,P2261,P2262,,"was born in 1824. He appeared on the census in 1841 in Dalry, Ayr, Scotland. Described as son of the Head of Household, unmarried and aged 15 years born in Dalry and living at Sharon Street, a coal miner by trade. Parents: David WHITEFORD and Janet CRAWFORD."
P2266,Elizabeth WHITEFORD,1831,1841,Dalry,Dalry,P2261,P2262,,"was born in 1831. She was christened on 13 Feb 1831 in Dalry, Ayrshire, Scotland. She appeared on the census in 1841 in Dalry, Ayr, Scotland. Described as daughter of the Head of Household, aged 10 years born in Dalry and living at Sharon Street. Only father David Whiteford noted in IGI entry. Parents: David WHITEFORD and Janet CRAWFORD."
P2267,Jean WHITEFORD,1833,1850,Dalry,Dalry,P2261,P2262,P3687,"was born in 1833. She appeared on the census in 1841 in Dalry, Ayr, Scotland. Described as 'Jane', daughter of the Head of Household, aged 8 years born in Dalry and living at Sharon Street. She immigrated after 1850 to Chicago, Illinois, USA. Parents: David WHITEFORD and Janet CRAWFORD.She was married to Thomas BEGGS in 1850. Children were: David Whiteford BEGGS, Janet Crawford BEGGS, William BEGGS, Agnes BEGGS, Margaret Crawford BEGGS, William BEGGS, Jane BEGGS."
P2268,James WHITEFORD,1835,,Dalry,Dalry,P2261,P2262,,"was born in 1835. He appeared on the census in 1841 in Dalry, Ayr, Scotland. Described as son of the Head of Household, aged 6 years born in Dalry and living at Sharon Street. He appeared on the census in 1851 in Dalry, Ayr, Scotland. Described as son of the Head of Household, un married and aged 15 years and a miner by trade, living at New St. Parents: David WHITEFORD and Janet CRAWFORD."
P2269,Mary WHITEFORD,1837,1841,Dalry,Dalry,P2261,P2262,,"was born in 1837. She was christened on 18 Jun 1837 in Dalry, Ayrshire, Scotland. Mothers name spelt Crauford. She appeared on the census in 1841 in Dalry, Ayr, Scotland. Described as daughter of the Head of Household, aged 4 years born in Dalry and living at Sharon Street. Parents: David WHITEFORD and Janet CRAWFORD."
P2270,Euphemia WHITEFORD,1839,1841,Dalry,Dalry,P2261,P2262,,"was born in 1839. She was christened on 15 Sep 1839 in Dalry, Ayr, Scotland. She appeared on the census in 1841 in Dalry, Ayr, Scotland. Described as daughter of the Head of Household, aged 1 year born in Dalry and living at Sharon Street. Parents: David WHITEFORD and Janet CRAWFORD."
P2271,David WHITEFORD,1841,,,,P2261,P2262,,"was born in 1841. He appeared on the census in 1851 in Dalry, Ayr, Scotland. Described as son of the Head of Household, aged 9 years and a scholar, living at New St. Parents: David WHITEFORD and Janet CRAWFORD."
P2272,Catherine WHITEFORD,1845,,,,P2261,P2262,,"was born in 1845. She appeared on the census in 1851 in Dalry, Ayr, Scotland. Described as daughter of the Head of Household, aged 6 years and living at New St. Parents: David WHITEFORD and Janet CRAWFORD."
P2274,Mary Rose LANGAN,,,,,,,P3028,She was married to Louis Napoleon WHITFORD . Children were: Marie WHITEFORD.
P2275,Marie WHITEFORD,,,,,P3028,P2274,P2276,"Parents: Louis Napoleon WHITFORD and Mary Rose LANGAN.She was married to Pierre Tobie MCGILLS on 28 Oct 1901 in Willow Bunch, Saskatchwan, Canada."
P2276,Pierre Tobie MCGILLS,1868,1952,,,,,P2275,"was born on 15 Feb 1868 in St. Francois Xavier, Manitoba, Canada. He died in 1952.He was married to Marie WHITEFORD on 28 Oct 1901 in Willow Bunch, Saskatchwan, Canada."
P2277,Gustavus Adolphus Leonus Delnorus WHITEFORD,1878,1965,Manengo,Seymour,P6381,P6382,,"was born on 27 Jul 1878 in Manengo, Iowa, USA. He died on 4 Aug 1965 in Seymour, Missouri. He was buried on 6 Aug 1965 in Seymour, Missouri. in Fordland Cemetary, Parents: Adolphus WHITEFORD and UNKNOWN.He was married to Nellie EARLE on 22 Oct 1922 in Van Zandt County, Texas. Children were: WHITEFORD, Richard Delnor WHITEFORD."
P2278,Nellie EARLE,,,,,,,P2277,"She was married to Gustavus Adolphus Leonus Delnorus WHITEFORD on 22 Oct 1922 in Van Zandt County, Texas. Children were: WHITEFORD, Richard Delnor WHITEFORD."
P2279,Richard Delnor WHITEFORD,1928,1963,Wills Point,Seymour,P2277,P2278,P2280,"was born on 26 Jan 1928 in Wills Point, Van Zandt County, Texas. He died on 7 Jul 1963 in Seymour, Missouri. He was buried on 10 Jul 1963 in Seymour, Missouri. in Fordland Cemetary, Parents: Gustavus Adolphus Leonus Delnorus WHITEFORD and Nellie EARLE.He was married to UNKNOWN. Children were: John WHITEFORD."
P2280,UNKNOWN,,,,,,,P2279,She was married to Richard Delnor WHITEFORD. Children were: John WHITEFORD. Back Next
P2281,John WHITEFORD,,,,,P2279,P2280,,Parents: Richard Delnor WHITEFORD and UNKNOWN.
P2283,Elizabeth SCOTT,,,,,,,P3037,"She was married to William WHITEFORD . Children were: Ralph McCluskie WHITEFORD, Archibald WHITEFORD, Margaret WHITEFORD."
P2284,Ralph McCluskie WHITEFORD,1907,,Paisley,,P3037,P2283,P2287,"was born in 1907 in Paisley, Renfrewshire, Scotland. Parents: William WHITEFORD and Elizabeth SCOTT.He was married to UNKNOWN . Children were: Neal WHITEFORD."
P2285,Archibald WHITEFORD,,,,,P3037,P2283,,Parents: William WHITEFORD and Elizabeth SCOTT.
P2286,Margaret WHITEFORD,,,,,P3037,P2283,,Parents: William WHITEFORD and Elizabeth SCOTT.
P2287,UNKNOWN,,,,,,,P2284,She was married to Ralph McCluskie WHITEFORD. Children were: Neal WHITEFORD.
P2288,Neal WHITEFORD,,,,,P2284,P2287,,Parents: Ralph McCluskie WHITEFORD and UNKNOWN.
P2289,WHITEFORD,,,,,P2277,P2278,,Parents: Gustavus Adolphus Leonus Delnorus WHITEFORD and Nellie EARLE.
P2291,David WHITEFORD,,,,,,,P1641,"He was married to Janet Crawford on 4 Oct 1822 in Beith, Ayrshire, Scotland. Children were: Janet WHITEFORD, Robert WHITEFORD, Margaret WHITEFORD, Elizabeth WHITEFORD, Jean WHITEFORD, James WHITEFORD, Mary WHITEFORD, Euphemia WHITEFORD, David WHITEFORD, Catherine WHITEFORD."
P2293,Janet WHITEFORD,1823,,Beith,,P2291,P1641,,"was born in 1823 in Beith, Ayrshire, Scotland. Parents: David WHITEFORD and Janet Crawford."
P2294,Robert WHITEFORD,1824,,Beith,,P2291,P1641,,"was born in 1824 in Beith, Ayrshire, Scotland. Parents: David WHITEFORD and Janet Crawford."
P2295,Margaret WHITEFORD,1829,1852,Beith,,P2291,P1641,,"was born on 29 Jan 1829 in Beith, Ayrshire, Scotland. She emigrated on 17 Jun 1852 from Australia. Parents: David WHITEFORD and Janet Crawford."
P2296,Elizabeth WHITEFORD,1831,,Beith,,P2291,P1641,,"was born in 1831 in Beith, Ayrshire, Scotland. Parents: David WHITEFORD and Janet Crawford."
P2297,Jean WHITEFORD,1833,,Beith,,P2291,P1641,,"was born in 1833 in Beith, Ayrshire, Scotland. Parents: David WHITEFORD and Janet Crawford."
P2298,James WHITEFORD,1835,,Beith,,P2291,P1641,,"was born in 1835 in Beith, Ayrshire, Scotland. Parents: David WHITEFORD and Janet Crawford."
P2299,Mary WHITEFORD,1837,,Beith,,P2291,P1641,,"was born in 1837 in Beith, Ayrshire, Scotland. Parents: David WHITEFORD and Janet Crawford."
P2300,Euphemia WHITEFORD,1839,,Beith,,P2291,P1641,,"was born in 1839 in Beith, Ayrshire, Scotland. Parents: David WHITEFORD and Janet Crawford."
P2301,David WHITEFORD,1841,,Beith,,P2291,P1641,,"was born in 1841 in Beith, Ayrshire, Scotland. Parents: David WHITEFORD and Janet Crawford. Back Next"
P2302,Catherine WHITEFORD,1845,,Beith,,P2291,P1641,,"was born in 1845 in Beith, Ayrshire, Scotland. Parents: David WHITEFORD and Janet Crawford."
P2311,Samuel WHITEFORD,,1865,Scotland,Washington DC,,,,"died in 1865 in Washington DC, USA. He was born in Scotland. Children were: William W WHITEFORD, John W. WHITEFORD, Unknown."
P2312,Margaret,,1861,Scotland,New York,,,,"died before 1861 in New York, New York, USA. She was born in Scotland.Children were: William W WHITEFORD, John W. WHITEFORD, Unknown."
P2314,John W. WHITEFORD,,,,,P2311,P2312,,Parents: Samuel WHITEFORD and Margaret.
P2372,Mabel Evelyn DUNN,1896,1978,Cady,Seattle,P1737,P2505,P2371,"was born on 30 Mar 1896 in Cady, St.CroixCo, WI. She died on 15 Feb 1978 in Seattle, WA. She has reference number DUNNM01. Parents: Adam Alexander DUNN and Alice May CRIST.She was married to John Donald OWENS on 23 Dec 1912. Children were: Delmar DeWayne OWENS, Richard Dunn OWENS, Lloyd Vernon OWENS, Dorothy Evelyn OWENS, Ardis May OWENS, Harold Bruce OWENS, Joy Leonard OWENS, Beverly Jeannine OWENS."
P2375,Derek Paul DAVIS,,,,,P2377,P2454,,was born Private. Parents: Jack DAVIS and Marilyn Gayle MILLER.
P2376,Ryan Cory DAVIS,,,,,P2377,P2454,,was born Private. Parents: Jack DAVIS and Marilyn Gayle MILLER.
P2377,Jack DAVIS,,,,,,,,"was born Private.He Private-Begin Private. Children were: Derek Paul DAVIS, Ryan Cory DAVIS."
P2378,Gail Karen ESKEW,,,,,,,,"was born Private.She Private-Begin Private. Children were: Bryan Todd OWENS, John David OWENS."
P2382,Scott Patrick MILLER,,,,,P2418,,,was born Private. Parents: Carol Elaine TURNQUIST.
P2383,Michael Todd MILLER,,,,,P2418,,,was born Private. Parents: Carol Elaine TURNQUIST.
P2390,Isabelle,1801,1885,Ireland,,,,P2384,"was born in 1801 in Ireland. She died in 1885.She was married to William WHITEFORD about 1830 in Raloo Parish, Antrim, Ireland. Children were: William WHITEFORD, John WHITEFORD, Elizabeth WHITEFORD."
P2398,William HICKMAN,,,,,,,P1717,was born WFT Est. 1853-1873. He died WFT Est. 1898-1959.He was married to Isabella WHITEFORD WFT Est. 1898-1932.
P2400,Mame RANDOLPH,,,,,,,P2191,was born WFT Est. 1869-1889. She died WFT Est. 1904-1973.She was married to William A WHITEFORD WFT Est. 1904-1938.
P2406,Ida WHEELER,1872,1963,Cedar Falls,Knapp,,,P2209,"was born on 6 Jul 1872 in Cedar Falls, WI. She died on 22 Dec 1963 in Knapp, Dunn Co, WI.She was married to William DUNN on 22 Apr 1893 in Knapp, Dunn Co, WI. Children were: Thomas Addison DUNN, William Alexander DUNN, Edgar Allan DUNN, Minerva Elizabeth DUNN, Jesse Fay DUNN, John S DUNN."
P2407,Thomas Addison DUNN,1894,1967,Knapp,,P2209,P2406,,"was born on 23 Jul 1894 in Knapp, Dunn Co, WI. He died on 20 Jan 1967. Parents: William DUNN and Ida WHEELER."
P2408,William Alexander DUNN,1896,1983,Knapp,Knapp,P2209,P2406,,"was born on 29 Jul 1896 in Knapp, Dunn Co, WI. He died on 31 Mar 1983 in Knapp, Dunn Co, WI. Parents: William DUNN and Ida WHEELER."
P2409,Edgar Allan DUNN,1898,1940,Knapp,Hollywood,P2209,P2406,,"was born on 18 Nov 1898 in Knapp, Dunn Co, WI. He died on 31 Jul 1940 in Hollywood, CA. Parents: William DUNN and Ida WHEELER."
P2410,Minerva Elizabeth DUNN,1900,1986,Knapp,Stillwater,P2209,P2406,,"was born on 26 Oct 1900 in Knapp, Dunn Co, WI. She died on 14 Jun 1986 in Stillwater, MI. Parents: William DUNN and Ida WHEELER."
P2411,Jesse Fay DUNN,1907,1989,Knapp,St Paul,P2209,P2406,,"was born on 18 Sep 1907 in Knapp, Dunn Co, WI. She died on 12 Jun 1989 in St Paul, MI. Parents: William DUNN and Ida WHEELER."
P2412,John S DUNN,,,,,P2209,P2406,,"was born Private. Parents: William DUNN and Ida WHEELER.He Private-Begin Private. Children were: John S Jr DUNN, Marie S DUNN, Marian E DUNN, Madeline L DUNN, Michael W DUNN, Maurice R DUNN, Marvin H DUNN."
P2414,Lois COGGINS,,,,,P2413,P2507,,was born Private. Parents: George Elden COGGINS and Laura Elizabeth DUNN.She Private-Begin Private.
P2416,Marion COGGINS,,,,,P2413,P2507,,was born Private. Parents: George Elden COGGINS and Laura Elizabeth DUNN.She Private-Begin Private.
P2417,Wayne COGGINS,,,,,P2413,P2507,,was born Private. Parents: George Elden COGGINS and Laura Elizabeth DUNN.He Private-Begin Private.
P2418,Carol Elaine TURNQUIST,,,,,,,,"was born Private.She Private-Begin Private. Children were: Michael Todd MILLER, Scott Patrick MILLER."
P2419,Phyllis COGGINS,,,,,P2413,P2507,,was born Private. Parents: George Elden COGGINS and Laura Elizabeth DUNN.She Private-Begin Private.
P2421,Gerald COGGINS,,,,,P2413,P2507,,was born Private. Parents: George Elden COGGINS and Laura Elizabeth DUNN.He Private-Begin Private.
P2422,Roland COGGINS,,,,,P2413,P2507,,was born Private. Parents: George Elden COGGINS and Laura Elizabeth DUNN.He Private-Begin Private.
P2424,Ruth COGGINS,,,,,P2413,P2507,,was born Private. Parents: George Elden COGGINS and Laura Elizabeth DUNN.She Private-Begin Private.
P2432,Wilma FARLEY,,,,,,,,was born Private.She Private-Begin Private.
P2433,Herbert COOPER,,,,,,,,was born Private.He Private-Begin Private.
P2439,Judith Arlene DUNN,,,,,P2508,P2438,,was born Private. Parents: Leonard Roger DUNN and Margaret ZUCK.She Private-Begin Private. Children were: John Anderson WICKY.
P2440,Allan Dwight DUNN,1933,1933,Eau Claire,,P2508,P2438,,"was born on 13 Jun 1933 in Eau Claire, Eau Claire Co, WI. He died on 13 Jun 1933. Parents: Leonard Roger DUNN and Margaret ZUCK."
P2441,Dale Ivan DUNN,,,,,P2508,P2438,,was born Private. Parents: Leonard Roger DUNN and Margaret ZUCK.
P2442,Beth DUNN,,,,,P2508,P2438,,"was born Private. Parents: Leonard Roger DUNN and Margaret ZUCK.She Private-Begin Private. Children were: Kevin MERRILL, Kimberly MERRILL, Randy Len MERRILL."
P2443,Michael MERRILL,,,,,,,,"was born Private.He Private-Begin Private. Children were: Kevin MERRILL, Kimberly MERRILL, Randy Len MERRILL."
P2444,Kevin MERRILL,,,,,P2443,,,was born Private. Parents: Michael MERRILL .
P2445,Kimberly MERRILL,,,,,P2443,,,was born Private. Parents: Michael MERRILL .
P2446,Randy Len MERRILL,,,,,P2443,,,was born Private. Parents: Michael MERRILL .
P2449,Ernestine Amanda KUCHENBECKER,,,,,,,,"was born Private.She Private-Begin Private. Children were: Barbara A DUNN, Dorothy Jean DUNN, Theodore DUNN, Roger Edward DUNN."
P2450,Barbara A DUNN,,,,,P2509,P2449,,"was born Private. Parents: Harold Alexander DUNN and Ernestine Amanda KUCHENBECKER.She Private-Begin Private. Children were: Rick Harmon EZELL , Jeri Lynn EZELL, Samuel Harold EZELL."
P2451,Dorothy Jean DUNN,,,,,P2509,P2449,,"was born Private. Parents: Harold Alexander DUNN and Ernestine Amanda KUCHENBECKER.She Private-Begin Private. Children were: Michael James MCCART, Jeffrey Wayne MCCART, Katherine Ann MCCART, Patrick Lee MCCART, Belinda Coleen MCCART."
P2452,Theodore DUNN,1931,1972,Knapp,Anchorage,P2509,P2449,,"was born on 18 Jan 1931 in Knapp, Dunn Co, WI. He died on 11 Jul 1972 in Anchorage, AK. Parents: Harold Alexander DUNN and Ernestine Amanda KUCHENBECKER. Back Next"
P2453,Roger Edward DUNN,,,,,P2509,P2449,,"was born Private. Parents: Harold Alexander DUNN and Ernestine Amanda KUCHENBECKER.He Private-Begin Private. Children were: Andrew Burton DUNN , Kelley Anne DUNN."
P2457,John Paul PROCHASKA,,,,,,,,"was born Private.He Private-Begin Private. Children were: Douglas Orville PROCHASKA, Dennis Jan PROCHASKA, Marvin Duane PROCHASKA ."
P2458,Douglas Orville PROCHASKA,,,,,P2457,P2510,,was born Private. Parents: John Paul PROCHASKA and Gladys Mae DUNN.
P2459,Dennis Jan PROCHASKA,,,,,P2457,P2510,,was born Private. Parents: John Paul PROCHASKA and Gladys Mae DUNN.
P2460,Marvin Duane PROCHASKA,,,,,P2457,P2510,,was born Private. Parents: John Paul PROCHASKA and Gladys Mae DUNN.
P2469,Audrea M JACOBS,,,,,,,,"was born Private.She Private-Begin Private. Children were: John S Jr DUNN, Marie S DUNN, Marian E DUNN, Madeline L DUNN, Michael W DUNN, Maurice R DUNN, Marvin H DUNN."
P2470,John S Jr DUNN,1940,1940,Menomonie,Menomonie,P2412,P2469,,"was born on 26 Apr 1940 in Menomonie, Dunn County, Wisconsin, USA. He died on 26 Apr 1940 in Menomonie, Dunn County, Wisconsin, USA. Parents: John S DUNN and Audrea M JACOBS ."
P2471,Marie S DUNN,,,,,P2412,P2469,,was born Private. Parents: John S DUNN and Audrea M JACOBS.
P2472,Marian E DUNN,,,,,P2412,P2469,,was born Private. Parents: John S DUNN and Audrea M JACOBS.
P2473,Madeline L DUNN,,,,,P2412,P2469,,was born Private. Parents: John S DUNN and Audrea M JACOBS.
P2474,Michael W DUNN,,,,,P2412,P2469,,was born Private. Parents: John S DUNN and Audrea M JACOBS.
P2475,Maurice R DUNN,,,,,P2412,P2469,,was born Private. Parents: John S DUNN and Audrea M JACOBS.
P2476,Marvin H DUNN,,,,,P2412,P2469,,was born Private. Parents: John S DUNN and Audrea M JACOBS.
P2477,Smith Harmon Jr EZELL,,,,,,,,"was born Private.He Private-Begin Private. Children were: Rick Harmon EZELL, Jeri Lynn EZELL, Samuel Harold EZELL."
P2478,Rick Harmon EZELL,,,,,P2477,P2450,,was born Private. Parents: Smith Harmon Jr EZELL and Barbara A DUNN.
P2479,Jeri Lynn EZELL,,,,,P2477,P2450,,was born Private. Parents: Smith Harmon Jr EZELL and Barbara A DUNN.
P2480,Samuel Harold EZELL,,,,,P2477,P2450,,was born Private. Parents: Smith Harmon Jr EZELL and Barbara A DUNN.
P2481,James T J MCCART,,1961,,,,,,"died on 15 Dec 1961. He was born WFT Est. 1903-1934.He Private-Begin Private. Children were: Michael James MCCART, Jeffrey Wayne MCCART, Katherine Ann MCCART, Patrick Lee MCCART, Belinda Coleen MCCART."
P2483,Michael James MCCART,,,,,P2481,P2451,,was born Private. Parents: James T J MCCART and Dorothy Jean DUNN.
P2484,Jeffrey Wayne MCCART,,,,,P2481,P2451,,was born Private. Parents: James T J MCCART and Dorothy Jean DUNN.
P2485,Katherine Ann MCCART,,,,,P2481,P2451,,was born Private. Parents: James T J MCCART and Dorothy Jean DUNN.
P2486,Patrick Lee MCCART,,,,,P2481,P2451,,was born Private. Parents: James T J MCCART and Dorothy Jean DUNN.
P2487,Belinda Coleen MCCART,1959,1959,Lawton,Lawton,P2481,P2451,,"was born on 16 Mar 1959 in Lawton, Comanche Co, OK. She died on 16 Mar 1959 in Lawton, Comanche Co, OK. Parents: James T J MCCART and Dorothy Jean DUNN."
P2491,Andrew Burton DUNN,,,,,P2453,P2490,,was born Private. Parents: Roger Edward DUNN and Laurie Rose BURTON.
P2492,Kelley Anne DUNN,,,,,P2453,P2490,,was born Private. Parents: Roger Edward DUNN and Laurie Rose BURTON.
P2496,Rose DELAROSA,,,,,,,,"was born Private.She Private-Begin Private. Children were: Lloyd Patrick OWENS, Robert Donald OWENS, Jacob Paul OWENS."
P2505,Alice May CRIST,1879,1926,GreeneCo,GreenBay,,,P1737,"was born on 21 May 1879 in GreeneCo, Iowa. She died on 1 Apr 1926 in GreenBay, WI, hospital. She has reference number CRISA02. Parents: . She was married to Adam Alexander DUNN on 8 Jun 1895 in Lucus, Dunn Co, WI. Children were: Mabel Evelyn DUNN , Laura Elizabeth DUNN, Leonard Roger DUNN, Harold Alexander DUNN, Gladys Mae DUNN."
P2507,Laura Elizabeth DUNN,,,,,P1737,P2505,,"was born Private. Parents: Adam Alexander DUNN and Alice May CRIST.She Private-Begin Private. Children were: Lois COGGINS, Alice COGGINS, Marion COGGINS, Wayne COGGINS, Phyllis COGGINS, Bryce COGGINS, Gerald COGGINS, Roland COGGINS, Connie COGGINS, Ruth COGGINS."
P2508,Leonard Roger DUNN,1904,1969,Knapp,Sacramento,P1737,P2505,,"was born on 24 Jan 1904 in Knapp, Dunn Co, WI. He died on 26 Feb 1969 in Sacramento, CA. He has reference number DUNNL02. Parents: Adam Alexander DUNN and Alice May CRIST.He Private-Begin Private. Children were: Judith Arlene DUNN , Allan Dwight DUNN, Dale Ivan DUNN, Beth DUNN."
P2509,Harold Alexander DUNN,1907,1989,Knapp,Kent,P1737,P2505,,"was born on 19 Nov 1907 in Knapp, Dunn County, Wisconsin. He died on 10 Sep 1989 in Kent, KingCo, WA. He has reference number DUNNH01. Parents: Adam Alexander DUNN and Alice May CRIST.He Private-Begin Private. Children were: Barbara A DUNN, Dorothy Jean DUNN, Theodore DUNN, Roger Edward DUNN."
P2510,Gladys Mae DUNN,1910,1991,Knapp,Eau Claire,P1737,P2505,,"was born on 18 Sep 1910 in Knapp, Dunn County, Wisconsin. She died on 30 Apr 1991 in Eau Claire, Eau Claire Co, WI. She has reference number DUNNG01. Parents: Adam Alexander DUNN and Alice May CRIST.She Private-Begin Private. Children were: Douglas Orville PROCHASKA, Dennis Jan PROCHASKA , Marvin Duane PROCHASKA."
P2560,Robert WHITEFORD,1812,1832,Scotland,Scotland,,,P2561,"was born about 1812 in Scotland.He was married to Elizabeth about 1832 in Scotland. Children were: Mary Ann WHITEFORD, Robert WHITEFORD, Mary Ann WHITEFORD, Agnes WHITEFORD."
P2561,Elizabeth,1807,1807,Scotland,Scotland,,,P2560,"was born about 1807 in Scotland. She was born about 1807 in Scotland.She was married to Robert WHITEFORD about 1832 in Scotland. Children were: Mary Ann WHITEFORD, Robert WHITEFORD, Mary Ann WHITEFORD, Agnes WHITEFORD."
P2597,Mary Ann WHITEFORD,1842,,Scotland,,P2560,P2561,,was born about 1842 in Scotland. Parents: Robert WHITEFORD and Elizabeth.
P2606,William WHITEFOORD,,,,,,,,Children were: John WHITEFOORD.
P2611,John WHITEFORD,,,,,P2612,,,"was christened on 1 Apr 1753 in Tweedmouth, Northumberland, England. Parents: William WHITEFORD."
P2614,John WHITEFORD,,,,,P2615,,,"was christened on 18 Sep 1757 in Dalry, Ayr, Scotland. Parents: Willm. WHITEFORD."
P2650,Janet WHITEFORD,,,,,,,,"Children were: Robert WHITEFORD, Janet WHITEFORD, Margaret WHITEFORD."
P2655,William WHITEFOORD,,,,,,,,Children were: Janet WHITEFOORD .
P2656,Janet WHITEFOORD,,,,,,,,Children were: Janet WHITEFOORD .
P2670,Janet BRODIE,,,,,,,,Children were: Janet Stevenson WHITEFORD .
P2692,Harriet,,,,,,,,Children were: Margaret WHITFORD.Children were: Margaret WHITFORD.
P2789,Jane (MAC)COSKRIE,,,,,,,P3204,"She was married to Alan WHITEFORD on 26 Nov 1847 in Wigtown, Whithorn. Children were: Allan WHITEFORD, John Fraser WHITEFORD, James WHITEFORD, Margaret WHITEFORD, Alexander WHITEFORD, John Fraser WHITEFORD, James WHITEFORD, Margaret WHITEFORD."
P3010,Daniel Martin WHITEFORD,1850,,,,,,P3981,"was born in 1850. Lived in Whiteford, Maryland, USA. He was married to Berdena Anna LILGENBERG. Children were: Allison WHITEFORD, Charles Austin WHITEFORD, Charlotte WHITEFORD .Children were: Grover Cleveland WHITEFORD, Howard WHITEFORD, William WHITEFORD, Lou WHITEFORD, Dora WHITEFORD."
P3011,Grover Cleveland WHITEFORD,,1971,,Pennsylvania,P3010,P3980,,"died in 1971 in Pennsylvania, USA. Parents: Daniel Martin WHITEFORD and UNKNOWN.He was married. Children were: William Howard WHITEFORD ."
P3013,Judy WHITEFORD,,,,,P3012,,,Parents: William Howard WHITEFORD .
P3046,John de Quhitfuird,,,,,,,,"was living in 1386. He owned in 1431. Resigned his lands in favour of his son Patrick.Children were: Patrick de Quhitfuird, Walter, Andrew, Katherine."
P3047,Patrick de Quhitfuird,,,,,P3046,,,"owned lands in 1431. Granted Charter, obtained father's lands. Parents: John de Quhitfuird.Children were: John de Quhitfuird, Robert, ?."
P3048,Walter,,,,,P3046,,,was living in 1466. Known to be a priest. Parents: John de Quhitfuird.
P3049,Andrew,,,,,P3046,,,"was living in 1466. An Armiger, known to be alive. Parents: John de Quhitfuird."
P3050,John de Quhitfuird,,,,,P3047,,P3051,was Sasine in 1474. He was a Baillie for the Abbot of Paisley for the Burgh of Paisley in 1488. He was Received remission for his part in burning of the town of Dumbarton in 1489. Parents: Patrick de Quhitfuird.He was married to ?. Children were: Quintin de Quhitfuird.
P3051,?,,,,,,,P3050,She was married to John de Quhitfuird. Children were: Quintin de Quhitfuird.
P3052,Quintin de Quhitfuird,,,,,P3050,P3051,P3060,"was Sasine in 1507. In Crawford's ""History of Renfrewshire"", is the following --- ""Lower upon the bank of the Cart, lie the house and lands of WHITEFOORD, the seat, and whence an ancient family, of the same Surname, took appellation, who, for many ages, were both of great antiquity, and possessed of a plentiful fortune in those parts; as is clear enough from the following account: ""'For WALTER de WHITEFOORD obtained these lands, which he so called, in the Barony of Renfrew, from the Stewart of S"
P3053,Robert,,,,,P3047,,P3055,"was an Abbot of Crossraguel in 1491. Parents: Patrick de Quhitfuird.He was married to ?. Children were: John DE QUHITFUIRD, David DE QUHITFUIRD, Robert DE QUHITFUIRD."
P3054,?,,,,,P3047,,P3092,"was Moved to Ayrshire wit hbrother Robert. Parents: Patrick de Quhitfuird.He was married to ? . Children were: John, David WHYTFURD in Balloch."
P3055,?,,,,,,,P3053,"She was married to Robert. Children were: John DE QUHITFUIRD, David DE QUHITFUIRD, Robert DE QUHITFUIRD."
P3056,John DE QUHITFUIRD,,,,,P3053,P3055,,Parents: Robert and ?.
P3057,David DE QUHITFUIRD,,,,,P3053,P3055,,Parents: Robert and ?.
P3058,Robert DE QUHITFUIRD,,,,,P3053,P3055,,Parents: Robert and ?.
P3059,Katherine,,,,,P3046,,,Parents: John de Quhitfuird.
P3060,?,,,,,,,P3052,She was married to Quintin de Quhitfuird. Children were: Adam de Quhitfuird and Mylnetoun.
P3061,Adam de Quhitfuird and Mylnetoun,,,,,P3052,P3060,P3062,"owned Aquired Mylnetoun (now Milton Lockhart), Lanarkshire in 1519. He was Sasine in 1519. He was Lands escheated but subsequently restored in 1528. Parents: Quintin de Quhitfuird and ?.He was married to Katherine STEWART. Children were: John de Quhitfuird and Mylnetoun, Janet."
P3062,Katherine STEWART,,,,,,,P3061,"She was married to Adam de Quhitfuird and Mylnetoun. Children were: John de Quhitfuird and Mylnetoun, Janet."
P3063,John de Quhitfuird and Mylnetoun,,1579,,,P3061,P3062,P3064,"was Granted Charter in 1554. He died post 1579. Parents: Adam de Quhitfuird and Mylnetoun and Katherine STEWART.He was married to Agnes LOCKHART . Children were: John de Quhitfuird and Mylnetoun .He was married to Margaret after 24 Jan 1553/54. Children were: Adam de Quhitfuird and Mylnetoun , James, Thomas."
P3064,Agnes LOCKHART,,,,,,,P3063,She was married to John de Quhitfuird and Mylnetoun. Children were: John de Quhitfuird and Mylnetoun.
P3065,John de Quhitfuird and Mylnetoun,,1606,,,P3063,P3064,P3071,died in 1606. Without Issue. Parents: John de Quhitfuird and Mylnetoun and Agnes LOCKHART .He was married to Elizabeth LINDSAY.
P3066,Margaret,,1579,,,,,P3063,"died post 1579.She was married to John de Quhitfuird and Mylnetoun after 24 Jan 1553/54. Children were: Adam de Quhitfuird and Mylnetoun, James, Thomas."
P3067,Adam de Quhitfuird and Mylnetoun,,,,,P3063,P3066,P3072,"was Succeded his brother Jihn to title. in 1606. Parents: John de Quhitfuird and Mylnetoun and Margaret.He was married to Mary SOMERVELL . Children were: Adam James WHITEFORD of Whiteford and Mylntoun, Rt. Rev. Walter WHITEFORD, Helen WHITEFORD."
P3068,James,,,,,P3063,P3066,,was Known to be alive in 1602. Parents: John de Quhitfuird and Mylnetoun and Margaret.
P3069,Thomas,,,,,P3063,P3066,,was a Baillie of Paislet in 1596. Parents: John de Quhitfuird and Mylnetoun and Margaret.
P3070,Janet,,,,,P3061,P3062,,Parents: Adam de Quhitfuird and Mylnetoun and Katherine STEWART.
P3071,Elizabeth LINDSAY,,,,,,,P3065,She was married to John de Quhitfuird and Mylnetoun.
P3072,Mary SOMERVELL,,,,,,,P3067,"She was married to Adam de Quhitfuird and Mylnetoun. Children were: Adam James WHITEFORD of Whiteford and Mylntoun, Rt. Rev. Walter WHITEFORD , Helen WHITEFORD."
P3073,Adam James WHITEFORD of Whiteford and Mylntoun,,1707,,,P3067,P3072,P3088,died post 1707. Parents: Adam de Quhitfuird and Mylnetoun and Mary SOMERVELL .He was married. Children were: Sir John WHITEFORD of Whitrford and Mylntoun.He was married to Robina LOCKHART. Children were: Barbara WHITEFORD.
P3075,Helen WHITEFORD,,,,,P3067,P3072,,Parents: Adam de Quhitfuird and Mylnetoun and Mary SOMERVELL.
P3076,Sir John WHITEFORD of Whitrford and Mylntoun,,,,,P3073,,P3085,"was Sold lands of Whiteford and Mylntoun. Parents: Adam James WHITEFORD of Whiteford and Mylntoun.He was married to ?. Children were: Betty WHITEFORD, Agnes WHITEFORD."
P3077,? RITCHIE,,,,,,,P3074,"She was married to Rt. Rev. Walter WHITEFORD . Children were: Rev John WHITEFORD, Colonel Walter WHITEFORD, Adam WHITEFORD, David WHITEFORD, James WHITEFORD, Christian WHITEFORD, Rachel WHITEFORD."
P3078,Rev John WHITEFORD,,1667,,Ashton,P3074,P3077,,"died on 9 Oct 1667 in Ashton. Oldest son of Bishop Whitefoord, was presented in 1641 at the instance of Laud, to the rectory of Ashton in Northamptonshire, and instituted on 17 May. In 1645 he was ejected, and took refuge with his father. He was reinstated at the Restoration, and on 5 July 1661, received a grant of 100 pounds in compensation for the loss of his books and other property. Parents: Rt. Rev. Walter WHITEFORD and ? RITCHIE."
P3080,Adam WHITEFORD,1624,1646,,Oxford,P3074,P3077,,"was born in 1624. He died in 1646 in Oxford. Killed at the Siege of Oxford during the English Civil War. Son of Bishop Whitefoord, soldier, Adam was a student at Christ Church, Oxford. He died there in 1647 and is buried in the south transept of the Cathedral. He was a king's scholar at Westminster school, and in 1641 was elected to Christ Church, Oxford whence he matriculated on 10 Dec., graduating B.A. on 4 Dec. 1646. Like his brother David Whitefoord, he enrolled himself in the royal garrison"
P3081,David WHITEFORD,1626,1674,,,P3074,P3077,,"was born in 1626. He died on 26 Oct 1674. He was educated in Oxford. Christ Church College, Oxford Fought at the siege of Oxford for the Royalists against the Paliamentarian attackers, where his brother Adam was killed, later taken prisoner at Battle of Worcester during the English Civil War. Parents: Rt. Rev. Walter WHITEFORD and ? RITCHIE."
P3082,James WHITEFORD,,,,,P3074,P3077,,Parents: Rt. Rev. Walter WHITEFORD and ? RITCHIE.
P3083,Christian WHITEFORD,,,,,P3074,P3077,,Parents: Rt. Rev. Walter WHITEFORD and ? RITCHIE.
P3084,Rachel WHITEFORD,,,,,P3074,P3077,,"Discovered the ""Moffat Well"" at Moffat, which was to prove the economic salvation of the town. Parents: Rt. Rev. Walter WHITEFORD and ? RITCHIE."
P3085,?,,,,,,,P3076,"She was married to Sir John WHITEFORD of Whitrford and Mylntoun. Children were: Betty WHITEFORD , Agnes WHITEFORD."
P3086,Betty WHITEFORD,,,,,P3076,P3085,,Parents: Sir John WHITEFORD of Whitrford and Mylntoun and ?.
P3087,Agnes WHITEFORD,,,,,P3076,P3085,,Parents: Sir John WHITEFORD of Whitrford and Mylntoun and ?.
P3088,Robina LOCKHART,,,,,,,P3073,She was married to Adam James WHITEFORD of Whiteford and Mylntoun. Children were: Barbara WHITEFORD.
P3089,Barbara WHITEFORD,1707,,,,P3073,P3088,,was born in 1707. Parents: Adam James WHITEFORD of Whiteford and Mylntoun and Robina LOCKHART .
P3090,?,,,,,,,P3079,She was married to Colonel Walter WHITEFORD. Children were: Charles WHITEFORD.
P3091,Charles WHITEFORD,,1722,,,P3079,P3090,,was a Head of the Scots College in Paris in 1714. He died in 1722. without issue. Parents: Colonel Walter WHITEFORD and ?.
P3092,?,,,,,,,P3054,"She was married to ?. Children were: John, David WHYTFURD in Balloch."
P3093,John,,,,,P3054,P3092,P3095,was living in 1530. Parents: ? and ?.He was married to Bessie.
P3095,Bessie,,,,,,,P3093,She was married to John.
P3097,? KENNEDY,,,,,,,P3096,"She was married to David WHYTFURD in Balloch . Children were: Adam WHYTFORDE in Trochrig, John WHYTFURD."
P3105,James WHITEFOORD of Dunduff,,,,,P3098,,P3106,"Parents: Adam WHYTFORDE in Trochrig.He was married to Isobel BLAIR. Children were: Sir Adam WHITEFOORD 1st Baronette of Blairquahan , Bryce WHYTFORDE of Dunduff and Concaird Castle , Jean WHYTFORDE."
P3106,Isobel BLAIR,,,,,,,P3105,"She was married to James WHITEFOORD of Dunduff. Children were: Sir Adam WHITEFOORD 1st Baronette of Blairquahan, Bryce WHYTFORDE of Dunduff and Concaird Castle, Jean WHYTFORDE."
P3107,Sir Adam WHITEFOORD 1st Baronette of Blairquahan,,1727,,November 1727,P3105,P3106,P3110,"was Created Baronette of Scotland on 30 Dec 1701. He died on 2 Nov 1727 in Ayr, Ayrshire. He was also known as Adam Whitefoord of Dunduff. He was Made over lands of Dunduff to his brother Bryce. ""The Whitefoords of Blairquhan, in the County of Ayr, are descended from a younger son of the Whitefoords of That Ilk, who took up residence in the shire of Ayr with his brother, Abbot of Crossraugel, during the reign of King James IV, who designed them Heritable Coroners of the jurisdiction of Carrick. "
P3111,John WHITEFOORD 2nd Baronette of Blairquahan,1700,1763,,Edinburgh,P3107,P3110,P3117,"was born in 1700. He died on 2 Mar 1763 in Edinburgh, Mid Lothian, Scotland. He was a Colonel of the 12th Light Dragoons. He was a Lt. Colonel in the Army. He was a Burgess of Ayr. Sir Johm Whitefoord, the second baronet, entered the army in 1720, became Captain in 1726, and Major in 1742. In January 1750, he was made Colonel, was appointed Major General in 1758, and Lieutenant General in 1761. James Forbes Whiteford, ""The Whiteford Family"" (c 1950) Parents: Sir Adam WHITEFOORD 1st Baronette of "
P3112,"Allan WHITEFOORD of Ballochmyle, Ayrshire",,1766,,,P3107,P3110,,"died on 26 Mar 1766. Unmarried. He was a Cashier, Royal BAnk of Scotland. He was a Commisioner of Customs and Excise. He was a Receiver-General of the Land Tax. Parents: Sir Adam WHITEFOORD 1st Baronette of Blairquahan and Hon. Margaret CATHCART."
P3113,Charles WHITEFOORD,,1753,,,P3107,P3110,,"was baptised on 9 May 1703. He served in the military in 1738. Captain of the Royal Irish He served in the military in 1740. Served in the West Indies Expedition. He served in the military in 1742 in Carthagena. Fought at Cartegena. He served in the military in 1745. Fought against Jacobites, noteably at Prestonpans. Reputedly subject of Sir Walter Scott's novel 'Waverley'. He died on 2 Jan 1753. He was a Colonel of the 5th Foot Regiment. Parents: Sir Adam WHITEFOORD 1st Baronette of Blairquahan"
P3114,Mary Anne WHITEFOORD,,,,,P3107,P3110,,Parents: Sir Adam WHITEFOORD 1st Baronette of Blairquahan and Hon. Margaret CATHCART .
P3115,Elizabeth CUNYNGHAME,,,,,,,P3108,She was married to Bryce WHYTFORDE of Dunduff and Concaird Castle. Children were: James WHYTFORDE of Dunduff.
P3118,Sir John WHITEFOORD 3rd Baronette of Blairquahan,1734,1769,,Cannongate was built in 1769 in Edinburgh,P3111,P3117,P3124,"was born in 1734. He owned Ballochmyle in 1766 in Ayrshire. Succeded to Ballochmyle (A Georgian House, now a hospital) on the death of his uncle, Allan Whitefoord. He was owner of Whitefoord House in Cannongate was built in 1769 in Edinburgh, Mid Lothian, Scotland. Whitefoord House - Canongate A bland, three story block unrelieved by later accretions, Whitefoord House in the Canongate was designed by Robert Mylne in 1769 for Sir John Whitefoord of Ballochmyle, Ayrshire, a patron of Robert Burns."
P3119,Alice WHITEFOORD,,,,,P3111,P3117,,died. as an infant. Parents: John WHITEFOORD 2nd Baronette of Blairquahan and Alice MOORE of Tullyhalen .
P3120,Margaret WHITEFOORD,,,,,P3111,P3117,,died. as an infant. Parents: John WHITEFOORD 2nd Baronette of Blairquahan and Alice MOORE of Tullyhalen .
P3121,Hew WHITEFOORD,,1741,,Apr 1741,P3107,P3110,,"died in Apr 1741. On Service. He was a Cornet, Cardogan's Dragoons. Parents: Sir Adam WHITEFOORD 1st Baronette of Blairquahan and Hon. Margaret CATHCART."
P3122,"Caleb WHITEFOORD F.R.S.(1784), F.S.A. of London",1734,1810,,Saint Martin In The Fields,P3113,,P3134,"was born in 1734. He died on 4 Feb 1810. He was educated in Edinburgh, University. Intimate friend of Benjamin Franklin --Secretary to the British Commissioners during the Treaty of Paris (1783 -7) where peace was arranged between America and Great Britain thus bringing to a close the American War of Independence. Parents: Charles WHITEFOORD.He was married to Mary SIDDAY on 21 Jan 1800 in Saint Martin In The Fields, Westminster, London, England. Children were: Charles WHITEFOORD, Rev. Caleb WHIT"
P3123,Charlotta WHITEFOORD,,,,,P3113,,,Parents: Charles WHITEFOORD.
P3125,Allan WHITEFOORD,,1776,,,P3118,P3124,,died in 1776. Parents: Sir John WHITEFOORD 3rd Baronette of Blairquahan and Anne CARTWRIGHT .
P3126,John WHITEFOORD,,1788,,,P3118,P3124,,died on 9 Oct 1788. He was a Midshipman in the Royal Navy. Parents: Sir John WHITEFOORD 3rd Baronette of Blairquahan and Anne CARTWRIGHT.
P3127,James WHITEFORD,,1795,,,P3118,P3124,,died on 30 Aug 1795. Parents: Sir John WHITEFOORD 3rd Baronette of Blairquahan and Anne CARTWRIGHT .
P3128,Charles WHITEFOORD,,1787,,,P3118,P3124,,died on 6 Jun 1787. Parents: Sir John WHITEFOORD 3rd Baronette of Blairquahan and Anne CARTWRIGHT .
P3129,Mary Jane WHITEFOORD,,,,,P3118,P3124,,"Subject of the robert Burns poem ""The Braes of Ballochmyle"". Burns added the following footnote to the song: ""I composed the verses on the amiable and excellent family of Whitefoord leaving Ballochmyle. The 'Maria' referred to in the song was Sir John's daughter, Mary Anne Whitefoord."" The Braes of Ballochmyle is the wooded north bank of the River Ayr between Catrine and the Howford bridge, (now the A76 Mauchline/Auchinleck Road). Parents: Sir John WHITEFOORD 3rd Baronette of Blairquahan and Ann"
P3130,Allice Lucy WHITEFOORD,,1827,,,P3118,P3124,,died in 1827. Parents: Sir John WHITEFOORD 3rd Baronette of Blairquahan and Anne CARTWRIGHT .
P3131,Anne WHITEFOORD,,1805,,,P3118,P3124,,died on 23 Feb 1805. unmarried. Parents: Sir John WHITEFOORD 3rd Baronette of Blairquahan and Anne CARTWRIGHT.
P3132,Jane WHITEFOORD,,1817,,,P3118,P3124,,died on 19 Sep 1817. Parents: Sir John WHITEFOORD 3rd Baronette of Blairquahan and Anne CARTWRIGHT .
P3133,James WHITEFOORD,,,,,P3118,P3124,,died. as an infant. Parents: Sir John WHITEFOORD 3rd Baronette of Blairquahan and Anne CARTWRIGHT .
P3134,Mary SIDDAY,,,,,,,P3122,"She was married to Caleb WHITEFOORD F.R.S.(1784), F.S.A. of London on 21 Jan 1800 in Saint Martin In The Fields, Westminster, London, England. Children were: Charles WHITEFOORD , Rev. Caleb WHITEFOORD M.A., Charles WHITEFOORD, Malcomn WHITEFOORD, John WHITEFOORD, Maria WHITEFOORD, Hariot WHITEFOORD."
P3135,Charles WHITEFOORD,1797,1804,,,P3122,P3134,,"was born on 8 Jun 1797. He died on 20 May 1804. Parents: Caleb WHITEFOORD F.R.S.(1784), F.S.A. of London and Mary SIDDAY."
P3136,Rev. Caleb WHITEFOORD M.A.,1805,1890,London,London,P3122,P3134,,"was born on 30 Dec 1805. He appeared on the census in 1881 in Greet, Shropshire, England. Described as Head of Household, aged 76 years, a Clergyman born in London, Middlesex, England and living at Whitton Rectory. He employed two servants, namely Rosa Maria Stevens, aged 16, unmarried and born in Westbury, Shropshire, England as a Cook and Alice Waithe aged 14, unmarried, born in Hope Bagot, Shropshire, England and employed as a Housemaid. He died on 5 Jan 1890. Parents: Caleb WHITEFOORD F.R.S."
P3137,Charles WHITEFOORD,1807,,,,P3122,P3134,P3155,"was born on 18 Sep 1807. Parents: Caleb WHITEFOORD F.R.S.(1784), F.S.A. of London and Mary SIDDAY.He was married to Mary ENRIGHT on 15 Jul 1842 in Saint James, Paddington, London, England. Children were: Caleb WHITEFOORD, Charles WHITEFOORD, Dr. Adam John WHITEFOORD, Malcomn WHITEFOORD , John WHITEFOORD, Maria WHITEFOORD, Harriot WHITEFOORD. Back Next"
P3138,Malcomn WHITEFOORD,,,,,P3122,P3134,,"Parents: Caleb WHITEFOORD F.R.S.(1784), F.S.A. of London and Mary SIDDAY."
P3139,John WHITEFOORD,,,,,P3122,P3134,,"Parents: Caleb WHITEFOORD F.R.S.(1784), F.S.A. of London and Mary SIDDAY."
P3140,Maria WHITEFOORD,,,,,P3122,P3134,,"Parents: Caleb WHITEFOORD F.R.S.(1784), F.S.A. of London and Mary SIDDAY."
P3141,Hariot WHITEFOORD,,,,,P3122,P3134,,"Parents: Caleb WHITEFOORD F.R.S.(1784), F.S.A. of London and Mary SIDDAY."
P3142,Sarah LAMBERT,,,London,London,,,P3136,"appeared on the census in 1881 in Greet, Shropshire, England. Described as the wife of the Head of Household, aged 72 and born in London, Middlesex, England.She was married to Rev. Caleb WHITEFOORD M.A. on 27 Apr 1833 in Saint James, Westminster, London, England. Children were: Rebecca WHITEFOORD, Caleb WHITEFOORD, Samuel Charles WHITEFOORD of Whitton Paddocks, Ludlow, Salop., John WHITEFOORD, Rev. Benjamin WHITEFOORD D.D. M.A., Rev. Philip WHITEFOORD , Jemima WHITEFOORD, Hannah WHITEFOORD, Sara"
P3143,Caleb WHITEFOORD,1842,1866,,,P3136,P3142,,"was born on 15 May 1842. He was christened on 15 Jun 1842 in Saint James, Paddington, London, England. He died on 5 Aug 1866. without issue. Parents: Rev. Caleb WHITEFOORD M.A. and Sarah LAMBERT."
P3144,"Samuel Charles WHITEFOORD of Whitton Paddocks, Ludlow, Salop.",1845,1881,Tenbury,Whitton,P3136,P3142,P3162,"was born on 20 Apr 1845 in Tenbury, Worcester, England. He appeared on the census in 1881 in Whitton, Shropshire, England. Described as a Gentleman, Head of Household, aged 35, married and born in Tenbury, Worcester, England. Living at Whitton Farm where he employed four domestic staff, these were: Charlotte Partridge, unmarried aged 45 an Nurse born in Darlaston, Stafford, England Helen Fortey, unmarried aged 40, a Servant born in Darlaston, Stafford, England Matilda Didleck, unmarried, aged 28"
P3145,John WHITEFOORD,1847,1892,,,P3136,P3142,,was born on 25 Jun 1847. He died in 1892. unmarried. Parents: Rev. Caleb WHITEFOORD M.A. and Sarah LAMBERT.
P3146,Rev. Benjamin WHITEFOORD D.D. M.A.,1848,1912,,,P3136,P3142,P3169,"was born on 26 Dec 1848. He died on 30 Nov 1912. without issue. He was educated in New College, Oxford. Parents: Rev. Caleb WHITEFOORD M.A. and Sarah LAMBERT .He was married to Hon. Marion Sybil HEADLEY on 13 Nov 1890."
P3147,Rev. Philip WHITEFOORD,1850,1881,Burford,Ledbury,P3136,P3142,P3170,"was born on 9 Oct 1850 in Burford, Shropshire, England. He appeared on the census in 1881 in Ledbury, Hereford, England. Described as the Rector of Aylton & Chaplainn To Ledby Union, aged 30, unmarried born in ""...ford"", Shropshire, England . Phillip was lodging with the Owen family of New St, Ledbury. He was a Rector of Whitton, Salop between 1891 and 1899. sometime Chaplin at Stuttgart. He was a Rector of Rand with Fulnetby, Lancs. between 1909 and 1919. He died on 21 Apr 1935. He was educated"
P3148,Hannah WHITEFOORD,,,,,P3136,P3142,,Parents: Rev. Caleb WHITEFOORD M.A. and Sarah LAMBERT.
P3149,Sarah WHITEFOORD,,,,,P3136,P3142,,Parents: Rev. Caleb WHITEFOORD M.A. and Sarah LAMBERT.
P3150,Susanna Elizabeth Bailey WHITEFOORD,,1915,,,P3136,P3142,,died on 21 Feb 1915. Parents: Rev. Caleb WHITEFOORD M.A. and Sarah LAMBERT .
P3151,Rebecca WHITEFOORD,1841,1881,Burford,Greet,P3136,P3142,,"was born in 1841 in Burford, Shropshire, England. She appeared on the census in 1881 in Greet, Shropshire, England. Described as the daughter of the Head of Household, aged 40, unmarried and born in Burford, Shropshire, England. She died in 1894. unmarried. Parents: Rev. Caleb WHITEFOORD M.A. and Sarah LAMBERT."
P3152,Mary WHITEFOORD,,,,,P3136,P3142,,died. unmarried. Parents: Rev. Caleb WHITEFOORD M.A. and Sarah LAMBERT .
P3153,Elizabeth WHITEFOORD,,,,,P3136,P3142,,died. unmarried. Parents: Rev. Caleb WHITEFOORD M.A. and Sarah LAMBERT.
P3154,Jemima WHITEFOORD,1854,1881,Burford,Greet,P3136,P3142,,"was born in 1854 in Burford, Shropshire, England. She appeared on the census in 1881 in Greet, Shropshire, England. Described as the daughter of the Head of Household, aged 27, unmarried and born in Burford, Shropshire, England. She died in 1942. unmarried. Parents: Rev. Caleb WHITEFOORD M.A. and Sarah LAMBERT."
P3155,Mary ENRIGHT,,,,,,,P3137,"She was married to Charles WHITEFOORD on 15 Jul 1842 in Saint James, Paddington, London, England. Children were: Caleb WHITEFOORD, Charles WHITEFOORD, Dr. Adam John WHITEFOORD, Malcomn WHITEFOORD, John WHITEFOORD, Maria WHITEFOORD, Harriot WHITEFOORD."
P3156,Caleb WHITEFOORD,,,,,P3137,P3155,,Parents: Charles WHITEFOORD and Mary ENRIGHT.
P3157,Dr. Adam John WHITEFOORD,1846,1881,Hammersmith,Hammersmith,P3137,P3155,P3181,"was born on 5 Apr 1846 in Hammersmith, London, Middlesex, England. He appeared on the census in 1881 in Hammersmith, London, Middlesex, England. Describerd as the Head of Household, a Gen Practioner M.R.C.S, aged 34, born in St. Johns Wood, London. Noted as employing one servant - Emily Kofford, aged 17 and born in Sutton, Bedford, England and employed as a General Servant. He died on 11 Sep 1885. He was a Surgeon. Parents: Charles WHITEFOORD and Mary ENRIGHT.He was married to Ellen Mary COLE on"
P3158,Malcomn WHITEFOORD,,,,,P3137,P3155,,Parents: Charles WHITEFOORD and Mary ENRIGHT.
P3159,John WHITEFOORD,,,,,P3137,P3155,,Parents: Charles WHITEFOORD and Mary ENRIGHT.
P3160,Maria WHITEFOORD,,,,,P3137,P3155,,Parents: Charles WHITEFOORD and Mary ENRIGHT.
P3161,Harriot WHITEFOORD,,,,,P3137,P3155,,Parents: Charles WHITEFOORD and Mary ENRIGHT.
P3162,Mary MILLS,1842,1881,Westbury,Whitton,,,P3144,"was born in 1842 in Westbury, Stafford, England. She appeared on the census in 1881 in Whitton, Shropshire, England. Described as wife of the Head of Household, aged 39, married and born in Westbury, Stafford, England.She was married to Samuel Charles WHITEFOORD of Whitton Paddocks, Ludlow, Salop. on 21 May 1874 in Whitton By Tenbury, Shropshire, England. Children were: Lucy WHITEFOORD, Mary WHITEFOORD, Alice Vernon WHITEFOORD, Helen Georgina WHITEFOORD, Caleb Alan Bryce WHITEFOORD , Rev. Charle"
P3163,Caleb Alan Bryce WHITEFOORD,1881,1941,,,P3144,P3162,P3176,"was born on 17 Jun 1881. He served in the military in 1900 in South Africa. in army. He served in the military between 1914 and 1918. in army WWI. He died on 15 Jun 1941. He died on 15 Jun 1941. He resided 36, Broad St. in Ludlow, Salop. Parents: Samuel Charles WHITEFOORD of Whitton Paddocks, Ludlow, Salop. and Mary MILLS.He was married to Eveleen Margaret Mary WHITEFOORD on 18 Nov 1905. Children were: Marjorie Vernon WHITEFOORD."
P3164,Rev. Charles Blairquahan WHITEFOORD C.F.,1885,1918,,France,P3144,P3162,,"was born on 5 Jan 1885. He died in 1918 in France. Killed in Action He was buried in 1918 in Bagneux British Cemetry, Gezaincourt, Somme, France. Citation reads: In Memory of THE REV. C B. WHITEFOORD Chaplain 4th Class Army Chaplains' Dept. attd 6th Bn., London Regt (City of London Rifles) who died on Thursday, 30th May 1918. Additional Information: Brother of Mr. C. A. B. Whitefoord, of 36, Broad St., Ludlow, Salop. Commemorative Information Cemetery: BAGNEUX BRITISH CEMETERY, GEZAINCOURT, Somm"
P3165,Lucy WHITEFOORD,1876,1881,Whitton,Whitton,P3144,P3162,,"was born in 1876 in Whitton, Shropshire, England. She appeared on the census in 1881 in Whitton, Shropshire, England. Described as daughter of the Head of Household, a scholar, aged 5 and born in Whitton, Shropshire, England Parents: Samuel Charles WHITEFOORD of Whitton Paddocks, Ludlow, Salop. and Mary MILLS."
P3166,Mary WHITEFOORD,1877,1881,Whitton,Whitton,P3144,P3162,,"was born in 1877 in Whitton, Shropshire, England. She appeared on the census in 1881 in Whitton, Shropshire, England. Described as daughter of the Head of Household, a scholar, aged 4 and born in Whitton, Shropshire, England She died on 19 May 1960. unmarried. Parents: Samuel Charles WHITEFOORD of Whitton Paddocks, Ludlow, Salop. and Mary MILLS."
P3167,Alice Vernon WHITEFOORD,1878,1881,Whitton,Whitton,P3144,P3162,P3178,"was born in 1878 in Whitton, Shropshire, England. She appeared on the census in 1881 in Whitton, Shropshire, England. Described as daughter of the Head of Household, an infant, aged 3and born in Whitton, Shropshire, England Parents: Samuel Charles WHITEFOORD of Whitton Paddocks, Ludlow, Salop. and Mary MILLS.She was married to Leonard JOYCE."
P3168,Helen Georgina WHITEFOORD,1880,1881,Whitton,Whitton,P3144,P3162,,"was born in 1880 in Whitton, Shropshire, England. She appeared on the census in 1881 in Whitton, Shropshire, England. Described as daughter of the Head of Household, an infant, aged 1 and born in Whitton, Shropshire, England Parents: Samuel Charles WHITEFOORD of Whitton Paddocks, Ludlow, Salop. and Mary MILLS."
P3169,Hon. Marion Sybil HEADLEY,,,,,,,P3146,She was married to Rev. Benjamin WHITEFOORD D.D. M.A. on 13 Nov 1890.
P3170,Gertrude Relton HARDING,,,,,,,P3147,"She was married to Rev. Philip WHITEFOORD on 16 May 1893. Children were: Major-General Philip Geoffrey WHITEFOORD OBE, MBE, MC, Claude Winwood WHITEFOORD, Hugh Penry WHITEFOORD, Joyce Gertrude WHITEFOORD, Isobel Fatherine WHITEFOORD ."
P3171,"Major-General Philip Geoffrey WHITEFOORD OBE, MBE, MC",1894,1944,,the military in 1944/45,P3147,P3170,P3179,"was born on 24 Sep 1894. He served in the military in 1912. Commissioned 2nd Lieutenant, 3rd Bn. Lincolnshire Regiment. He served in the military in 1914. Transfered to Royal Artillery, served in WWI in France and Belgium. Mentioned in dispatches - twice. He served in the military in 1918. awarded Military Cross. He was awarded MBE. in 1923. . He was a Barrister at Law, Gray's Inn in 1930. He served in the military in 1939/40. Served with the B.E.F. in France. He was awarded O.B.E. in 1940. He s"
P3172,Claude Winwood WHITEFOORD,,,,,P3147,P3170,,Parents: Rev. Philip WHITEFOORD and Gertrude Relton HARDING.
P3173,Hugh Penry WHITEFOORD,,,,,P3147,P3170,P3199,"Parents: Rev. Philip WHITEFOORD and Gertrude Relton HARDING.He was married to Helen Bertha ADELE. Children were: Caroline WHITEFOORD, Lucy Elizabeth WHITEFOORD ."
P3174,Joyce Gertrude WHITEFOORD,,,,,P3147,P3170,,Parents: Rev. Philip WHITEFOORD and Gertrude Relton HARDING.
P3175,Isobel Fatherine WHITEFOORD,,,,,P3147,P3170,,Parents: Rev. Philip WHITEFOORD and Gertrude Relton HARDING.
P3176,Eveleen Margaret Mary WHITEFOORD,1880,1881,Hammersmith,Hammersmith,P3157,P3181,P3163,"was born on 6 Oct 1880 in Hammersmith, London, Middlesex, England. She appeared on the census in 1881 in Hammersmith, London, Middlesex, England. Describerd as the daughter of the Head of Household, aged 5 months, born in Hammersmith. Parents: Dr. Adam John WHITEFOORD and Ellen Mary COLE.She was married to Caleb Alan Bryce WHITEFOORD on 18 Nov 1905. Children were: Marjorie Vernon WHITEFOORD."
P3177,Marjorie Vernon WHITEFOORD,1907,1944,,Bangor (Llandegai Rd) Cemetry,P3163,P3176,,"was born on 15 May 1907. She served in the military between 1939 and 1944. (WWII). She died on 20 Aug 1944. unmarried. She was buried on 20 Aug 1944 in Bangor (Llandegai Rd) Cemetry, Carnarvonshire, United Kingdom. Citation reads: In Memory of MARJORIE VERNON WHITEFOORD Junior Commander 196715 Aux. Territorial Service who died on Sunday, 20th August 1944. Additional Information: Junr. Commemorative Information Cemetery: BANGOR (LLANDEGAI ROAD) CEMETERY, Carnarvonshire, United Kingdom Grave Refer"
P3178,Leonard JOYCE,,,,,,,P3167,He was married to Alice Vernon WHITEFOORD .
P3180,Helen Jillian WHITEFOORD,1931,1960,,,P3171,P3179,P3202,"was born on 11 Dec 1931. Parents: Major-General Philip Geoffrey WHITEFOORD OBE, MBE, MC and Helen Marjorie WILLIAMSON.She was married to Lt. Colonel Charles Aylmer GADE T.D. on 24 Feb 1960."
P3181,Ellen Mary COLE,1848,,Calcutta,,,,P3157,"was born in 1848 in Calcutta, India. She appeared on the census in 1881 in Hammersmith, London, Middlesex, England.She was married to Dr. Adam John WHITEFOORD on 4 Dec 1873. Children were: Lionel Cole WHITEFOORD, Henry Fraser Lee WHITEFOORD , Eveleen Margaret Mary WHITEFOORD."
P3182,Lionel Cole WHITEFOORD,1876,1881,Wokingham,Hammersmith,P3157,P3181,,"was born in 1876 in Wokingham, Berkshire, England. He appeared on the census in 1881 in Hammersmith, London, Middlesex, England. Describerd as the son of the Head of Household, aged 4, born in Wokingham, Berkshire, England He served in the military between 1914 and 1918 in France. Lt. Irish Guards, served in WWI. He died on 15 Sep 1916 in France. killed in action. He was buried after 15 Sep 1916 in Thiepval Memorial, Somme, France. Citation Reads: In Memory of LIONEL COLE WHITEFOORD Lieutenant 1"
P3183,Henry Fraser Lee WHITEFOORD,1878,1881,Hammersmith,Hammersmith,P3157,P3181,,"was born on 12 Sep 1878 in Hammersmith, London, Middlesex, England. He appeared on the census in 1881 in Hammersmith, London, Middlesex, England. Describerd as the son of the Head of Household, aged 2, born in Hammersmith. He died after 1881. Parents: Dr. Adam John WHITEFOORD and Ellen Mary COLE."
P3184,Marjoie Agatha POSTLETHWAITE,,,,,,,P3182,"She was married to Lionel Cole WHITEFOORD on 24 Aug 1904. Children were: Lionel Esmond Caleb WHITEFOORD, Alan Kennedy WHITEFOORD , Nigel WHITEFOORD, Neil Stewart Patrick WHITEFOORD, Anthony WHITEFOORD ."
P3185,Lionel Esmond Caleb WHITEFOORD,1905,1927,,,P3182,P3184,,was born on 11 Jul 1905. He died on 8 May 1927. He was educated in Eton. He was educated in Cambridge. Parents: Lionel Cole WHITEFOORD and Marjoie Agatha POSTLETHWAITE .
P3186,Alan Kennedy WHITEFOORD,1908,1932,,,P3182,P3184,,"was born on 28 Jul 1908. He died in 1932. He was educated in Eastbourne. Eastbourne, College Parents: Lionel Cole WHITEFOORD and Marjoie Agatha POSTLETHWAITE ."
P3187,Nigel WHITEFOORD,1910,,,,P3182,P3184,,was born on 17 May 1910. He died. died young. Parents: Lionel Cole WHITEFOORD and Marjoie Agatha POSTLETHWAITE .
P3188,Neil Stewart Patrick WHITEFOORD,1915,,,,P3182,P3184,P3190,"was born on 4 Jan 1915. He served in the military in 1938/39 in Servedin, Palestine. Major in the Irish Guards. He served in the military between 1939 and 1945. servered in WWII. He was educated in Eton. He was educated in Sandhurst. Royal Military College. Parents: Lionel Cole WHITEFOORD and Marjoie Agatha POSTLETHWAITE .He was married to Pamela Aurore Eye WOOD on 15 Jun 1940. He was divorced from Pamela Aurore Eye WOOD in 1955. Children were: Patricia Ariel Griselda WHITEFOORD, Natalie Vere WH"
P3189,Anthony WHITEFOORD,1916,1963,,,P3182,P3184,P3193,"was born on 14 Aug 1916. He served in the military between 1939 and 1945. Captain in the Irish Guards, SRO. served in WWII, RARO. He was educated in Worcester. Worcester College. He was educated in Eton. Parents: Lionel Cole WHITEFOORD and Marjoie Agatha POSTLETHWAITE .He was married to Angela Mary Beatrix WARLER in Sep 1939. Children were: Niel Esmond Anthony WHITEFOORD , Adam John Anthony WHITEFOORD.He was married to Margaret Anne Magdeline GREENLEES on 12 Dec 1963. Children were: Charles Alex"
P3191,Patricia Ariel Griselda WHITEFOORD,1941,,Apr 1941,,P3188,P3190,,was born in Apr 1941. Parents: Neil Stewart Patrick WHITEFOORD and Pamela Aurore Eye WOOD.
P3192,Natalie Vere WHITEFOORD,1949,,,,P3188,P3190,,was born on 10 Mar 1949. Parents: Neil Stewart Patrick WHITEFOORD and Pamela Aurore Eye WOOD.
P3193,Angela Mary Beatrix WARLER,,,,,,,P3189,"She was married to Anthony WHITEFOORD in Sep 1939. Children were: Niel Esmond Anthony WHITEFOORD, Adam John Anthony WHITEFOORD ."
P3194,Niel Esmond Anthony WHITEFOORD,1940,,,,P3189,P3193,,was born on 29 Aug 1940. Parents: Anthony WHITEFOORD and Angela Mary Beatrix WARLER .
P3195,Adam John Anthony WHITEFOORD,1941,,,,P3189,P3193,,was born on 12 Oct 1941. Parents: Anthony WHITEFOORD and Angela Mary Beatrix WARLER .
P3196,Margaret Anne Magdeline GREENLEES,,,,,,,P3189,She was married to Anthony WHITEFOORD on 12 Dec 1963. Children were: Charles Alexander Anthony WHITEFOORD.Back Next
P3197,Charles Alexander Anthony WHITEFOORD,1965,,,,P3189,P3196,,was born in 1965. Parents: Anthony WHITEFOORD and Margaret Anne Magdeline GREENLEES .
P3198,Charles WHITEFOORD,1844,,,,P3137,P3155,,was born on 9 Dec 1844. Parents: Charles WHITEFOORD and Mary ENRIGHT.
P3199,Helen Bertha ADELE,,,,,,,P3173,"She was married to Hugh Penry WHITEFOORD . Children were: Caroline WHITEFOORD, Lucy Elizabeth WHITEFOORD.Back Next"
P3200,Caroline WHITEFOORD,1933,,,,P3173,P3199,,"was born on 21 May 1933. She was a Higher Scientific Officer, Natural History Museum in London. Parents: Hugh Penry WHITEFOORD and Helen Bertha ADELE."
P3201,Lucy Elizabeth WHITEFOORD,1935,,,,P3173,P3199,,was born on 4 May 1935. Parents: Hugh Penry WHITEFOORD and Helen Bertha ADELE.
P3202,Lt. Colonel Charles Aylmer GADE T.D.,,,,the military,,,P3180,served in the military. Shropshire Yeomanry (T & AVR).He was married to Helen Jillian WHITEFOORD on 24 Feb 1960.
P3203,Adam WHITEFOORD,1714,,Blairquhan,,P3107,P3110,,"was born about 1714 in Blairquhan, Ayr, Scotland. Note 100% certain on this entry.... Parents: Sir Adam WHITEFOORD 1st Baronette of Blairquahan and Hon. Margaret CATHCART."
P3204,Alan WHITEFORD,,1847,,Wigtown,,,P2789,"He was married to Jane (MAC)COSKRIE on 26 Nov 1847 in Wigtown, Whithorn. Children were: Allan WHITEFORD, John Fraser WHITEFORD, James WHITEFORD, Margaret WHITEFORD, Alexander WHITEFORD, John Fraser WHITEFORD, James WHITEFORD, Margaret WHITEFORD."
P3205,Michael Crook WHITEFORD,,1891,,,,,P3206,"died on 25 Jul 1891.He was married to Augustine Biddle STREETT on 17 Jan 1847. Children were: Michael Crook WHITEFORD, John Streett WHITEFORD , Ida Jane WHITEFORD, Sarah Campbell WHITEFORD, Stevenson Archer WHITEFORD ."
P3206,Augustine Biddle STREETT,1822,1913,,,P3207,P3208,P3205,"was born on 8 Aug 1822. She died on 13 Feb 1913. Parents: John Thomas STREETT and Nancy RUTLEDGE.She was married to Michael Crook WHITEFORD on 17 Jan 1847. Children were: Michael Crook WHITEFORD, John Streett WHITEFORD, Ida Jane WHITEFORD, Sarah Campbell WHITEFORD , Stevenson Archer WHITEFORD."
P3207,John Thomas STREETT,,,,,,,P3208,He was married to Nancy RUTLEDGE . Children were: Augustine Biddle STREETT.
P3208,Nancy RUTLEDGE,,,,,,,P3207,She was married to John Thomas STREETT . Children were: Augustine Biddle STREETT.
P3209,Michael Crook WHITEFORD,1850,1908,,,P3205,P3206,P3214,"was born in 1850. He died in 1908. Parents: Michael Crook WHITEFORD and Augustine Biddle STREETT .He was married to Mary Elizabeth LUCY. Children were: Thomas Milton WHITEFORD, Charles Archer WHITEFORD."
P3210,John Streett WHITEFORD,1852,1929,,,P3205,P3206,P3217,"was born on 8 Dec 1852. He died 29ar 1929. Parents: Michael Crook WHITEFORD and Augustine Biddle STREETT .He was married to Anna Catherine STREETT on 20 Feb 1872. Children were: Augustine Streett WHITEFORD , Roger Streett WHITEFORD, Michael Crook WHITEFORD, John Walter WHITEFORD , Ruth Annette WHITEFORD, Clarence William WHITEFORD, Robert Lee WHITEFORD , Anna Corinne WHITEFORD, Anna Bartol WHITEFORD, Kathryn Virginia WHITEFORD ."
P3211,Ida Jane WHITEFORD,1854,1857,Apr 1854,,P3205,P3206,,was born in Apr 1854. She died on 25 Oct 1857. Parents: Michael Crook WHITEFORD and Augustine Biddle STREETT.
P3212,Sarah Campbell WHITEFORD,1858,1909,,Philadelphia,P3205,P3206,,"was born on 20 Mar 1858. She died on 5 Jun 1909 in Philadelphia, Pennsylvania, USA. Parents: Michael Crook WHITEFORD and Augustine Biddle STREETT.She was married to Parker Forwood SMITHSON on 13 Aug 1882 in Peach Bottom, York, Pennsylvania, USA. Children were: Walter Parker SMITHSON, Elizabeth Alexander SMITHSON , Michael Whiteford SMITHSON, James Lee SMITHSON, Augustine Demelia Biddle SMITHSON ."
P3213,Stevenson Archer WHITEFORD,1859,1934,,,P3205,P3206,P3246,"was born in 1859. He died in 1934. Parents: Michael Crook WHITEFORD and Augustine Biddle STREETT .He was married to Elizabeth Virginia BENNINGTON on 3 Nov 1887. Children were: Steven Archer WHITEFORD , Augustine Biddle WHITEFORD, Mary Campbell WHITEFORD, Carolyn WHITEFORD, Michael Crook WHITEFORD, Anna Bartol WHITEFORD , Edwin Warfield WHITEFORD. Back Next"
P3214,Mary Elizabeth LUCY,,1913,,,,,P3209,"died on 16 Oct 1913.She was married to Michael Crook WHITEFORD. Children were: Thomas Milton WHITEFORD, Charles Archer WHITEFORD."
P3216,Charles Archer WHITEFORD,1870,1936,,,P3209,P3214,P3266,was born in 1870. He died in 1936. Parents: Michael Crook WHITEFORD and Mary Elizabeth LUCY .He was married to Jane MILTON. Children were: Charles A. WHITEFORD.
P3217,Anna Catherine STREETT,1854,1920,,,,,P3210,"was born on 8 Aug 1854. She died on 24 Feb 1920.She was married to John Streett WHITEFORD on 20 Feb 1872. Children were: Augustine Streett WHITEFORD, Roger Streett WHITEFORD, Michael Crook WHITEFORD , John Walter WHITEFORD, Ruth Annette WHITEFORD, Clarence William WHITEFORD , Robert Lee WHITEFORD, Anna Corinne WHITEFORD, Anna Bartol WHITEFORD , Kathryn Virginia WHITEFORD."
P3218,Augustine Streett WHITEFORD,1872,1925,,,P3210,P3217,P3228,"was born on 6 Dec 1872. She died on 20 Nov 1925. Parents: John Streett WHITEFORD and Anna Catherine STREETT.She was married to Albert Ignatius WHEELER on 27 Jan 1891. Children were: Bernard Whiteford WHEELER, Anna Lenora WHEELER , Albert Walter WHEELER, Mary Pauline WHEELER, William Michael WHEELER , Myrtle Crook WHEELER, Ruth Annette WHEELER."
P3219,Roger Streett WHITEFORD,1874,1924,,,P3210,P3217,P3229,"was born on 3 Apr 1874. He died on 1 Jun 1924. Parents: John Streett WHITEFORD and Anna Catherine STREETT.He was married to Mary Annie KILGORE on 21 May 1901 in Baltimore, Maryland, USA. Children were: Susan Elizabeth Streett WHITEFORD, Roger Streett WHITEFORD, Henry Streett WHITEFORD , Martin WHITEFORD, Margaret Annie WHITEFORD.Back Next"
P3220,Michael Crook WHITEFORD,1877,1902,,,P3210,P3217,,was born on 25 Sep 1877. He died on 18 Jul 1902. Parents: John Streett WHITEFORD and Anna Catherine STREETT.
P3221,John Walter WHITEFORD,1879,1955,,,P3210,P3217,P3230,"was born on 10 May 1879. He died on 9 Nov 1955. Parents: John Streett WHITEFORD and Anna Catherine STREETT.He was married to Marie Ann KOENIG. Children were: Lois Marie WHITEFORD , Joan Francis WHITEFORD, Shirley Ann Catherine WHITEFORD.He was married to Rosa SLADE. Children were: Walter Haughton WHITEFORD , Mary Ester WHITEFORD."
P3222,Ruth Annette WHITEFORD,1882,1984,,,P3210,P3217,,was born on 28 Aug 1882. She died on 26 May 1984. Parents: John Streett WHITEFORD and Anna Catherine STREETT.
P3223,Clarence William WHITEFORD,1884,1952,,,P3210,P3217,P3232,"was born on 16 Jul 1884. He died on 29 Dec 1952. Parents: John Streett WHITEFORD and Anna Catherine STREETT.He was married to Ada Bell KENNEDY on 26 Dec 1905 in Baltimore, Maryland, USA. Children were: Mary Marguerite WHITEFORD, Hazel Bell WHITEFORD , Clarence William WHITEFORD, John Streett WHITEFORD, Ada Helen WHITEFORD, Michael Crook WHITEFORD."
P3224,Robert Lee WHITEFORD,1887,1965,,,P3210,P3217,,was born on 20 Feb 1887. He died on 15 Aug 1965. Parents: John Streett WHITEFORD and Anna Catherine STREETT.
P3225,Anna Corinne WHITEFORD,1892,1981,,,P3210,P3217,P3233,"was born on 8 Apr 1892. She died on 12 Feb 1981. Parents: John Streett WHITEFORD and Anna Catherine STREETT.She was married to Walter Leo RUSSELL in 1914. Children were: Walter Leo RUSSELL , Ruth Virginia RUSSELL, Anna Corinne RUSSELL."
P3226,Anna Bartol WHITEFORD,1897,1900,,Jul 1900,P3210,P3217,,was born in 1897. She died in Jul 1900. Parents: John Streett WHITEFORD and Anna Catherine STREETT .
P3227,Kathryn Virginia WHITEFORD,1903,,,,P3210,P3217,,was born on 3 Feb 1903. Parents: John Streett WHITEFORD and Anna Catherine STREETT .
P3228,Albert Ignatius WHEELER,1869,1934,,,,,P3218,"was born on 6 Feb 1869. He died on 10 Jun 1934.He was married to Augustine Streett WHITEFORD on 27 Jan 1891. Children were: Bernard Whiteford WHEELER, Anna Lenora WHEELER, Albert Walter WHEELER, Mary Pauline WHEELER, William Michael WHEELER, Myrtle Crook WHEELER , Ruth Annette WHEELER."
P3229,Mary Annie KILGORE,1864,1919,,,,,P3219,"was born on 4 May 1864. She died on 17 Feb 1919.She was married to Roger Streett WHITEFORD on 21 May 1901 in Baltimore, Maryland, USA. Children were: Susan Elizabeth Streett WHITEFORD, Roger Streett WHITEFORD, Henry Streett WHITEFORD, Martin WHITEFORD, Margaret Annie WHITEFORD."
P3230,Marie Ann KOENIG,1892,1963,,,,,P3221,"was born in 1892. She died on 7 Feb 1963.She was married to John Walter WHITEFORD. Children were: Lois Marie WHITEFORD, Joan Francis WHITEFORD , Shirley Ann Catherine WHITEFORD."
P3231,Rosa SLADE,,,,,,,P3221,"She was married to John Walter WHITEFORD . Children were: Walter Haughton WHITEFORD, Mary Ester WHITEFORD."
P3232,Ada Bell KENNEDY,1879,1971,Churchville,,,,P3223,"was born on 18 Aug 1879 in Churchville, Hartford, MAryland, USA. She died on 1 Sep 1971.She was married to Clarence William WHITEFORD on 26 Dec 1905 in Baltimore, Maryland, USA. Children were: Mary Marguerite WHITEFORD, Hazel Bell WHITEFORD, Clarence William WHITEFORD , John Streett WHITEFORD, Ada Helen WHITEFORD, Michael Crook WHITEFORD ."
P3233,Walter Leo RUSSELL,,,,,,,P3225,"He was married to Anna Corinne WHITEFORD in 1914. Children were: Walter Leo RUSSELL, Ruth Virginia RUSSELL, Anna Corinne RUSSELL."
P3234,Parker Forwood SMITHSON,1862,1940,Harford,Philadelphia,P3235,P3236,P3212,"was born on 29 Mar 1862 in Harford, Maryland, USA. He died on 19 Jul 1940 in Philadelphia, Pennsylvania, USA. Parents: James Lee SMITHSON and Mary Ann FORWOOD.He was married to Sarah Campbell WHITEFORD on 13 Aug 1882 in Peach Bottom, York, Pennsylvania, USA. Children were: Walter Parker SMITHSON, Elizabeth Alexander SMITHSON , Michael Whiteford SMITHSON, James Lee SMITHSON, Augustine Demelia Biddle SMITHSON ."
P3235,James Lee SMITHSON,,,,,,,P3236,He was married to Mary Ann FORWOOD . Children were: Parker Forwood SMITHSON.
P3236,Mary Ann FORWOOD,,,,,,,P3235,She was married to James Lee SMITHSON . Children were: Parker Forwood SMITHSON.
P3237,Walter Parker SMITHSON,1883,1904,,,P3234,P3212,,was born on 29 May 1883. He died on 30 Oct 1904. Parents: Parker Forwood SMITHSON and Sarah Campbell WHITEFORD.
P3238,Elizabeth Alexander SMITHSON,1884,,,Philadelphia,P3234,P3212,P3242,"was born on 21 Jun 1884. She died in Philadelphia, Pennsylvania, USA. Parents: Parker Forwood SMITHSON and Sarah Campbell WHITEFORD.She was married to Franklin H. KUEBERTH on 13 Aug 1906."
P3239,Michael Whiteford SMITHSON,1886,,,,P3234,P3212,P3243,was born on 28 Nov 1886. Parents: Parker Forwood SMITHSON and Sarah Campbell WHITEFORD .He was married to Bertha S. PERRY on 10 Oct 1910.
P3240,James Lee SMITHSON,1888,1947,Harford,Philadelphia,P3234,P3212,P3244,"was born on 13 Mar 1888 in Harford, Maryland, USA. He died on 29 Jul 1947 in Philadelphia, Pennsylvania, USA. Parents: Parker Forwood SMITHSON and Sarah Campbell WHITEFORD .He was married to Rose Madeline MAWHINNEY on 2 Sep 1907."
P3241,Augustine Demelia Biddle SMITHSON,1890,1977,,,P3234,P3212,P3245,was born on 21 Nov 1890. She died on 5 Dec 1977. Parents: Parker Forwood SMITHSON and Sarah Campbell WHITEFORD.She was married to Charles Samuel DOVEY on 13 Aug 1909.
P3242,Franklin H. KUEBERTH,,,,,,,P3238,He was married to Elizabeth Alexander SMITHSON on 13 Aug 1906.
P3243,Bertha S. PERRY,,,,,,,P3239,She was married to Michael Whiteford SMITHSON on 10 Oct 1910.
P3244,Rose Madeline MAWHINNEY,,,,,,,P3240,She was married to James Lee SMITHSON on 2 Sep 1907.
P3245,Charles Samuel DOVEY,,,,,,,P3241,He was married to Augustine Demelia Biddle SMITHSON on 13 Aug 1909.
P3246,Elizabeth Virginia BENNINGTON,1860,1931,,,,,,"was born in 1860. She died in 1931.She was married to Stevenson Archer WHITEFORD on 3 Nov 1887. Children were: Steven Archer WHITEFORD, Augustine Biddle WHITEFORD, Mary Campbell WHITEFORD , Carolyn WHITEFORD, Michael Crook WHITEFORD, Anna Bartol WHITEFORD, Edwin Warfield WHITEFORD."
P3247,Steven Archer WHITEFORD,1882,1963,,,P3213,P3246,P3254,was born in 1882. He died on 28 Oct 1963. Parents: Stevenson Archer WHITEFORD and Elizabeth Virginia BENNINGTON.He was married to Doris HIGGINBOTHOM . Children were: John Higginbotham WHITEFORD. He was married to Alice BEATTY.
P3248,Augustine Biddle WHITEFORD,1888,1921,,,P3213,P3246,P3255,was born in 1888. She died in 1921. Parents: Stevenson Archer WHITEFORD and Elizabeth Virginia BENNINGTON.She was married to George Farrell DOOLEY .Back Next
P3249,Mary Campbell WHITEFORD,1892,1982,,,P3213,P3246,,was born on 21 Aug 1892. She died on 21 Feb 1982. Parents: Stevenson Archer WHITEFORD and Elizabeth Virginia BENNINGTON.
P3250,Carolyn WHITEFORD,1894,1966,Whiteford,,P3213,P3246,,"was born on 17 Nov 1894 in Whiteford, Harford, Maryland, USA. She died on 8 Jan 1966. Parents: Stevenson Archer WHITEFORD and Elizabeth Virginia BENNINGTON.She was married to Richard Lloyd CAMP on 5 Feb 1921 in Baltimore, Maryland, USA."
P3251,Michael Crook WHITEFORD,1897,1973,,,P3213,P3246,P3257,"was born on 22 Nov 1897. He died on 7 Dec 1973. Parents: Stevenson Archer WHITEFORD and Elizabeth Virginia BENNINGTON.He was married to Estella BEATTY.He was married to Ethel DAVIS . Children were: Michael Crook WHITEFORD, Richard Davis WHITEFORD, Robert Archer WHITEFORD ."
P3252,Anna Bartol WHITEFORD,1900,1953,,,P3213,P3246,P3259,"was born on 1 Sep 1900. She died on 3 Feb 1953. Parents: Stevenson Archer WHITEFORD and Elizabeth Virginia BENNINGTON.She was married to James Nelson DAY on 13 Sep 1924 in Salisbury, Maryland, USA."
P3253,Edwin Warfield WHITEFORD,1903,1966,,,P3213,P3246,P3260,was born on 11 Nov 1903. He died on 22 Feb 1966. Parents: Stevenson Archer WHITEFORD and Elizabeth Virginia BENNINGTON.He was married to Greitha BURKINS in 1930. Children were: Edwin Warfield WHITEFORD M.D..
P3254,Doris HIGGINBOTHOM,,,,,,,P3247,She was married to Steven Archer WHITEFORD . Children were: John Higginbotham WHITEFORD.
P3255,George Farrell DOOLEY,,,,,,,P3248,He was married to Augustine Biddle WHITEFORD.
P3257,Estella BEATTY,,,,,,,P3251,She was married to Michael Crook WHITEFORD .
P3258,Ethel DAVIS,1896,1956,Whiteford,,,,P3251,"was born on 17 Mar 1896 in Whiteford, Harford, Maryland, USA. She died on 8 Mar 1956.She was married to Michael Crook WHITEFORD. Children were: Michael Crook WHITEFORD , Richard Davis WHITEFORD, Robert Archer WHITEFORD."
P3259,James Nelson DAY,,,,,,,P3252,"He was married to Anna Bartol WHITEFORD on 13 Sep 1924 in Salisbury, Maryland, USA."
P3260,Greitha BURKINS,,,,,,,P3253,She was married to Edwin Warfield WHITEFORD in 1930. Children were: Edwin Warfield WHITEFORD M.D. .
P3261,Maxine ELLICOTT,,,,,,,P3215,She was married to Thomas Milton WHITEFORD . Children were: Maxine Ellicott WHITEFORD.
P3262,Maxine Ellicott WHITEFORD,,,,,P3215,P3261,,Parents: Thomas Milton WHITEFORD and Maxine ELLICOTT. Back Next
P3263,Vivian,,,,,,,P3215,She was married to Thomas Milton WHITEFORD. Children were: Vivian WHITEFORD.
P3266,Jane MILTON,,,,,,,P3216,She was married to Charles Archer WHITEFORD . Children were: Charles A. WHITEFORD.
P3267,Charles A. WHITEFORD,1895,1972,,Feb 1972 in Ann Arundel County,P3216,P3266,P3268,"was born on 18 Mar 1895. He died in Feb 1972 in Ann Arundel County, Maryland, USA. Parents: Charles Archer WHITEFORD and Jane MILTON.He was married to Betha ROSS on 26 Apr 1916 in Annapolis, Maryland, USA. Children were: Charles WHITEFORD, Adelaide WHITEFORD, Mildred WHITEFORD."
P3268,Betha ROSS,,,,,,,P3267,"She was married to Charles A. WHITEFORD on 26 Apr 1916 in Annapolis, Maryland, USA. Children were: Charles WHITEFORD, Adelaide WHITEFORD, Mildred WHITEFORD."
P3269,Bernard Whiteford WHEELER,1892,1959,,,P3228,P3218,P3276,was born on 12 Apr 1892. He died on 10 Sep 1959. Parents: Albert Ignatius WHEELER and Augustine Streett WHITEFORD.He was married to Laura Francis HARKINS.
P3270,Anna Lenora WHEELER,1895,1978,,,P3228,P3218,P3277,was born on 5 Feb 1895. She died on 21 Sep 1978. Parents: Albert Ignatius WHEELER and Augustine Streett WHITEFORD.She was married to Luke Streett BOWMAN on 9 Jun 1913.
P3271,Albert Walter WHEELER,1896,,,,P3228,P3218,P3278,was born on 28 Nov 1896. Parents: Albert Ignatius WHEELER and Augustine Streett WHITEFORD .He was married to Eleanor REILLY.
P3272,Mary Pauline WHEELER,1899,,,,P3228,P3218,P3279,was born on 19 Dec 1899. Parents: Albert Ignatius WHEELER and Augustine Streett WHITEFORD .She was married to Franklin Vincent ANTOS.
P3273,William Michael WHEELER,1901,1987,,,P3228,P3218,P3280,was born on 14 Feb 1901. He died on 25 Aug 1987. Parents: Albert Ignatius WHEELER and Augustine Streett WHITEFORD.He was married to Anna COALE.He was married to Olive JOHNSON .He was married to Elsie SCHMUCKLER.
P3274,Myrtle Crook WHEELER,1902,1977,,,P3228,P3218,P3283,was born on 31 Aug 1902. She died in 1977. Parents: Albert Ignatius WHEELER and Augustine Streett WHITEFORD .She was married to Herman Adam PROBST in 1920.
P3275,Ruth Annette WHEELER,1905,1957,,,P3228,P3218,P3284,was born on 1 Sep 1905. She died on 4 Feb 1957. Parents: Albert Ignatius WHEELER and Augustine Streett WHITEFORD.She was married to Martin M. J. GRIFFIN.
P3276,Laura Francis HARKINS,,,,,,,P3269,She was married to Bernard Whiteford WHEELER.
P3277,Luke Streett BOWMAN,,,,,,,P3270,He was married to Anna Lenora WHEELER on 9 Jun 1913.
P3278,Eleanor REILLY,,,,,,,P3271,She was married to Albert Walter WHEELER .
P3279,Franklin Vincent ANTOS,,,,,,,P3272,He was married to Mary Pauline WHEELER .
P3281,Olive JOHNSON,,,,,,,P3273,She was married to William Michael WHEELER .
P3282,Elsie SCHMUCKLER,,,,,,,P3273,She was married to William Michael WHEELER .
P3283,Herman Adam PROBST,,,,,,,P3274,He was married to Myrtle Crook WHEELER in 1920.
P3284,Martin M. J. GRIFFIN,,,,,,,P3275,He was married to Ruth Annette WHEELER .
P3286,Roger Streett WHITEFORD,1904,1967,,,P3219,P3229,P3290,"was born on 1 May 1904. He died between 1 Nov 1967 and 1969. Parents: Roger Streett WHITEFORD and Mary Annie KILGORE.He was married to Edith Francis BURNSIDE on 1 Jan 1932. Children were: Roger Street WHITEFORD III, Susan Elizabeth WHITEFORD ."
P3287,Henry Streett WHITEFORD,1906,1985,,,P3219,P3229,P3291,was born on 27 May 1906. He died on 8 Dec 1985. Parents: Roger Streett WHITEFORD and Mary Annie KILGORE.He was married to Mildred PAUL .
P3288,Margaret Annie WHITEFORD,1913,,,,P3219,P3229,,was born on 3 Jun 1913. Parents: Roger Streett WHITEFORD and Mary Annie KILGORE .
P3290,Edith Francis BURNSIDE,1907,,,,,,P3286,"was born on 5 Jun 1907.She was married to Roger Streett WHITEFORD on 1 Jan 1932. Children were: Roger Street WHITEFORD III, Susan Elizabeth WHITEFORD ."
P3291,Mildred PAUL,,,,,,,P3287,She was married to Henry Streett WHITEFORD .
P3292,Roger Street WHITEFORD III,1933,,,,P3286,P3290,P3294,was born on 24 May 1933. Parents: Roger Streett WHITEFORD and Edith Francis BURNSIDE .He was married to Carol HOFFIELD on 29 Jun 1974. Children were: Roger Streett WHITEFORD IV.
P3294,Carol HOFFIELD,,1974,,,,,P3292,She was married to Roger Street WHITEFORD III on 29 Jun 1974. Children were: Roger Streett WHITEFORD IV.
P3295,Gardiner Watkins SMITH,,,,,,,P3293,"He was married to Susan Elizabeth WHITEFORD on 6 Sep 1958 in Ruxton, Baltimore, Maryland, USA. Children were: Elizabeth Lisa Whiteford SMITH, Rebecca Tremain SMITH, George van Sicklen SMITH ."
P3296,Roger Streett WHITEFORD IV,1975,,,,P3292,P3294,,was born on 1 Jul 1975. Parents: Roger Street WHITEFORD III and Carol HOFFIELD .
P3297,Elizabeth Lisa Whiteford SMITH,1959,,Baltimore,,P3295,P3293,,"was born on 27 May 1959 in Baltimore, Maryland, USA. Parents: Gardiner Watkins SMITH and Susan Elizabeth WHITEFORD."
P3298,Rebecca Tremain SMITH,1961,,Charlottesville,,P3295,P3293,,"was born on 13 Sep 1961 in Charlottesville, Virginia, USA. Parents: Gardiner Watkins SMITH and Susan Elizabeth WHITEFORD."
P3299,George van Sicklen SMITH,1965,,Hessian Hills,,P3295,P3293,,"was born on 8 Jul 1965 in Hessian Hills, Virginia, USA. Parents: Gardiner Watkins SMITH and Susan Elizabeth WHITEFORD."
P3300,Lois Marie WHITEFORD,1930,,,,P3221,P3230,P3303,"was born on 28 Apr 1930. Parents: John Walter WHITEFORD and Marie Ann KOENIG. She was married to Robert Norman FRYE on 8 Oct 1949. Children were: Robert Norman FRYE, Susan Marie FRYE, Brian Walter FRYE."
P3301,Joan Francis WHITEFORD,1933,,,,P3221,P3230,P3304,"was born on 19 Mar 1933. Parents: John Walter WHITEFORD and Marie Ann KOENIG. She was married to Albert SMITH on 8 Sep 1951. Children were: Karen Ann SMITH, Diana Joan SMITH, Timothy Whiteford SMITH, Michael Duane SMITH."
P3302,Shirley Ann Catherine WHITEFORD,1936,1936,,,P3221,P3230,P3305,"was born on 12 Aug 1936. Parents: John Walter WHITEFORD and Marie Ann KOENIG. She was married to Lawrence D. PEACH on 7 Dec 1936. Children were: Damian Lawrence PEACH, Michael Whiteford PEACH, Peter Patrick PEACH , John Walter PEACH, francis William PEACH, Philip Christopher PEACH."
P3303,Robert Norman FRYE,,,,,,,P3300,"He was married to Lois Marie WHITEFORD on 8 Oct 1949. Children were: Robert Norman FRYE , Susan Marie FRYE, Brian Walter FRYE."
P3304,Albert SMITH,,,,,,,P3301,"He was married to Joan Francis WHITEFORD on 8 Sep 1951. Children were: Karen Ann SMITH, Diana Joan SMITH, Timothy Whiteford SMITH, Michael Duane SMITH."
P3305,Lawrence D. PEACH,,1936,,,,,P3302,"He was married to Shirley Ann Catherine WHITEFORD on 7 Dec 1936. Children were: Damian Lawrence PEACH, Michael Whiteford PEACH, Peter Patrick PEACH, John Walter PEACH, francis William PEACH, Philip Christopher PEACH ."
P3306,Robert Norman FRYE,1950,1972,,,P3303,P3300,P3309,was born on 13 Jul 1950. Parents: Robert Norman FRYE and Lois Marie WHITEFORD.He was married to Athena VANNISH on 20 Feb 1972.
P3307,Susan Marie FRYE,1955,1976,,,P3303,P3300,P3310,was born on 20 Mar 1955. Parents: Robert Norman FRYE and Lois Marie WHITEFORD.She was married to Edward William HERETH on 5 Jun 1976.
P3308,Brian Walter FRYE,1956,,,,P3303,P3300,,was born on 28 Nov 1956. Parents: Robert Norman FRYE and Lois Marie WHITEFORD.
P3309,Athena VANNISH,,,,,,,P3306,She was married to Robert Norman FRYE on 20 Feb 1972.
P3310,Edward William HERETH,,,,,,,P3307,He was married to Susan Marie FRYE on 5 Jun 1976.
P3311,Karen Ann SMITH,1953,,,,P3304,P3301,,was born on 31 Aug 1953. Parents: Albert SMITH and Joan Francis WHITEFORD.
P3312,Diana Joan SMITH,1958,,,,P3304,P3301,,was born on 10 Feb 1958. Parents: Albert SMITH and Joan Francis WHITEFORD.
P3313,Timothy Whiteford SMITH,1958,,,,P3304,P3301,,was born on 31 Aug 1958. Parents: Albert SMITH and Joan Francis WHITEFORD.
P3314,Michael Duane SMITH,1965,,,,P3304,P3301,,was born on 14 Jun 1965. Parents: Albert SMITH and Joan Francis WHITEFORD.
P3315,Damian Lawrence PEACH,1953,,,,P3305,P3302,,was born on 17 Oct 1953. Parents: Lawrence D. PEACH and Shirley Ann Catherine WHITEFORD .
P3316,Michael Whiteford PEACH,1956,,,,P3305,P3302,,was born on 8 Apr 1956. Parents: Lawrence D. PEACH and Shirley Ann Catherine WHITEFORD .
P3317,Peter Patrick PEACH,1957,,,,P3305,P3302,,was born on 16 May 1957. Parents: Lawrence D. PEACH and Shirley Ann Catherine WHITEFORD .
P3318,John Walter PEACH,1959,,,,P3305,P3302,,was born on 19 Jul 1959. Parents: Lawrence D. PEACH and Shirley Ann Catherine WHITEFORD .
P3319,francis William PEACH,1959,,,,P3305,P3302,,was born on 19 Jul 1959. Parents: Lawrence D. PEACH and Shirley Ann Catherine WHITEFORD .
P3320,Philip Christopher PEACH,1960,,,,P3305,P3302,,was born on 29 Dec 1960. Parents: Lawrence D. PEACH and Shirley Ann Catherine WHITEFORD .
P3321,Mary Marguerite WHITEFORD,1906,1993,Harford,Havre de Grace,P3223,P3232,P3327,"was born on 18 Oct 1906 in Harford, Maryland, USA. She died on 24 Dec 1993 in Havre de Grace, Harford, Maryland, USA. Parents: Clarence William WHITEFORD and Ada Bell KENNEDY.She was married to Birchel Paul BAKER on 2 Jul 1932 in York, Maryland, USA. Children were: Birchel Paul BAKER, Barbara Lee BAKER."
P3322,Hazel Bell WHITEFORD,1908,,,,P3223,P3232,P3328,"was born on 9 Oct 1908. Parents: Clarence William WHITEFORD and Ada Bell KENNEDY .She was married to Frederick Browning BALDWIN on 15 May 1928 in Havre de Grace, Harford, Maryland, USA. Children were: Mary Viola BALDWIN, Betty Ann BALDWIN, Frederick Browning BALDWIN."
P3323,Clarence William WHITEFORD,1910,1991,,,P3223,P3232,P3329,"was born on 11 Aug 1910. He died on 18 Mar 1991. Parents: Clarence William WHITEFORD and Ada Bell KENNEDY.He was married to Ethel Virginia STANDIFORD on 6 Apr 1935. Children were: Clarence Wilson WHITEFORD, Bonnie Lynn WHITEFORD."
P3324,John Streett WHITEFORD,1912,1990,,,P3223,P3232,P3330,was born on 1 Oct 1912. He died on 31 Aug 1990. Parents: Clarence William WHITEFORD and Ada Bell KENNEDY.He was married to Gertrude Franz KING on 14 Jul 1939.
P3325,Ada Helen WHITEFORD,1914,,Harford,,P3223,P3232,P3331,"was born on 2 Sep 1914 in Harford, Maryland, USA. Parents: Clarence William WHITEFORD and Ada Bell KENNEDY.She was married to George Lawrence CONNOLLY on 21 Dec 1940 in St. Joan of Arc Rectory, Harford, Maryland, USA. Children were: George Lawrence CONNOLLY, Helen Linda CONNOLLY, Charles Whiteford CONNOLLY ."
P3326,Michael Crook WHITEFORD,1917,1994,Harford,Havre de Grace,P3223,P3232,P3332,"was born on 27 Mar 1917 in Harford, Maryland, USA. He died on 19 Mar 1994 in Havre de Grace, Harford, Maryland, USA. Parents: Clarence William WHITEFORD and Ada Bell KENNEDY .He was married to Dorothy Irene LEWIS on 19 Jul 1945. Children were: Michael Crook WHITEFORD, Sherry Ann WHITEFORD, Steven Lewis WHITEFORD , Sandra Lee WHITEFORD."
P3327,Birchel Paul BAKER,1905,1986,,,,,,"was born on 4 Jul 1905. He died on 27 Mar 1986.He was married to Mary Marguerite WHITEFORD on 2 Jul 1932 in York, Maryland, USA. Children were: Birchel Paul BAKER , Barbara Lee BAKER."
P3328,Frederick Browning BALDWIN,1905,1990,,,,,P3322,"was born on 7 Jun 1905. He died on 26 Jun 1990.He was married to Hazel Bell WHITEFORD on 15 May 1928 in Havre de Grace, Harford, Maryland, USA. Children were: Mary Viola BALDWIN, Betty Ann BALDWIN, Frederick Browning BALDWIN."
P3329,Ethel Virginia STANDIFORD,,,,,,,P3323,"She was married to Clarence William WHITEFORD on 6 Apr 1935. Children were: Clarence Wilson WHITEFORD, Bonnie Lynn WHITEFORD ."
P3330,Gertrude Franz KING,,,,,,,P3324,She was married to John Streett WHITEFORD on 14 Jul 1939.
P3331,George Lawrence CONNOLLY,1912,,Boston,,,,P3325,"was born on 25 Feb 1912 in Boston, Massachusetts, USA. He was married to Ada Helen WHITEFORD on 21 Dec 1940 in St. Joan of Arc Rectory, Harford, Maryland, USA. Children were: George Lawrence CONNOLLY, Helen Linda CONNOLLY , Charles Whiteford CONNOLLY."
P3332,Dorothy Irene LEWIS,1923,1994,North East,Fallston,,,,"was born on 2 Jul 1923 in North East, Cecil, Maryland, USA. She died on 22 Aug 1994 in Fallston, Harford, MAryland, USA.She was married to Michael Crook WHITEFORD on 19 Jul 1945. Children were: Michael Crook WHITEFORD, Sherry Ann WHITEFORD, Steven Lewis WHITEFORD , Sandra Lee WHITEFORD."
P3333,Birchel Paul BAKER,1934,1934,,,P3327,P3321,,was born on 24 Aug 1934. He died on 27 Aug 1934. Parents: Birchel Paul BAKER and Mary Marguerite WHITEFORD .
P3334,Barbara Lee BAKER,1936,1956,,Grove Presbyterian Church,P3327,P3321,P3335,"was born on 16 Jun 1936. Parents: Birchel Paul BAKER and Mary Marguerite WHITEFORD. She was married to John Daniel KERR on 13 Oct 1956 in Grove Presbyterian Church, Aberdeen, Harford, Maryland, USA.She was married to Lawrence REMICK."
P3335,John Daniel KERR,,,,,,,P3334,"He was married to Barbara Lee BAKER on 13 Oct 1956 in Grove Presbyterian Church, Aberdeen, Harford, Maryland, USA."
P3336,Lawrence REMICK,,,,,,,P3334,He was married to Barbara Lee BAKER.
P3337,Mary Viola BALDWIN,1929,1930,,,P3328,P3322,,was born on 18 Mar 1929. She died on 24 Apr 1930. Parents: Frederick Browning BALDWIN and Hazel Bell WHITEFORD.
P3338,Betty Ann BALDWIN,1929,1948,,St MArys Catholic Church,P3328,P3322,P3340,"was born on 18 Mar 1929. Parents: Frederick Browning BALDWIN and Hazel Bell WHITEFORD. She was married to John Edward BRYANT on 3 Oct 1948 in St MArys Catholic Church, Pylesville, Harford, Maryland, USA."
P3339,Frederick Browning BALDWIN,1931,,Aberdeen,,P3328,P3322,,"was born on 27 Sep 1931 in Aberdeen, Harford, MAryland, USA. Parents: Frederick Browning BALDWIN and Hazel Bell WHITEFORD."
P3340,John Edward BRYANT,,,,,,,P3338,"He was married to Betty Ann BALDWIN on 3 Oct 1948 in St MArys Catholic Church, Pylesville, Harford, Maryland, USA."
P3341,Clarence Wilson WHITEFORD,1936,1976,Harford,Grove Presbyterian Church,P3323,P3329,,"was born on 29 Jan 1936 in Harford, Maryland, USA. He died on 29 Sep 1976. Parents: Clarence William WHITEFORD and Ethel Virginia STANDIFORD.He was married to Lois Evelyn ROBINETTE on 3 Dec 1957 in Grove Presbyterian Church, Aberdeen, Harford, Maryland, USA. Children were: Craig Wilson WHITEFORD."
P3342,Bonnie Lynn WHITEFORD,1946,1964,Harford,,P3323,P3329,P3346,"was born on 14 May 1946 in Harford, Maryland, USA. Parents: Clarence William WHITEFORD and Ethel Virginia STANDIFORD.She was married to Ronald O'Neill LANDBECK on 19 Dec 1964. Children were: Christopher Ryan LANDBECK, Kimberly Dawn LANDBECK ."
P3343,Lois Evelyn ROBINETTE,1938,,Pennsylvania,,,,P3341,"was born on 27 Nov 1938 in Pennsylvania, USA.She was married to Clarence Wilson WHITEFORD on 3 Dec 1957 in Grove Presbyterian Church, Aberdeen, Harford, Maryland, USA. Children were: Craig Wilson WHITEFORD."
P3344,Craig Wilson WHITEFORD,1963,,Harford,,P3341,P3343,P3345,"was born on 5 Apr 1963 in Harford, Maryland, USA. Parents: Clarence Wilson WHITEFORD and Lois Evelyn ROBINETTE.He was married to Donna Jean JOHNSON in Sep 1990."
P3345,Donna Jean JOHNSON,,,,,,,P3344,She was married to Craig Wilson WHITEFORD in Sep 1990.
P3346,Ronald O'Neill LANDBECK,1963,,Harford,,,,P3342,"was born on 5 Apr 1963 in Harford, Maryland, USA.He was married to Bonnie Lynn WHITEFORD on 19 Dec 1964. Children were: Christopher Ryan LANDBECK, Kimberly Dawn LANDBECK."
P3347,Christopher Ryan LANDBECK,1970,,New Jersey,,P3346,P3342,,"was born on 27 Aug 1970 in New Jersey, USA. Parents: Ronald O'Neill LANDBECK and Bonnie Lynn WHITEFORD ."
P3348,Kimberly Dawn LANDBECK,1973,,,,P3346,P3342,,was born on 23 Jun 1973. Parents: Ronald O'Neill LANDBECK and Bonnie Lynn WHITEFORD .
P3349,George Lawrence CONNOLLY,1942,,,,P3331,P3325,P3352,was born on 26 Jan 1942. Parents: George Lawrence CONNOLLY and Ada Helen WHITEFORD .He was married to Donna HENDRIX on 3 Apr 1966.
P3350,Helen Linda CONNOLLY,1943,,,,P3331,P3325,P3353,"was born on 4 Mar 1943. Parents: George Lawrence CONNOLLY and Ada Helen WHITEFORD .She was married to Paul Lee LAUGHLIN on 25 Aug 1966 in Harford, Maryland, USA."
P3351,Charles Whiteford CONNOLLY,1944,1968,Harford,Pittsburgh,P3331,P3325,P3354,"was born on 4 Sep 1944 in Harford, Maryland, USA. Parents: George Lawrence CONNOLLY and Ada Helen WHITEFORD.He was married to Doris Mae MCGINNIS on 27 Jul 1968 in Pittsburgh, Pennsylvania, USA."
P3352,Donna HENDRIX,,,,,,,P3349,She was married to George Lawrence CONNOLLY on 3 Apr 1966.
P3353,Paul Lee LAUGHLIN,,,,,,,P3350,"He was married to Helen Linda CONNOLLY on 25 Aug 1966 in Harford, Maryland, USA."
P3354,Doris Mae MCGINNIS,,,,,,,P3351,"She was married to Charles Whiteford CONNOLLY on 27 Jul 1968 in Pittsburgh, Pennsylvania, USA."
P3355,Michael Crook WHITEFORD,1954,,,,P3326,P3332,,"was born on 18 Jul 1954. He resided 1909 WINDROW CT in Marriottsville, Maryland, USA. circa Dec. 2000. Parents: Michael Crook WHITEFORD and Dorothy Irene LEWIS.He was married to Beth Ann CHRISTOFORD on 21 Nov 1987. Children were: Catherine Emily WHITEFORD."
P3356,Sherry Ann WHITEFORD,1956,,,,P3326,P3332,,was born on 13 Jul 1956. Parents: Michael Crook WHITEFORD and Dorothy Irene LEWIS .
P3357,Steven Lewis WHITEFORD,1963,,,,P3326,P3332,,was born on 16 Aug 1963. Parents: Michael Crook WHITEFORD and Dorothy Irene LEWIS .
P3358,Sandra Lee WHITEFORD,1966,,,,P3326,P3332,P3360,was born on 27 Sep 1966. Parents: Michael Crook WHITEFORD and Dorothy Irene LEWIS .He was married to Michael WALKER. Children were: Michael Steven WHITEFORD.He was married to John TORRENCE.
P3360,Michael WALKER,,,,,,,P3358,She was married to Sandra Lee WHITEFORD . Children were: Michael Steven WHITEFORD.
P3361,John TORRENCE,,,,,,,P3358,She was married to Sandra Lee WHITEFORD .
P3362,Catherine Emily WHITEFORD,1989,,,,P3355,P3359,,was born on 30 Jul 1989. Parents: Michael Crook WHITEFORD and Beth Ann CHRISTOFORD .
P3363,Michael Steven WHITEFORD,,,,,P3358,P3360,,Parents: Sandra Lee WHITEFORD and Michael WALKER.
P3364,Walter Leo RUSSELL,1915,1980,,,P3233,P3225,,was born on 27 Jan 1915. He died on 30 Apr 1980. Parents: Walter Leo RUSSELL and Anna Corinne WHITEFORD .
P3365,Ruth Virginia RUSSELL,1915,1937,,Oct 1937,P3233,P3225,P3367,was born on 7 Dec 1915. She died in Oct 1937. Parents: Walter Leo RUSSELL and Anna Corinne WHITEFORD.She was married to Edwin Brutten STRANGE in 1936.
P3366,Anna Corinne RUSSELL,1922,,,,P3233,P3225,P3368,was born on 12 Apr 1922. Parents: Walter Leo RUSSELL and Anna Corinne WHITEFORD .She was married to Augustus PEARSON.She was married to John Richard GOHEGAN.
P3367,Edwin Brutten STRANGE,,,,,,,P3365,He was married to Ruth Virginia RUSSELL in 1936.
P3368,Augustus PEARSON,,,,,,,P3366,He was married to Anna Corinne RUSSELL .
P3369,John Richard GOHEGAN,,,,,,,P3366,He was married to Anna Corinne RUSSELL.
P3370,John Higginbotham WHITEFORD,1914,1985,,Dec 1985,P3247,P3254,P3371,"was born on 7 Aug 1914. He died in Dec 1985. Parents: Steven Archer WHITEFORD and Doris HIGGINBOTHOM.He was married to Charlotte PARKS. Children were: John Higginbotham WHITEFORD , Patricia Lynn WHITEFORD, William Archer WHITEFORD."
P3372,John Higginbotham WHITEFORD,1941,,,,P3370,P3371,P3375,"was born on 9 Jul 1941. Parents: John Higginbotham WHITEFORD and Charlotte PARKS .He was married to Joan EDWARDS. Children were: Lorraine Ann WHITEFORD, Deborah Ann WHITEFORD."
P3373,Patricia Lynn WHITEFORD,1944,1971,,,P3370,P3371,P3378,was born on 10 Jun 1944. Parents: John Higginbotham WHITEFORD and Charlotte PARKS .She was married to Knapp MILTON M.D. on 13 Jun 1971.
P3375,Joan EDWARDS,1941,,,,,,P3372,"was born on 29 Mar 1941.She was married to John Higginbotham WHITEFORD. Children were: Lorraine Ann WHITEFORD, Deborah Ann WHITEFORD."
P3376,Lorraine Ann WHITEFORD,1964,,,,P3372,P3375,,was born on 20 Sep 1964. Parents: John Higginbotham WHITEFORD and Joan EDWARDS.
P3377,Deborah Ann WHITEFORD,1969,,,,P3372,P3375,,was born on 13 Jul 1969. Parents: John Higginbotham WHITEFORD and Joan EDWARDS.
P3378,Knapp MILTON M.D.,,,,,,,P3373,was a Doctor.He was married to Patricia Lynn WHITEFORD on 13 Jun 1971.
P3379,Alice BEATTY,,,,,,,P3247,She was married to Steven Archer WHITEFORD .
P3380,Edwin Warfield WHITEFORD M.D.,1931,1931,,,P3253,P3260,P3381,"was born on 13 Jun 1931. He was a Doctor. Parents: Edwin Warfield WHITEFORD and Greitha BURKINS.He was married to Regina NOVAK on 2 Jul 1956. Children were: Judeth Elizabeth WHITEFORD , John Alan WHITEFORD."
P3382,Judeth Elizabeth WHITEFORD,1959,1980,,Tucson,P3380,P3381,P3384,"was born on 19 Oct 1959. Parents: Edwin Warfield WHITEFORD M.D. and Regina NOVAK .She was married to Steve M. SCHINDELL M.D. on 3 May 1980 in Tucson, Pima, Arizona, USA. Children were: Katherine Ann SCHINDELL, Zacharie Christopher SCHINDELL ."
P3383,John Alan WHITEFORD,1969,,,,P3380,P3381,P3385,was born on 12 Apr 1969. Parents: Edwin Warfield WHITEFORD M.D. and Regina NOVAK .He was married to Tammy TOLBERT. Children were: Jacob Allan WHITEFORD.
P3384,Steve M. SCHINDELL M.D.,,,,,,,P3382,"was a Doctor.He was married to Judeth Elizabeth WHITEFORD on 3 May 1980 in Tucson, Pima, Arizona, USA. Children were: Katherine Ann SCHINDELL, Zacharie Christopher SCHINDELL."
P3385,Tammy TOLBERT,,,,,,,P3383,She was married to John Alan WHITEFORD . Children were: Jacob Allan WHITEFORD.
P3386,Jacob Allan WHITEFORD,1994,,,,P3383,P3385,,was born on 7 Sep 1994. Parents: John Alan WHITEFORD and Tammy TOLBERT.
P3387,Katherine Ann SCHINDELL,1984,,,,P3384,P3382,,was born on 1 Oct 1984. Parents: Steve M. SCHINDELL M.D. and Judeth Elizabeth WHITEFORD .
P3388,Zacharie Christopher SCHINDELL,1987,,,,P3384,P3382,,was born on 31 Jan 1987. Parents: Steve M. SCHINDELL M.D. and Judeth Elizabeth WHITEFORD .
P3389,Hugh Cunningham WHITEFORD,,,,,,,P3390,"He was married to Phoebe Ann FLAHARTY. Children were: Hugh Delmar WHITEFORD , Emma A. WHITEFORD."
P3390,Phoebe Ann FLAHARTY,,,,,,,P3389,"She was married to Hugh Cunningham WHITEFORD. Children were: Hugh Delmar WHITEFORD , Emma A. WHITEFORD."
P3391,Hugh Delmar WHITEFORD,1882,1949,,,P3389,P3390,P3393,"was born in 1882. He died in 1949. Parents: Hugh Cunningham WHITEFORD and Phoebe Ann FLAHARTY .He was married to Neva STREETT on 10 Jan 1906. Children were: Helen WHITEFORD, Nellie WHITEFORD, E. Rachel WHITEFORD. Back Next"
P3392,Emma A. WHITEFORD,1891,1961,,,P3389,P3390,,was born in 1891. She died in 1961. Parents: Hugh Cunningham WHITEFORD and Phoebe Ann FLAHARTY .
P3393,Neva STREETT,1883,,Feb 1883,,P3394,P3395,P3391,"was born in Feb 1883. Parents: Howard Washington STREETT and Jane E. CAMPBELL .She was married to Hugh Delmar WHITEFORD on 10 Jan 1906. Children were: Helen WHITEFORD, Nellie WHITEFORD, E. Rachel WHITEFORD."
P3394,Howard Washington STREETT,,,,,,,P3395,He was married to Jane E. CAMPBELL . Children were: Neva STREETT.
P3396,Helen WHITEFORD,,,,,P3391,P3393,P3399,Parents: Hugh Delmar WHITEFORD and Neva STREETT.She was married to Howard RICHARDSON.
P3397,Nellie WHITEFORD,,,,,P3391,P3393,P3400,Parents: Hugh Delmar WHITEFORD and Neva STREETT.She was married to LINKOUSFRANK.
P3398,E. Rachel WHITEFORD,1915,1960,,,P3391,P3393,P3401,was born on 23 Jul 1915. She died on 24 Dec 1960. Parents: Hugh Delmar WHITEFORD and Neva STREETT.She was married to Sherman Asa STRAWBRIDGE on 19 Oct 1936.
P3399,Howard RICHARDSON,,,,,,,P3396,He was married to Helen WHITEFORD .
P3400,LINKOUSFRANK,,,,,,,P3397,He was married to Nellie WHITEFORD.
P3401,Sherman Asa STRAWBRIDGE,1907,1944,,University Hospital,,,P3398,"was born on 14 Sep 1907. He died on 15 Nov 1944 in University Hospital, Baltimore, Maryland, USA.He was married to E. Rachel WHITEFORD on 19 Oct 1936."
P3402,Michael Crook WHITEFORD,1920,,,,P3251,P3258,P3405,"was born on 15 May 1920. Parents: Michael Crook WHITEFORD and Ethel DAVIS.He was married to Jean NUTTLE on 14 Mar 1945 in Bel Air, Harford, Baltimore, USA. Children were: Michael Lee WHITEFORD."
P3403,Richard Davis WHITEFORD,1923,1976,Jan 1923 in Cardiff,West Chester,P3251,P3258,P3408,"was born in Jan 1923 in Cardiff, Harford, Maryland , USa. He died on 11 Sep 1976 in West Chester, Pennsylvania , USA. Parents: Michael Crook WHITEFORD and Ethel DAVIS.He was married to Marie HILL on 18 Jun 1942. Children were: Patricia Ann WHITEFORD, Richard Dean WHITEFORD, Steven Archer WHITEFORD ."
P3404,Robert Archer WHITEFORD,1925,,Nov 1925,,P3251,P3258,,was born in Nov 1925. Parents: Michael Crook WHITEFORD and Ethel DAVIS.
P3406,Michael Lee WHITEFORD,1946,,,,P3402,P3405,P3407,was born on 20 Sep 1946. Parents: Michael Crook WHITEFORD and Jean NUTTLE.He was married to Deborah P. SMITH.
P3407,Deborah P. SMITH,,,,,,,P3406,She was married to Michael Lee WHITEFORD .
P3408,Marie HILL,1919,,,,,,P3403,"was born on 16 Jul 1919.She was married to Richard Davis WHITEFORD on 18 Jun 1942. Children were: Patricia Ann WHITEFORD, Richard Dean WHITEFORD , Steven Archer WHITEFORD."
P3409,Patricia Ann WHITEFORD,1944,,,,P3403,P3408,P3412,"was born on 13 Mar 1944. Parents: Richard Davis WHITEFORD and Marie HILL.She was married to Stephen RETTEW. Children were: Aaron RETTEW, Megan RETTEW."
P3410,Richard Dean WHITEFORD,1946,,,,P3403,P3408,P3413,"was born on 16 Sep 1946. Parents: Richard Davis WHITEFORD and Marie HILL.He was married to Diane SKINNER on 21 Nov 1965. Children were: Richard Dean WHITEFORD, Jennifer WHITEFORD."
P3411,Steven Archer WHITEFORD,1952,,,,P3403,P3408,,was born on 18 May 1952. Parents: Richard Davis WHITEFORD and Marie HILL.
P3412,Stephen RETTEW,,,,,,,P3409,"He was married to Patricia Ann WHITEFORD . Children were: Aaron RETTEW, Megan RETTEW."
P3413,Diane SKINNER,,,,,,,P3410,"She was married to Richard Dean WHITEFORD on 21 Nov 1965. Children were: Richard Dean WHITEFORD , Jennifer WHITEFORD."
P3414,Aaron RETTEW,1966,,,,P3412,P3409,,was born on 19 Feb 1966. Parents: Stephen RETTEW and Patricia Ann WHITEFORD.
P3415,Megan RETTEW,1968,,,,P3412,P3409,,was born on 9 Feb 1968. Parents: Stephen RETTEW and Patricia Ann WHITEFORD.
P3416,Richard Dean WHITEFORD,1966,,,,P3410,P3413,,was born on 13 Jun 1966. Parents: Richard Dean WHITEFORD and Diane SKINNER.
P3417,Jennifer WHITEFORD,1974,,,,P3410,P3413,,was born on 7 Feb 1974. Parents: Richard Dean WHITEFORD and Diane SKINNER.
P3418,Martin WHITEFORD,1908,1912,,,P3219,P3229,,was born on 24 May 1908. He died in 1912. Parents: Roger Streett WHITEFORD and Mary Annie KILGORE .
P3420,Mary Ester WHITEFORD,1904,1989,,,P3221,P3231,P3429,was born on 1 Nov 1904. She died on 3 Jun 1989. Parents: John Walter WHITEFORD and Rosa SLADE.She was married to Raymond Sloan CONNELLY on 3 Sep 1927. Children were: Mary Ester CONNELLY .
P3421,Maude Elizabeth CONNELLY,1901,,,,,,P3419,"was born on 24 Jul 1901.She was married to Walter Haughton WHITEFORD. Children were: Elizabeth Jane WHITEFORD, Ann Haughton WHITEFORD."
P3422,Elizabeth Jane WHITEFORD,1930,,,,P3419,P3421,P3424,"was born on 22 Oct 1930. Parents: Walter Haughton WHITEFORD and Maude Elizabeth CONNELLY .She was married to Robert David FOARD. Children were: Robert David FOARD, Susan Jane FOARD."
P3423,Ann Haughton WHITEFORD,1944,,,,P3419,P3421,P3427,was born on 10 Aug 1944. Parents: Walter Haughton WHITEFORD and Maude Elizabeth CONNELLY .She was married to Michael John CREVELING on 23 Jun 1979. Children were: Elizabeth Ann CREVELING .
P3424,Robert David FOARD,1924,,Hyde,,,,,"was born on 12 Aug 1924 in Hyde, Maryland , USA.He was married to Elizabeth Jane WHITEFORD. Children were: Robert David FOARD, Susan Jane FOARD."
P3425,Robert David FOARD,1953,,,,P3424,P3422,,was born on 7 Mar 1953. Parents: Robert David FOARD and Elizabeth Jane WHITEFORD.
P3426,Susan Jane FOARD,1956,,,,P3424,P3422,,was born on 30 Jan 1956. Parents: Robert David FOARD and Elizabeth Jane WHITEFORD. Back Next
P3427,Michael John CREVELING,,,,,,,P3423,He was married to Ann Haughton WHITEFORD on 23 Jun 1979. Children were: Elizabeth Ann CREVELING .
P3428,Elizabeth Ann CREVELING,1981,,,,P3427,P3423,,was born on 19 Mar 1981. Parents: Michael John CREVELING and Ann Haughton WHITEFORD .
P3429,Raymond Sloan CONNELLY,1898,1989,,,,,P3420,"was born on 5 May 1898. He died on 26 Feb 1989. He was buried in Trinity Episcipal Cemetry, Baltimore, Maryland, USA.He was married to Mary Ester WHITEFORD on 3 Sep 1927. Children were: Mary Ester CONNELLY."
P3430,Mary Ester CONNELLY,1930,,,,P3429,P3420,,was born on 29 Jun 1930. Parents: Raymond Sloan CONNELLY and Mary Ester WHITEFORD .
P3432,Margaret Lamb STREETT,1842,1917,,,P3433,P3434,P3431,"was born on 21 Jun 1842. She died on 7 Mar 1917. Parents: John James STREETT and Elizabeth SLADE.She was married to William Ebanezar WHITEFORD . Children were: James Street WHITEFORD, Mary Elizabeth WHITEFORD, William Martin WHITEFORD .Back Next"
P3433,John James STREETT,,,,,,,P3434,He was married to Elizabeth SLADE . Children were: Margaret Lamb STREETT.
P3434,Elizabeth SLADE,,,,,,,P3433,She was married to John James STREETT . Children were: Margaret Lamb STREETT.
P3435,James Street WHITEFORD,1864,1888,,,P3431,P3432,,was born in 1864. He died on 1 Apr 1888. Parents: William Ebanezar WHITEFORD and Margaret Lamb STREETT .
P3436,Mary Elizabeth WHITEFORD,1866,1934,,,P3431,P3432,P3438,"was born on 17 Sep 1866. She died on 26 Mar 1934. Parents: William Ebanezar WHITEFORD and Margaret Lamb STREETT.She was married to Harry Whiteford BALDWIN on 25 Feb 1891. Children were: Infant BALDWIN, Raine BALDWIN, Harry Streett BALDWIN, MARGARET B.."
P3438,Harry Whiteford BALDWIN,1864,1913,,,P3439,P3440,P3436,"was born on 13 Jun 1864. He died on 10 Oct 1913. Parents: John Streett BALDWIN and Rachel C. BULL.He was married to Mary Elizabeth WHITEFORD on 25 Feb 1891. Children were: Infant BALDWIN, Raine BALDWIN, Harry Streett BALDWIN, MARGARET B.."
P3439,John Streett BALDWIN,,,,,,,P3440,He was married to Rachel C. BULL . Children were: Harry Whiteford BALDWIN.
P3440,Rachel C. BULL,,,,,,,P3439,She was married to John Streett BALDWIN . Children were: Harry Whiteford BALDWIN.
P3441,Infant BALDWIN,,,,,P3438,P3436,,Parents: Harry Whiteford BALDWIN and Mary Elizabeth WHITEFORD.
P3442,Raine BALDWIN,,1989,,,P3438,P3436,,died in 1989. Parents: Harry Whiteford BALDWIN and Mary Elizabeth WHITEFORD.
P3443,Harry Streett BALDWIN,1894,1952,,Oct 1952,P3438,P3436,,was born in 1894. He died in Oct 1952. Parents: Harry Whiteford BALDWIN and Mary Elizabeth WHITEFORD .
P3444,MARGARET B.,1897,1984,,,P3438,P3436,,was born on 8 Feb 1897. He (or she) died on 25 Nov 1984. Parents: Harry Whiteford BALDWIN and Mary Elizabeth WHITEFORD .
P3445,Alexander MCLAREN,1849,1922,Currie,Whitburn,,,P3446,"was born in 1849 in Currie, Edinburgh. He died in 1922 in Whitburn, Scotland.He was married to Margaret WHITEFORD . Children were: Margaret MCLAREN, Isabella MCLAREN, Alexander MCLAREN, John MCLAREN, William MCLAREN."
P3446,Margaret WHITEFORD,1851,1881,Nemphlar,Lapiside Place Leith,,,P3445,"was born in 1851 in Nemphlar, Lanarkshire. She died in 1881 in Lapiside Place Leith.She was married to Alexander MCLAREN. Children were: Margaret MCLAREN, Isabella MCLAREN, Alexander MCLAREN, John MCLAREN, William MCLAREN."
P3447,Margaret MCLAREN,1873,,,,P3445,P3446,,was born in 1873. Parents: Alexander MCLAREN and Margaret WHITEFORD.
P3448,Isabella MCLAREN,1875,,,,P3445,P3446,,was born in 1875. Parents: Alexander MCLAREN and Margaret WHITEFORD.
P3449,Alexander MCLAREN,1881,1881,,,P3445,P3446,,was born in 1881. He died in 1881. Parents: Alexander MCLAREN and Margaret WHITEFORD.
P3450,John MCLAREN,1881,1881,,,P3445,P3446,,was born in 1881. He died in 1881. Parents: Alexander MCLAREN and Margaret WHITEFORD.
P3451,William MCLAREN,1881,1881,,,P3445,P3446,,was born in 1881. He died in 1881. Parents: Alexander MCLAREN and Margaret WHITEFORD.
P3453,Meg BANTLEY,,,,,,,P3452,She was married to Tom WHITEFORD . Children were: John WHITEFORD.
P3454,John WHITEFORD,1997,,,,P3452,P3453,,was born in 1997. Parents: Tom WHITEFORD and Meg BANTLEY.
P3455,John WHITEFORD,,,,,,,,Texas Director for Nokia Mobile Phones in Dallas.Children were: Ashley WHITEFORD.
P3456,Ashley WHITEFORD,,,,,P3455,,,Parents: John WHITEFORD.
P3458,Professor Gary T. WHITEFORD,,,,,,,,"was a Professor of Geography, University of New Brunswick in 2000 in New Brunswick, Canada."
P3460,Peter WHITEFORD,,,,fact,,,,"was a Golfer in 2000. Currently attending University of New Mexico, USA. He was educated Dollar Academy pre 2000. Following details appeared on Dollar Academy Website (as of 8th Jan 2001). World Schools Team Championships The school team representing Scotland had mixed success at this major event at Loch Lomond. The weather was appalling! In fact, the first round on Monday 12th had to be cancelled because the greens were flooded so a double round was scheduled for Tuesday. The weather was poor y"
P3462,Chrystal WHITEFORD,1987,,Australia,,,,,was born in 1987 in Australia.
P3463,Doctor Harvey WHITEFORD,,,Australia,,,,,"was a on 26 Nov 1997 in Canberra, Australia. Director of the mental health branch, Department of Health and family services, at the inaugural meeting of Interim Board of Mental Health Council of Australia, held at the Senate Rooms, Parliament House, Canberra on 26/11/97 He was a 1 Feb 1999 to 1 Feb 2000 in Washington DC, USA. Formelrly Director of Mental Health with the Federal Department of Health and Aged Care now appointmented to the World Bank in Washington as a mental health consultant. He "
P3464,Gail WHITEFORD,,,,international occupational therapy journals,,,,"was an Associate Professor 1 July 1999 to 30 June 2001 in Charles Stuart University, Australia. BGS 99/136 The Board of Graduate Studies agreed to elect the following two members of the Board to the Postgraduate Scholarships Committee for the period 1 July 1999 to 30 June 2001: Associate Professor Gail Whiteford Associate Professor Ian Gray. Professional profile: Gail has over 20 years involvement in occupational therapy as student, clinician, academic, manager, consultant and researcher. She ha"
P3465,Andrew WHITEFORD,1977,,Bellshill,,,,,was born on 22 Aug 1977 in Bellshill. He was a Professional Footballer 3 Jan 2000 to 2 frb 2001. Details from Stirling Albion Website: Sunday 23 Jan 2000: Whiteford looking to re-establish Saints Career Central defender Andy Whiteford who is on a two month loan deal with the Binos from St Johnstone has spoken of his determination to win a new contract at McDiarmid Park. Andy's loan deal comes to an end with the Binos at the end of January and he is hoping to get back into St Johnstone's first te
P3466,"Doctor, Professor Michael B WHITEFORD",,1972,,Latin America,,,,"was a Professor and Chair, Department of Anthropology in 2000 in Iowa State University, Iowa, USA. Whiteford is an interested and interesting instructor with a genuine commitment to undergraduate education. He has conducted research in a half dozen Latin American countries and on several occasions has taken students and faculty to Latin America to study the culture and conduct ethnographic interviews. Whiteford received his B.A. from Beloit College and his M.A. and Ph.D. degrees from the Univers"
P3467,John 'Blackie' WHITEFORD,1889,1962,New York,Los Angeles,,,,"was born on 27 Apr 1889 in New York, USA. Some 'official' biographies quaote his date of birth as 1873. He was an Actor in 1933 in Hollywood, California, USA. He is known to have appeared in or contributed to the following films but is believed to have appeared in at least 130 westerns, 11 serials, 22 features and 26 shorts: Mark of the Spur 1932, Star, a western. The Scarlet Brand 1932, Star, a western. Mason of the Mounted 1932, Star, a western. King Kong 1933, RKO, a horror film. West of the "
P3468,Christine,,,,,,,P3469,"was a Secretary in the Department of Civil Engineering in 2000 in Strathclyde University, Glasgow, Scotland. primarily working for Professors Professor Andrawes and Professor McGown. She was married to ? WHITEFORD."
P3469,? WHITEFORD,,,,,,,P3468,He was married to Christine.
P3470,Lindsey WHITEFORD,,,,,,,,"was a Computer technician for the Department of Maths, Science and Technological Education Department in 2000 in Strathclyde University, Glasgow, Scotland."
P3471,John WHITEFORD,,,Ballynure Antrim,,,,P3472,"was born in Ballynure Antrim, Ireland.He was married to Margaret GARNER. Children were: James WHITEFORD ."
P3472,Margaret GARNER,,,Ballynure Antrim,,,,P3471,"was born in Ballynure Antrim, Ireland.She was married to John WHITEFORD. Children were: James WHITEFORD ."
P3473,James WHITEFORD,1878,1933,Ballynure Antrim,,P3471,P3472,P3474,"was born on 14 Jul 1878 in Ballynure Antrim, Ireland. He died on 17 Dec 1933. died at sea. Parents: John WHITEFORD and Margaret GARNER.He was married to Martha E. IRWIN on 6 Jan 1902. Children were: Margaret Jane WHITEFORD."
P3474,Martha E. IRWIN,1877,1956,Glenwher Ry,West Monrovia,,,P3473,"was born on 13 Mar 1877 in Glenwher Ry, Antrim, N. Ireland. She died on 17 Mar 1956 in West Monrovia, California, USA.She was married to James WHITEFORD on 6 Jan 1902. Children were: Margaret Jane WHITEFORD."
P3475,Margaret Jane WHITEFORD,1907,1983,Elmonte,Palm Springs,P3473,P3474,P3476,"was born on 30 Mar 1907 in Elmonte, California. She died on 21 Aug 1983 in Palm Springs, California. Parents: James WHITEFORD and Martha E. IRWIN.She was married to Martin STURDIVANT. Children were: Robert Martin STURDIVANT."
P3476,Martin STURDIVANT,,,,,,,P3475,"He was married to Margaret Jane WHITEFORD . Children were: Robert Martin STURDIVANT.He was married to Paul Harner SWADENER. Children were: Patsy Jane STURDIVANT, Ernie Paul STURDIVANT, Nancy Ann STURDIVANT."
P3477,Robert Martin STURDIVANT,,,,,P3476,P3475,,Parents: Martin STURDIVANT and Margaret Jane WHITEFORD.
P3478,Paul Harner SWADENER,,,,,,,P3476,"She was married to Martin STURDIVANT . Children were: Patsy Jane STURDIVANT, Ernie Paul STURDIVANT, Nancy Ann STURDIVANT."
P3479,Patsy Jane STURDIVANT,,,,,P3476,P3478,,Parents: Martin STURDIVANT and Paul Harner SWADENER.
P3480,Ernie Paul STURDIVANT,,,,,P3476,P3478,,Parents: Martin STURDIVANT and Paul Harner SWADENER.
P3481,Nancy Ann STURDIVANT,,,,,P3476,P3478,,Parents: Martin STURDIVANT and Paul Harner SWADENER.
P3482,Robert WHITEFORD,1892,1900,Motherwell,Lanarkshire,,,P3483,"was born in 1892 in Motherwell, Scotland. He Lived at Hassockrig about 1900 in Lanarkshire, Scotland. He emigrated in 1928 from Canada. Reigned as champion of Scottish Regional and National boxing titles in 1912He was married to Janet GILLIES in 1913. Children were: Robert WHITEFORD, Jim WHITEFORD , Jenny WHITEFORD."
P3483,Janet GILLIES,,,,,,,P3482,"She was married to Robert WHITEFORD in 1913. Children were: Robert WHITEFORD, Jim WHITEFORD, Jenny WHITEFORD."
P3484,Robert WHITEFORD,,,,,P3482,P3483,,Parents: Robert WHITEFORD and Janet GILLIES.
P3485,Jim WHITEFORD,,,,,P3482,P3483,,Parents: Robert WHITEFORD and Janet GILLIES.
P3486,Jenny WHITEFORD,,,,,P3482,P3483,,Parents: Robert WHITEFORD and Janet GILLIES.
P3487,John WHITEFORD,1811,,Carnwath,,,,P3488,"was born in 1811. He was a Tollkeeper in 1851 in Moorfoot Toll, Lanarkshire. He appeared on the census in 1851 in Moorfoot Toll, Lanarkshire. Described as the Head of household, married, aged 40 years and born in Carnwath, living at the Moorfoot Toll and a Tollkeeper by trade.He was married to Janet. Children were: John WHITEFORD, Archibald WHITEFORD, Anne WHITEFORD, Margaret WHITEFORD, James WHITEFORD, Alexander WHITEFORD, Mary WHITEFORD."
P3488,Janet,1813,1851,Stonehouse,Moorfoot Toll,,,P3487,"was born in 1813 in Stonehouse, Lanark, Scotland. She appeared on the census in 1851 in Moorfoot Toll, Lanarkshire. Described as the wife of the head of household, married, aged 38 years and born in Stonehouse, living at the Moorfoot Toll.She was married to John WHITEFORD. Children were: John WHITEFORD, Archibald WHITEFORD, Anne WHITEFORD, Margaret WHITEFORD, James WHITEFORD, Alexander WHITEFORD, Mary WHITEFORD."
P3489,John WHITEFORD,1836,1851,Stonehouse,Moorfoot Toll,P3487,P3488,,"was born in 1836 in Stonehouse, Lanark, Scotland. He appeared on the census in 1851 in Moorfoot Toll, Lanarkshire. Described as the son of the head of household, unmarried, aged 16 years and born in Stonehouse, A road labourer, living at the Moorfoot Toll. Parents: John WHITEFORD and Janet."
P3490,Archibald WHITEFORD,1838,,Carstairs,,P3487,P3488,,"was born in 1838 in Carstairs, Lanarkshire. He appeared on the census in 1851 in Moorfoot Toll, Lanarkshire. Described as the son of the head of household, unmarried, aged 13 years and born in Carstairs, a road labourer, living at the Moorfoot Toll. Parents: John WHITEFORD and Janet."
P3491,Anne WHITEFORD,1840,,Carmichael,,P3487,P3488,,"was born in 1840 in Carmichael, Lanarkshire. She appeared on the census in 1851 in Moorfoot Toll, Lanarkshire. Described as the daughter of the head of household, unmarried, aged 11 years and born in Carstairs, a scholar, living at the Moorfoot Toll. Parents: John WHITEFORD and Janet."
P3492,Margaret WHITEFORD,1842,,Carmichael,,P3487,P3488,,"was born in 1842 in Carmichael, Lanarkshire. She appeared on the census in 1851 in Moorfoot Toll, Lanarkshire. Described as the daughter of the head of household, unmarried, aged 9 years and born in Carmichael, a scholar, living at the Moorfoot Toll. Parents: John WHITEFORD and Janet."
P3493,James WHITEFORD,1845,,Carmichael,,P3487,P3488,,"was born in 1845 in Carmichael, Lanarkshire. He appeared on the census in 1851 in Moorfoot Toll, Lanarkshire. Described as the son of the head of household, unmarried, aged 6 years and born in Carmichael, a scholar, living at the Moorfoot Toll. Parents: John WHITEFORD and Janet."
P3494,Alexander WHITEFORD,1848,,Carmichael,,P3487,P3488,,"was born in 1848 in Carmichael, Lanarkshire. He appeared on the census in 1851 in Moorfoot Toll, Lanarkshire. Described as the son of the head of household, aged 3 years and born in Carmichael, living at the Moorfoot Toll. Parents: John WHITEFORD and Janet."
P3495,Mary WHITEFORD,1850,,Moorfoot Toll,,P3487,P3488,,"was born in 1850 in Moorfoot Toll, Lanarkshire. Described as the daughter of the head of household, aged 1 year and born in Carmichael, a scholarr, living at the Moorfoot Toll. Parents: John WHITEFORD and Janet."
P3496,Gerald Richard WHITEFORD,,,,,,,P3497,"He was married to Rebecca Ann MOSS. Children were: Erin Irene WHITEFORD, Evan Patrick WHITEFORD."
P3498,Erin Irene WHITEFORD,1980,,Cambridge,,P3496,P3497,,"was born on 21 May 1980 in Cambridge, Minnesota, USA. Parents: Gerald Richard WHITEFORD and Rebecca Ann MOSS."
P3499,Evan Patrick WHITEFORD,1981,,Princeton,,P3496,P3497,,"was born on 2 Dec 1981 in Princeton, Minnesota, USA. Parents: Gerald Richard WHITEFORD and Rebecca Ann MOSS."
P3500,Allan David WHITEFORD,1977,,,,P3501,P3502,,"was born about 1977. He was educated The University of Strathclyde 1996 to 1999 in Glasgow, Lanarkshire, Scotland. Reading Physics.Winner of the James Blyth memorial award in session 1996/97 for best overall first year physics student in the physics and applied physics department. Winner of the A S McLaren Prize in physics in session 1997/98 for best laboratory work in the physics and applied physics department. He was educated Cathkin High School Aug 1991 to Sep 1996 in Cambuslang, Glasgow, Sco"
P3501,David WHITEFORD,,,,,P3671,P3672,,"Parents: David WHITEFORD and Agnes SMITH.He was married to Marjorie GUNN. Children were: Allan David WHITEFORD, Lynda WHITEFORD."
P3502,Marjorie GUNN,,,,,,,,"She was married to David WHITEFORD. Children were: Allan David WHITEFORD, Lynda WHITEFORD."
P3503,Lynda WHITEFORD,,,,,P3501,P3502,,Parents: David WHITEFORD and Marjorie GUNN.
P3504,George WHITEFORD,,1790,,Madras,,,,"emigrated in 1788 from Madras, India. Described as George Whitefoord, son of Sir John Whitefoord of Whitefoord, Ayrshire ( The Laing Charters 3272) He died in 1790 in Madras, India. He was buried on 11 Oct 1790 in St Mary's, Fort St George, Madras City, India. He was a Lieut HEICS Cawnpore 1788 to 1790 in Madras, India."
P3505,Mike WHITEFORD,,,,,,,,"Lived at on 10 Nov 1998 in Blaine, Minnesota, USA.He was married to Tanna."
P3506,Tanna,,,,,,,P3505,She was married to Mike WHITEFORD.
P3508,Michael WHITEFORD,,,,,,,P3509,"He was married to Rhonda. Children were: Travis WHITEFORD, Trent WHITEFORD."
P3509,Rhonda,,,,,,,P3508,"She was married to Michael WHITEFORD. Children were: Travis WHITEFORD, Trent WHITEFORD."
P3511,Guy WHITEFORD,,,,,,,P3512,was an Avocational Archaeologist.He was married to Mabel.Back Next
P3512,Mabel,,,,,,,P3511,was an Avocational Archaeologist.She was married to Guy WHITEFORD.
P3513,Cynthia M. WHITEFORD,,,,,,,,"was a Vice President of the Trust for Public Land on 15 Jun 2000 in Minnesota, USA. Also the Midwest regonal director."
P3514,Elaine RAYNOND,1915,1999,Minnesota,Las Vegas,,,P3515,"was born on 3 Nov 1915 in Minnesota, USA. She died on 27 Jun 1999 in Las Vegas, Nevada, USA.She was married to George WHITEFORD."
P3515,George WHITEFORD,,,,,,,,"was living on 27 Jun 1999 in Las Vegas, Nevada, USA.He was married to Elaine RAYNOND."
P3516,Randy WHITEFORD,,,,,,,,"was a Professional Soccer Player 1997 to 1998. In 1997 he is described as a Defender and the fans' pick as Rookie of the Year for 1997. He is a former star at IUPUI and he signed as a free agent in March 1997 and ended up starting 20 of 22 games at Defender. In 1999 he is listed as a defender with the Indiana Blast, a D3-League team in the US Lague.Back Next"
P3517,Roger J. WHITEFORD,,,,,,,,"was a Lawyer on 12 Mar 1954 in Nebraska, USA."
P3518,John WHITEFORD,,,,University of Bath,,,,"was educated about 1969 in Greenway School, Horsham, Sussex, England. He was a Tennis Coach in University of Bath, Bath, England. Former British international & Wimbledon player. Ex national coach for Dutch & English tennis associations John has played professionally on the international circuit, including appearances at Wimbledon and has been attached to the senior Davis Cup Squad and was a member of the Junior Davis Cup team. His highest British ranking was 8th."
P3519,Adam WHITEFORD,1828,,Scotland,,,,P3520,was born about 1828 in Scotland. He emigrated from Canada. Religion: Canada Presbyterian/C. Presb. Origin:SCOTCH Occupation: Farmer ( F ) District: HURON SOUTH ( 025 ) Sub-district:Hay ( B ) Division: 1 Page: 45 Microfilm reel: C-9928 Reference: RG31 Statistics Canada Legal Land Description ....Manitoba 1 20 1 11 W1 Section Township Range Meridian Reference: Cross-Reference RG: 68 Liber: 73 Folio: 432 Date of document: 1880/03/ Names: ADAM WHITEFORD Remarks: (TP HAY CO HURON ONT) 640 ACRES SALE 
P3520,Unknown,,,,,,,P3519,"She was married to Adam WHITEFORD. Children were: Adam WHITEFORD, Wiliam WHITEFORD , John WHITEFORD."
P3521,Adam WHITEFORD,,1947,Exeter,Jul 1947 in Virden,P3519,P3520,P3522,"died in Jul 1947 in Virden, Manitoba. He was buried after Jul 1947 in Virden Cemetery, Virden, Manitoba. He was born in Exeter, Huron, Ontario. Parents: Adam WHITEFORD and Unknown.He was married to Bessie ADAMS in 1891 in Virden, Manitoba. Children were: Carman WHITEFORD ."
P3522,Bessie ADAMS,1868,1962,Mitchell,Virden,,,P3521,"was born in 1868 in Mitchell, Perth, Ontario. She died on 31 Dec 1962 in Virden, Manitoba. She was buried in 1963 in Virden Cemetery, Virden, Manitoba. She was married to Adam WHITEFORD in 1891 in Virden, Manitoba. Children were: Carman WHITEFORD."
P3523,Carman WHITEFORD,1892,1980,Harmsworth,Virden Cemetery,P3521,P3522,P3524,"was born on 8 Sep 1892 in Harmsworth, Manitoba. He died on 5 May 1980 in Virden Cemetery, Virden, Manitoba. He was buried after 5 May 1980 in Virden Cemetery, Virden, Manitoba. Parents: Adam WHITEFORD and Bessie ADAMS.He was married to Jean Lovell STRANG on 18 Oct 1916. Children were: James Warren WHITEFORD, Marion Jean WHITEFORD ."
P3524,Jean Lovell STRANG,1892,1991,Baldur,Virden,,,P3523,"was born on 16 Feb 1892 in Baldur, Manitoba. She died on 3 Sep 1991 in Virden, Manitoba. She was buried on 6 Sep 1991 in Virden Cemetery, Virden, Manitoba.She was married to Carman WHITEFORD on 18 Oct 1916. Children were: James Warren WHITEFORD , Marion Jean WHITEFORD."
P3525,James Warren WHITEFORD,,,,,P3523,P3524,P3526,"Parents: Carman WHITEFORD and Jean Lovell STRANG.He was married to Elizabeth Tyrie Moyes THOMSON. Children were: David Niel WHITEFORD, Peter Rice WHITEFORD, Walter Alexander WHITEFORD, Elizabeth Janet WHITEFORD ."
P3526,Elizabeth Tyrie Moyes THOMSON,,,,,,,P3525,"She was married to James Warren WHITEFORD. Children were: David Niel WHITEFORD , Peter Rice WHITEFORD, Walter Alexander WHITEFORD, Elizabeth Janet WHITEFORD ."
P3527,David Niel WHITEFORD,,,,,P3525,P3526,P3536,"Parents: James Warren WHITEFORD and Elizabeth Tyrie Moyes THOMSON.He was married to Nancy Leigh GILES. Children were: Jennifer Anne WHITEFORD, Rebecca Lynne WHITEFORD .He was married to Merry Ellen REYMOND."
P3528,Nancy Leigh GILES,,,,,,,P3527,"She was married to David Niel WHITEFORD . Children were: Jennifer Anne WHITEFORD, Rebecca Lynne WHITEFORD."
P3529,Jennifer Anne WHITEFORD,,,,,P3527,P3528,,Parents: David Niel WHITEFORD and Nancy Leigh GILES.
P3530,Rebecca Lynne WHITEFORD,,,,,P3527,P3528,P3575,Parents: David Niel WHITEFORD and Nancy Leigh GILES.She was married to Hans ANDERSON.
P3531,Peter Rice WHITEFORD,,,,,P3525,P3526,,Parents: James Warren WHITEFORD and Elizabeth Tyrie Moyes THOMSON.
P3533,Kwiran AHN,,,,,,,P3532,"Known as Patricia.She was married to Walter Alexander WHITEFORD. Children were: James Scott Sangsoo WHITEFORD, Sarah Jean Sanghee WHITEFORD ."
P3534,James Scott Sangsoo WHITEFORD,,,,,P3532,P3533,,Parents: Walter Alexander WHITEFORD and Kwiran AHN.
P3535,Sarah Jean Sanghee WHITEFORD,,,,,P3532,P3533,,Parents: Walter Alexander WHITEFORD and Kwiran AHN.
P3536,Merry Ellen REYMOND,,,,,,,P3527,She was married to David Niel WHITEFORD .
P3537,Elizabeth Janet WHITEFORD,,,,,P3525,P3526,,Parents: James Warren WHITEFORD and Elizabeth Tyrie Moyes THOMSON.She was married to Russel KINSMAN.
P3538,Russel KINSMAN,,,,,,,P3537,He was married to Elizabeth Janet WHITEFORD.
P3539,Marion Jean WHITEFORD,,,,,P3523,P3524,P3540,"Parents: Carman WHITEFORD and Jean Lovell STRANG.She was married to George Aitken WILSON. Children were: Carman Robb WILSON, Wendy Jean WILSON, Wallace Scott WILSON."
P3545,Mary ADAMS,,,,,,,P3544,She was married to Wiliam WHITEFORD.
P3546,John WHITEFORD,,,,,P3519,P3520,P3547,Parents: Adam WHITEFORD and Unknown.He was married to Ada GREEN.
P3547,Ada GREEN,,,,,,,P3546,She was married to John WHITEFORD.
P3549,Rebecca CULBERT,1845,,Ontario,,,,P3548,"was born on 15 Jul 1845 in Ontario, Canada.She was married to William WHITEFORD. Children were: Rebecca Annie WHITEFORD, Mary E. WHITEFORD, Susan L. WHITEFORD."
P3550,Rebecca Annie WHITEFORD,1876,1955,Usborne Twp,,P3548,P3549,P3551,"was born in 1876 in Usborne Twp, Huron, Ontario. She died in 1955. She was buried in 1955 in Zion Methodist Cemetery, Usborne Twp, Huron, Ontario. Parents: William WHITEFORD and Rebecca CULBERT.She was married to George Weston HORNE on 26 Dec 1900 in Usborne Twp, Huron, Ontario. Children were: Elva Lauretta HORNE, Lida Eileen HORNE."
P3551,George Weston HORNE,,,,,,,P3550,"He was married to Rebecca Annie WHITEFORD on 26 Dec 1900 in Usborne Twp, Huron, Ontario. Children were: Elva Lauretta HORNE, Lida Eileen HORNE."
P3552,Elva Lauretta HORNE,1901,1993,Usborne Twp,,P3551,P3550,,"was born on 17 Oct 1901 in Usborne Twp, Huron, Ontario. She died in 1993. Parents: George Weston HORNE and Rebecca Annie WHITEFORD."
P3553,Lida Eileen HORNE,1906,1920,Usborne Twp,,P3551,P3550,,"was born on 26 Aug 1906 in Usborne Twp, Huron, Ontario. She died in 1920. Parents: George Weston HORNE and Rebecca Annie WHITEFORD."
P3554,Mary E. WHITEFORD,1880,,Ontario,,P3548,P3549,,"was born on 13 Aug 1880 in Ontario, Canada. Parents: William WHITEFORD and Rebecca CULBERT."
P3556,John Silas WHITEFORD,1880,1963,,,,,P3557,"was born in 1880. He died in 1963.He was married to Sarah Maud PARKINSON on 14 Feb 1906. Children were: Laverne WHITEFORD, Lillian WHITEFORD, Stanley WHITEFORD, Hilson WHITEFORD, Delmar WHITEFORD, Florence WHITEFORD."
P3558,Laverne WHITEFORD,,,,,P3556,P3557,P3559,Parents: John Silas WHITEFORD and Sarah Maud PARKINSON.He was married to Olive Gertrude ELLIOT.
P3559,Olive Gertrude ELLIOT,,,,,,,P3558,She was married to Laverne WHITEFORD .
P3560,Lillian WHITEFORD,,,,,P3556,P3557,,Parents: John Silas WHITEFORD and Sarah Maud PARKINSON.
P3561,Stanley WHITEFORD,,,,,P3556,P3557,P3562,Parents: John Silas WHITEFORD and Sarah Maud PARKINSON.He was married to Verda May LISTER.
P3562,Verda May LISTER,,,,,,,P3561,She was married to Stanley WHITEFORD .
P3563,Hilson WHITEFORD,1914,1981,Feb 1914 in St Marys,Apr 1981,P3556,P3557,P3564,"was born in Feb 1914 in St Marys, Perth, Ontario. He died in Apr 1981. Parents: John Silas WHITEFORD and Sarah Maud PARKINSON.He was married to Eula Mary HERDMAN. Children were: Kenneth WHITEFORD, Julia WHITEFORD."
P3564,Eula Mary HERDMAN,,,,,,,P3563,"She was married to Hilson WHITEFORD . Children were: Kenneth WHITEFORD, Julia WHITEFORD."
P3565,Kenneth WHITEFORD,,,,,P3563,P3564,P3566,"Parents: Hilson WHITEFORD and Eula Mary HERDMAN.He was married to Linda ARCHER . Children were: Bradley WHITEFORD, Shayna WHITEFORD."
P3566,Linda ARCHER,,,,,,,P3565,"She was married to Kenneth WHITEFORD . Children were: Bradley WHITEFORD, Shayna WHITEFORD."
P3567,Bradley WHITEFORD,,,,,P3565,P3566,,Parents: Kenneth WHITEFORD and Linda ARCHER.
P3568,Shayna WHITEFORD,,,,,P3565,P3566,,Parents: Kenneth WHITEFORD and Linda ARCHER.
P3569,Julia WHITEFORD,,,,,P3563,P3564,P3570,Parents: Hilson WHITEFORD and Eula Mary HERDMAN.She was married to Robert HOLMES .
P3570,Robert HOLMES,,,,,,,P3569,He was married to Julia WHITEFORD.
P3571,Delmar WHITEFORD,,,,,P3556,P3557,P3572,Parents: John Silas WHITEFORD and Sarah Maud PARKINSON.He was married to Alma TAZZMAN.
P3572,Alma TAZZMAN,,,,,,,P3571,She was married to Delmar WHITEFORD .
P3573,Florence WHITEFORD,,,,,P3556,P3557,P3574,Parents: John Silas WHITEFORD and Sarah Maud PARKINSON.She was married to Joshua GEE.
P3574,Joshua GEE,,,,,,,P3573,He was married to Florence WHITEFORD.
P3575,Hans ANDERSON,,,,,,,P3530,He was married to Rebecca Lynne WHITEFORD .
P3576,Samuel RALSTON,,,Lanark,,P3582,P3583,P2263,"immigrated on 17 Jun 1852 to Australia. He was born about1828 in Lanark, Lanarkshire, Scotland. Parents: William RALSTON and Sarah GALBRAITH.He was married to Margaret WHITEFORD on 22 Jan 1847 in Lanark, Lanark, Scotland. Children were: William RALSTON, William RALSTON, Angus Chisholm Montgomery RALSTON, Margaret Crawford RALSTON, David RALSTON, Agnes RALSTON, Janet RALSTON, Sarah RALSTON, Elizabeth RALSTON, Samuel RALSTON."
P3577,Alexander WHITEFORD,,,,,,,P3578,was a Clothier.He was married to Helen DEAN. Children were: Alexander WHITEFORD.
P3578,Helen DEAN,,,,,,,P3577,She was married to Alexander WHITEFORD . Children were: Alexander WHITEFORD.
P3579,John STEWART,,,,,,,P3580,was a Farmer.He was married to Ann GRANT . Children were: Jane STEWART.
P3580,Ann GRANT,,,,,,,P3579,She was married to John STEWART. Children were: Jane STEWART.
P3581,Hannah MCWHINNEY,,,,,,,P1808,She was married to Robert WHITEFORD .
P3582,William RALSTON,1801,,,,,,,"was born about 1801. Northern Ireland or Argyll.He was married to Sarah GALBRAITH in 1818. Children were: Mary RALSTON, Samuel RALSTON, George RALSTON, Robert RALSTON, David RALSTON, Joseph RALSTON."
P3583,Sarah GALBRAITH,1801,,,,,,P3582,"was born about 1801. Northern Ireland or Argyll.She was married to William RALSTON in 1818. Children were: Mary RALSTON, Samuel RALSTON, George RALSTON, Robert RALSTON, David RALSTON, Joseph RALSTON."
P3584,Samuel Young WHITEFORD,1844,,Paisley,,P3585,P3586,P3587,"was born in 1844 in Paisley, Renfrewshire, Scotland. He emigrated USA. Parents: John WHITEFORD and Margaret YOUNG.He was married to Beaumont HANNAH in 1860 in New York, New York, USA."
P3585,John WHITEFORD,,,,,,,P3586,He was married to Margaret YOUNG . Children were: Samuel Young WHITEFORD.
P3587,Beaumont HANNAH,,,,,,,P3584,"She was married to Samuel Young WHITEFORD in 1860 in New York, New York, USA."
P3590,Fred WHITEFORD,,1940,,,,,P3591,"died in 1940.He was married to Henrietta ""Etta"" June NEFF in Dec 1898 in Nemaha County, Kansas, USA. Children were: Harry WHITEFORD, George WHITEFORD, Alden ""Al"" WHITEFORD, Gertrude WHITEFORD."
P3592,Harry WHITEFORD,,,,,P3590,P3591,,"Parents: Fred WHITEFORD and Henrietta ""Etta"" June NEFF."
P3593,George WHITEFORD,1901,1994,,Mar 1994,P3590,P3591,P3596,"was born on 2 Jan 1901. He died in Mar 1994. Parents: Fred WHITEFORD and Henrietta ""Etta"" June NEFF.He was married to BERNICE. Children were: Frederick George WHITEFORD, Gerald WHITEFORD, Robert WHITEFORD, Betty Jane WHITEFORD, Harry WHITEFORD, George WHITEFORD."
P3594,"Alden ""Al"" WHITEFORD",1903,1961,,Boulder,P3590,P3591,P3603,"was born on 13 Nov 1903. He died on 24 Nov 1961 in Boulder, Colorado, USA. Parents: Fred WHITEFORD and Henrietta ""Etta"" June NEFF.He was married to Carrie Mae SMITH on 23 Sep 1933. Children were: Emily June WHITEFORD, Alden Fred WHITEFORD, Ruth Ann WHITEFORD."
P3595,Gertrude WHITEFORD,,,,,P3590,P3591,,"Parents: Fred WHITEFORD and Henrietta ""Etta"" June NEFF."
P3596,BERNICE,,,,,,,P3593,"She was married to George WHITEFORD. Children were: Frederick George WHITEFORD, Gerald WHITEFORD, Robert WHITEFORD, Betty Jane WHITEFORD, Harry WHITEFORD, George WHITEFORD."
P3597,Frederick George WHITEFORD,,,,,P3593,P3596,,Parents: George WHITEFORD and BERNICE.
P3598,Gerald WHITEFORD,,,,,P3593,P3596,,Parents: George WHITEFORD and BERNICE.
P3599,Robert WHITEFORD,,,,,P3593,P3596,,Parents: George WHITEFORD and BERNICE.
P3600,Betty Jane WHITEFORD,,,,,P3593,P3596,,Parents: George WHITEFORD and BERNICE.
P3601,Harry WHITEFORD,,,,,P3593,P3596,,Parents: George WHITEFORD and BERNICE.
P3602,George WHITEFORD,,,,,P3593,P3596,,Parents: George WHITEFORD and BERNICE.
P3603,Carrie Mae SMITH,1905,,,,,,P3594,"was born on 28 May 1905.She was married to Alden ""Al"" WHITEFORD on 23 Sep 1933. Children were: Emily June WHITEFORD, Alden Fred WHITEFORD, Ruth Ann WHITEFORD."
P3604,Emily June WHITEFORD,,,,,P3594,P3603,P3606,"Parents: Alden ""Al"" WHITEFORD and Carrie Mae SMITH.She was married to Patrick TIPTON. Children were: Leonard Patrick TIPTON ."
P3605,Alden Fred WHITEFORD,,,,,P3594,P3603,P3608,"Parents: Alden ""Al"" WHITEFORD and Carrie Mae SMITH.He was married to Diane HAYS. Children were: Alden Gregory WHITEFORD , Carrie Lynee WHITEFORD, Scott Howard WHITEFORD."
P3606,Patrick TIPTON,,,,,,,P3604,He was married to Emily June WHITEFORD . Children were: Leonard Patrick TIPTON.
P3607,Leonard Patrick TIPTON,,,,,P3606,P3604,,Parents: Patrick TIPTON and Emily June WHITEFORD.
P3608,Diane HAYS,,,,,,,P3605,"She was married to Alden Fred WHITEFORD . Children were: Alden Gregory WHITEFORD, Carrie Lynee WHITEFORD, Scott Howard WHITEFORD ."
P3609,Alden Gregory WHITEFORD,,,,,P3605,P3608,,Parents: Alden Fred WHITEFORD and Diane HAYS.
P3610,Carrie Lynee WHITEFORD,,,,,P3605,P3608,,Parents: Alden Fred WHITEFORD and Diane HAYS.
P3611,Scott Howard WHITEFORD,,,,,P3605,P3608,,Parents: Alden Fred WHITEFORD and Diane HAYS.
P3612,Ruth Ann WHITEFORD,,,,,P3594,P3603,P3613,"Parents: Alden ""Al"" WHITEFORD and Carrie Mae SMITH.She was married to Gary GIEST. Children were: Russell Paul GIEST , Deborah May GIEST."
P3613,Gary GIEST,,,,,,,P3612,"He was married to Ruth Ann WHITEFORD . Children were: Russell Paul GIEST, Deborah May GIEST."
P3614,Russell Paul GIEST,,,,,P3613,P3612,,Parents: Gary GIEST and Ruth Ann WHITEFORD.
P3615,Deborah May GIEST,,,,,P3613,P3612,,Parents: Gary GIEST and Ruth Ann WHITEFORD.
P3616,Isobella FRAME,,,,,P3875,P3876,P968,"Parents: William FRAME and Margaret LINDSAY.She was married to George WHITEFORD on 25 Oct 1910 in Calton, Glasgow, Lanarkshire, Scotland. at 128 French St. Children were: George WHITEFORD."
P3617,George WHITEFORD,1912,,Calton,,P968,P3616,,"was born on 20 Jan 1912 in Calton, Glasgow, Lanarkshire, Scotland. at 46 Comely Park St. Parents: George WHITEFORD and Isobella FRAME."
P3618,Alexander HAMILTON,,,,,,,P3619,He was married to Agnes BROWN. Children were: Margaret HAMILTON.
P3619,Agnes BROWN,,,,,,,P3618,She was married to Alexander HAMILTON . Children were: Margaret HAMILTON.
P3620,Malcolm WHITEFORD,1923,1998,Taylor St,Cowcaddens,P974,P977,P3621,"was born on 5 Nov 1923 in Taylor St, Townhead, Glasgow, Lanarkshire, Scotland. Parents: James WHITEFORD and Catherine Smith DARROCH.He was married to Sarah FORD. Children were: Shiela WHITEFORD.He was married to Eileen BAXTER on 17 Apr 1998 in Cowcaddens, Glasgow, Lanarkshire, Scotland. at St Aloys\sius Roman Catholic Church."
P3621,Sarah FORD,,,,,,,P3620,She was married to Malcolm WHITEFORD. Children were: Shiela WHITEFORD.
P3622,Shiela WHITEFORD,,,,,P3620,P3621,,Parents: Malcolm WHITEFORD and Sarah FORD.
P3623,James Darroch WHITEFORD,1926,1961,Townhead,Townhead,P974,P977,P3624,"was born in 1926 in Townhead, Glasgow, Lanarkshire, Scotland. at Taylor St. He died on 3 Mar 1961 in Townhead, Glasgow, Lanarkshire, Scotland. at Cathederal St. Parents: James WHITEFORD and Catherine Smith DARROCH.He was married to Mary Casey SHARP. Children were: Janet WHITEFORD , Margaret WHITEFORD, Mary WHITEFORD, Catherine WHITEFORD."
P3624,Mary Casey SHARP,,,,,P3905,P3906,P3623,"Parents: James SHARP and Mary GILL.She was married to James Darroch WHITEFORD. Children were: Janet WHITEFORD , Margaret WHITEFORD, Mary WHITEFORD, Catherine WHITEFORD."
P3625,Janet WHITEFORD,,,,,P3623,P3624,,Parents: James Darroch WHITEFORD and Mary Casey SHARP.
P3626,Margaret WHITEFORD,,,,,P3623,P3624,,Parents: James Darroch WHITEFORD and Mary Casey SHARP.
P3627,Mary WHITEFORD,,,,,P3623,P3624,,Parents: James Darroch WHITEFORD and Mary Casey SHARP.
P3628,Catherine WHITEFORD,,,,,P3623,P3624,,Parents: James Darroch WHITEFORD and Mary Casey SHARP.
P3629,Catherine Darroch WHITEFORD,1929,1996,Taylor St,Cambuslang,P974,P977,P3907,"was born in 1929 in Taylor St, Townhead, Glasgow, Lanarkshire, Scotland. She died in 1996 in Cambuslang, Glasgow, Scotland. Parents: James WHITEFORD and Catherine Smith DARROCH. She was married to Thomas MCKENNA. Children were: Thomas MCKENNA."
P3630,Margaret FRAME,,,,,P3875,P3876,P966,"Parents: William FRAME and Margaret LINDSAY.She was married to Matthew WHITEFORD on 21 May 1904 in Calton, Glasgow, Lanarkshire, Scotland. at 128 French St. Children were: Matthew WHITEFORD, Alexander WHITEFORD."
P3631,Matthew WHITEFORD,1904,,Cowdenbeath,,P966,P3630,P3632,"was born on 22 Mar 1904 in Cowdenbeath, Fife. at 33 Towerfield Place. Parents: Matthew WHITEFORD and Margaret FRAME.He was married to Margaret CALDOW in 1930 in Cambuslang, Glasgow, Scotland. Children were: Charlotte Caldow WHITEFORD."
P3633,Charlotte Caldow WHITEFORD,1933,,Cambuslang,,P3631,P3632,,"was born in 1933 in Cambuslang, Glasgow, Scotland. Parents: Matthew WHITEFORD and Margaret CALDOW.Back Next"
P3634,Alexander WHITEFORD,1912,1939,Carluke,the military from 1939 to 1943,P966,P3630,,"was born in 1912 in Carluke, Glasgow, Scotland. He served in the military from 1939 to 1943. Private in the 6th. Battalion Seaforth Highlanders. No. 2827680. Killed in action, aged 31 years. He died on 14 Jul 1943 in Scicily, Italy. He was buried after 14 Jul 1943 in Syracuse War Cemetery, Scicily, Italy. Grave No. 1V A 15. Gravestone reads; In Memory of ALEXANDER WHITEFORD Private 2827680, 6th Bn., Seaforth Highlanders who died on Wednesday, 14th July 1943. Age 31. Additional Information: Son o"
P3635,Jeannie ROY,,,,,P3877,P3878,P967,"Parents: Isaac ROY and Janet DALZIEL.She was married to William WHITEFORD on 28 Dec 1906 in Calton, Glasgow, Lanarkshire, Scotland. at 128 French St. Children were: John Carmeron WHITEFORD."
P3636,John Carmeron WHITEFORD,1922,1994,Windsor,Windsor,P967,P3635,,"was born on 5 Dec 1922 in Windsor,Ontario,Canada. He died in 1994 in Windsor, Ontario, Canada. Parents: William WHITEFORD and Jeannie ROY.He was married to Marie CORCHIS. Children were: John Robert WHITEFORD, Marie Elaine WHITEFORD, Matthew Joseph WHITEFORD."
P3637,Marie CORCHIS,,,,,,,P3636,She was married to John Carmeron WHITEFORD . Children were: Marie WHITEFORD.
P3644,Joyce WHITEFORD,,,,,P3642,P3643,,Parents: William WHITEFORD and Rhoda Elsie Eduth NANKIVELL.
P3645,Mavis WHITEFORD,,,,,P3642,P3643,,Parents: William WHITEFORD and Rhoda Elsie Eduth NANKIVELL.
P3647,Betty KRANTZ,,,,,,,P3646,"She was married to Wiiliam George WHITEFORD . Children were: Kerrie WHITEFORD, Marilyn WHITEFORD, David WHITEFORD."
P3648,Kerrie WHITEFORD,,,,,P3646,P3647,,Parents: Wiiliam George WHITEFORD and Betty KRANTZ.
P3649,Marilyn WHITEFORD,,,,,P3646,P3647,,Parents: Wiiliam George WHITEFORD and Betty KRANTZ.
P3650,David WHITEFORD,,,,,P3646,P3647,,Parents: Wiiliam George WHITEFORD and Betty KRANTZ.
P3651,Annie,,,,,,,P3634,She was married to Alexander WHITEFORD.
P3652,James WHITEFORD,1838,,,,P3654,P3655,P3653,"was born about 1838. Parents: David WHITEFORD and Elizabeth CRUCKSHANKS.He was married to Margaret SMALL on 10 Sep 1858 in Corsehill, Kilwinning, Ayrshire, Scotland. Witness: John THOMSON, Joseph WYLIE"
P3653,Margaret SMALL,1838,,,,P3656,P3657,P3652,"was born about 1838. Parents: Robert SMALL and Mary WYLIE.She was married to James WHITEFORD on 10 Sep 1858 in Corsehill, Kilwinning, Ayrshire, Scotland. Witness: John THOMSON, Joseph WYLIE"
P3654,David WHITEFORD,,1858,,,,,P3655,died before 10 Sep 1858.He was married to Elizabeth CRUCKSHANKS. Children were: James WHITEFORD .
P3655,Elizabeth CRUCKSHANKS,,,,,,,P3654,She was married to David WHITEFORD . Children were: James WHITEFORD.
P3656,Robert SMALL,,,,,,,P3657,He was married to Mary WYLIE. Children were: Margaret SMALL.
P3658,James SMITH,,1858,,,,,P3659,died before 22 Sep 1858. Described as deceased on the burial entry for his son. He was a Shoemaker before 22 Sep 1858.He was married to Mary Ann WHITEFORD. Children were: James SMITH .
P3659,Mary Ann WHITEFORD,,,,,,,P3658,She was married to James SMITH . Children were: James SMITH.
P3660,James SMITH,1856,1858,,Cumnock,P3658,P3659,,"was born about Apr 1856. He died on 22 Sep 1858 in Cumnock, Ayrshire, Scotland. Parents: James SMITH and Mary Ann WHITEFORD."
P3662,Dora Ellen HOSTERMAN,,,,,,,P3661,"She was married to William G WHITEFORD . Children were: Charles Wilbur WILLIAM G, David WHITEFORD, Earl G WHITEFORD."
P3664,David WHITEFORD,1899,1899,Henry Trapani,Berrien Twnsh,P3661,P3662,,"was born on 9 Jul 1899 in Henry Trapani, Wolverhampton, Ojio, USA. He (or she) died on 29 Jul 1899 in Berrien Twnsh, Berrien, Michigan, USA. Parents: William G WHITEFORD and Dora Ellen HOSTERMAN."
P3665,Earl G WHITEFORD,1892,1955,Paulding Village,Berrien Twnsh,P3661,P3662,,"was born on 4 Sep 1892 in Paulding Village, Pauld, Ohio, USA. He died on 11 Apr 1955 in Berrien Twnsh, Berrien, Michigan, USA. Parents: William G WHITEFORD and Dora Ellen HOSTERMAN ."
P3666,Rebecca Luella GAUT,,,Berrien Twnsh,,,,P3663,"was born in Berrien Twnsh, Berrien, Michigan, USA.She was married to Charles Wilbur WILLIAM G in Defiance, Defiance, Ohio, USA."
P3667,Whiteford ISABELLA MURRAY,,,,,,,P3668,"She was married to Arthur Nicol MITCHELL. Children were: Ann Elizabeth MITCHELL , Colin Whiteford MITCHELL."
P3668,Arthur Nicol MITCHELL,,,,,,,P3667,"He was married to Whiteford ISABELLA MURRAY. Children were: Ann Elizabeth MITCHELL , Colin Whiteford MITCHELL."
P3669,Ann Elizabeth MITCHELL,,,,,P3668,P3667,,Parents: Arthur Nicol MITCHELL and Whiteford ISABELLA MURRAY.
P3670,Colin Whiteford MITCHELL,,,,,P3668,P3667,,Parents: Arthur Nicol MITCHELL and Whiteford ISABELLA MURRAY.
P3671,David WHITEFORD,,,,,,,P3672,"He was married to Agnes SMITH. Children were: David WHITEFORD, William WHITEFORD."
P3672,Agnes SMITH,,,,,,,P3671,"She was married to David WHITEFORD. Children were: David WHITEFORD, William WHITEFORD."
P3674,Spiers HELEN,,,,,,,,She was married to William WHITEFORD. Children were: Laura WHITEFORD.
P3675,Laura WHITEFORD,,,,,P3673,P3674,,Parents: William WHITEFORD and Spiers HELEN.
P3676,Jean WHITEFOORD,1655,,Dalduff,,P3677,,P3681,"was born about 1655 in Dalduff, Maybole, Ayrshie, Scotland. Parents: James WHITEFOORD.She was married to John FERGUSSON. Children were: James FERGUSSON Lord Kilkerran, Adam FERGUSSON, Jean FERGUSSON, John FERGUSSON."
P3677,James WHITEFOORD,,,,,,,,"of Dalduff, MayboleHe was married. Children were: Jean WHITEFOORD."
P3681,John FERGUSSON,1651,,Kilkerran,,,,,"was born about 1651 in Kilkerran, Dailly, Ayrshire.He was married to Jean WHITEFOORD. Children were: James FERGUSSON Lord Kilkerran, Adam FERGUSSON , Jean FERGUSSON, John FERGUSSON ."
P3682,James FERGUSSON Lord Kilkerran,1688,1759,Kilkerran,,P3681,P3676,,"was born in 1688 in Kilkerran, Dailly, Ayrshire. He died in 1759. Parents: John FERGUSSON and Jean WHITEFOORD."
P3683,Adam FERGUSSON,1690,,Kilkerran,,P3681,P3676,,"was born about 1690 in Kilkerran, Dailly, Ayrshire. Parents: John FERGUSSON and Jean WHITEFOORD."
P3684,Jean FERGUSSON,1692,,Kilkerran,,P3681,P3676,,"was born about 1692 in Kilkerran, Dailly, Ayrshire. Parents: John FERGUSSON and Jean WHITEFOORD."
P3685,John FERGUSSON,1697,,Edinburgh,,P3681,P3676,,"was born on 6 Dec 1697 in Edinburgh, Mid Lothian, Scotland. Parents: John FERGUSSON and Jean WHITEFOORD ."
P3687,Thomas BEGGS,,,,,,,P2267,"He was married to Jean WHITEFORD in 1850. Children were: David Whiteford BEGGS, Janet Crawford BEGGS, William BEGGS, Agnes BEGGS, Margaret Crawford BEGGS, William BEGGS, Jane BEGGS."
P3688,David Whiteford BEGGS,1856,,,,P3687,P2267,,was born in 1856. Parents: Thomas BEGGS and Jean WHITEFORD.
P3689,Janet Crawford BEGGS,1858,,,,P3687,P2267,,was born in 1858. Parents: Thomas BEGGS and Jean WHITEFORD.
P3690,William BEGGS,1860,1867,,,P3687,P2267,,was born in 1860. He died before 1867. Parents: Thomas BEGGS and Jean WHITEFORD.
P3691,Agnes BEGGS,1863,,,,P3687,P2267,,was born in 1863. Parents: Thomas BEGGS and Jean WHITEFORD.
P3692,Margaret Crawford BEGGS,1865,,,,P3687,P2267,,was born in 1865. Parents: Thomas BEGGS and Jean WHITEFORD.
P3693,William BEGGS,1867,,,,P3687,P2267,,was born in 1867. Parents: Thomas BEGGS and Jean WHITEFORD.
P3694,Jane BEGGS,1872,,,,P3687,P2267,,was born in 1872. Parents: Thomas BEGGS and Jean WHITEFORD.
P3696,Agnes,,,,,,,P3695,"She was married to Thomas WHITEFORD. Children were: Agnes WHITEFORD, Martha J. WHITEFORD."
P3697,Agnes WHITEFORD,,,Dearborn County,,P3695,P3696,,"was born in Dearborn County, Indiana, USA. Parents: Thomas WHITEFORD and Agnes.She was married to Snider ADAM J. in Meade County, Kentucky, USA."
P3698,Martha J. WHITEFORD,,,Dearborn County,,P3695,P3696,,"was born in Dearborn County, Indiana, USA. Parents: Thomas WHITEFORD and Agnes.She was married to Clement STREIBLE in Meade County, Kentucky, USA."
P3699,Snider ADAM J.,,,,,,,P3697,"He was married to Agnes WHITEFORD in Meade County, Kentucky, USA."
P3700,Clement STREIBLE,,,Meade County,,,,P3698,"was born in Meade County, Kentucky, USA.He was married to Martha J. WHITEFORD in Meade County, Kentucky, USA."
P3701,Allan SMITH,1748,1748,Stennes,Firth & Stennes,P1079,P2022,,"was born on 28 Feb 1748 in Stennes, Orkney, Scotland. He was christened on 28 Feb 1748 in Firth & Stennes, Orkney, Scotland. Parents: William SMITH and Charliot WHITEFOORD."
P3702,Whitefoord SMITH,1758,1758,Stennes,Firth & Stennes,P1079,P2022,,"was born on 6 Jul 1758 in Stennes, Orkney, Scotland. He was christened on 6 Jul 1758 in Firth & Stennes, Orkney, Scotland. Parents: William SMITH and Charliot WHITEFOORD."
P3703,Morton SMITH,1749,1749,Stennes,Firth & Stennes,P1079,P2022,,"was born on 19 Oct 1749 in Stennes, Orkney, Scotland. He was christened on 19 Nov 1749 in Firth & Stennes, Orkney, Scotland. Parents: William SMITH and Charliot WHITEFOORD."
P3704,Alice SMITH,1740,1740,Stennes,Firth & Stennes,P1079,P2022,,"was born on 12 Oct 1740 in Stennes, Orkney, Scotland. She was christened on 12 Oct 1740 in Firth & Stennes, Orkney, Scotland. noted as named Allice. Parents: William SMITH and Charliot WHITEFOORD."
P3705,Caleb SMITH,1755,1755,Stennes,Firth & Stennes,P1079,P2022,,"was born on 4 May 1755 in Stennes, Orkney, Scotland. He was christened on 4 May 1755 in Firth & Stennes, Orkney, Scotland. Parents: William SMITH and Charliot WHITEFOORD."
P3706,Charles SMITH,1745,,,,P1079,P2022,,"was born about 1745. He was christened on 2 Jan 1745 in Firth & Stennes, Orkney, Scotland. Parents: William SMITH and Charliot WHITEFOORD."
P3707,Douglas SMITH,1756,1756,Stennes,Firth & Stennes,P1079,P2022,,"was born on 7 Nov 1756 in Stennes, Orkney, Scotland. He was christened on 7 Nov 1756 in Firth & Stennes, Orkney, Scotland. Parents: William SMITH and Charliot WHITEFOORD."
P3708,Amelia SMITH,1754,1754,Stennes,Firth & Stennes,P1079,P2022,,"was born on 5 Feb 1754 in Stennes, Orkney, Scotland. She was christened on 5 Feb 1754 in Firth & Stennes, Orkney, Scotland. Parents: William SMITH and Charliot WHITEFOORD."
P3709,Grisel SMITH,1761,1761,Stennes,Stennes,P1079,P2022,,"was christened on 10 Aug 1759 in Firth & Stennes, Orkney, Scotland. She was born about 1761 in Stennes, Orkney, Scotland. Dates of Birth & Christening are inconsistant - possibly two children, one dying young? Parents: William SMITH and Charliot WHITEFOORD."
P3710,John SMITH,1759,1759,Stennes,Firth & Stennes,P1079,P2022,,"was born in 1759 in Stennes, Orkney, Scotland. He was christened in 1759 in Firth & Stennes, Orkney, Scotland. Parents: William SMITH and Charliot WHITEFOORD."
P3711,Thomas HOUSTON,,,,,,,P3712,He was married to Janet SCOTT. Children were: Janet HOUSTON.
P3712,Janet SCOTT,,,,,,,P3711,She was married to Thomas HOUSTON. Children were: Janet HOUSTON.
P3713,John WHITEFORD,1709,,Mossend Farm,,P3718,P3719,P3714,"was born on 29 Nov 1709 in Mossend Farm, Kilbirnie, Ayrshire, Scotland. He was a Farmer. Parents: Malcolm WHITEFORD and Janet ORR.He was married to Margaret KERR on 3 Feb 1743 in Parish Church, Kilbirnie, Ayrshire, Scotland. Children were: Janet WHITEFORD, John WHITEFORD, James WHITEFORD, Robert WHITEFORD."
P3714,Margaret KERR,1720,,Kilbirnie,,P3939,P3940,P3713,"was born on 22 Sep 1720 in Kilbirnie, Ayrshire, Scotland. Parents: John KERR and Isobel HARVIE .She was married to John WHITEFORD on 3 Feb 1743 in Parish Church, Kilbirnie, Ayrshire, Scotland. Children were: Janet WHITEFORD, John WHITEFORD, James WHITEFORD, Robert WHITEFORD."
P3715,Janet WHITEFORD,1744,,Holmhead Farm,,P3713,P3714,P3941,"was born on 8 Jan 1744 in Holmhead Farm, Kilbirnie, Ayrshire, Scotland. Parents: John WHITEFORD and Margaret KERR.She was married to Andrew ALLAN on 11 Jun 1751 in Kilbirnie, Ayrshire, Scotland. at the Parish Church."
P3716,John WHITEFORD,1745,,Holmhead Farm,,P3713,P3714,,"was born on 22 Sep 1745 in Holmhead Farm, Kilbirnie, Ayrshire, Scotland. Parents: John WHITEFORD and Margaret KERR."
P3717,Robert WHITEFORD,1750,,Holmhead Farm,,P3713,P3714,,"was born on 22 Jan 1750 in Holmhead Farm, Kilbirnie, Ayrshire, Scotland. Parents: John WHITEFORD and Margaret KERR."
P3718,Malcolm WHITEFORD,1682,1756,Mossend Farm,Kilbirnie,,,P3719,"was born in 1682 in Mossend Farm, Kilbirnie, Ayrshire, Scotland. He died on 7 Jul 1756 in Kilbirnie, Ayrshire, Scotland.He was married to Janet ORR on 11 Feb 1703 in Glasgow, Lanarkshire, Scotland. Children were: Janet WHITEFORD, Janet WHITEFORD, John WHITEFORD, James WHITEFORD, Robert WHITEFORD."
P3720,Janet WHITEFORD,1703,1704,Mossend Farm,Mossend Farm,P3718,P3719,,"was born on 12 Dec 1703 in Mossend Farm, Kilbirnie, Ayrshire, Scotland. She died in 1704 in Mossend Farm, Kilbirnie, Ayrshire, Scotland. Parents: Malcolm WHITEFORD and Janet ORR."
P3721,Janet WHITEFORD,1706,,Mossend Farm,,P3718,P3719,P3937,"was born on 28 Jul 1706 in Mossend Farm, Kilbirnie, Ayrshire, Scotland. Parents: Malcolm WHITEFORD and Janet ORR.She was married to George ALLAN on 29 Dec 1726 in Kilbirnie, Ayrshire, Scotland. at the Parish Church. Children were: Malcolm ALLAN."
P3722,James WHITEFORD,1713,1776,Mossend Farm,Mossend Farm,P3718,P3719,P3942,"was born on 12 Apr 1713 in Mossend Farm, Kilbirnie, Ayrshire, Scotland. He died on 31 May 1776 in Mossend Farm, Kilbirnie, Ayrshire, Scotland. Parents: Malcolm WHITEFORD and Janet ORR.He was married to Isobel BARCLAY on 27 Jun 1744 in Kilbirnie, Ayrshire, Scotland. at the Parish Curuch. Children were: Janet WHITEFORD, Janet WHITEFORD, Isobel WHITEFORD, Malcolm WHITEFORD.He was married to Janet HARVEY on 31 Dec 1759 in Kilbirnie, Ayrshire, Scotland. at the Parish Church. Children were: Margaret W"
P3723,Robert WHITEFORD,1720,,Mossend Farm,,P3718,P3719,,"was born on 27 Feb 1720 in Mossend Farm, Kilbirnie, Ayrshire, Scotland. Parents: Malcolm WHITEFORD and Janet ORR."
P3724,David WHITEFORD,1781,,Crookedhouse,,P1792,P1785,P3726,"was born on 20 Jul 1781 in Crookedhouse, Kilbirnie, Ayrshire, Scotland. Parents: James WHITEFORD and Janet HOUSTON.He was married to Janet ORR on 12 Nov 1801 in Parish Church, Kilbirnie, Ayrshire, Scotland."
P3725,Hugh WHITEFORD,1783,1783,Crookedhouse,Cochrane St,P1792,P1785,P3764,"died on 24 Aug in Cochrane St, Kilbirnie, Ayrshire, Scotland. He was born on 24 Jun 1783 in Crookedhouse, Kilbirnie, Ayrshire, Scotland. Parents: James WHITEFORD and Janet HOUSTON.He was married to Jean MACKIE on 12 Jun 1808 in Parish Church, Kilbirnie, Ayrshire, Scotland. Children were: James WHITEFORD, Matthew WHITEFORD, Hugh WHITEFORD, Esther WHITEFORD, Janet WHITEFORD, John WHITEFORD, James WHITEFORD."
P3730,James WHITEFORD,1798,,Schoolwynd,,P1791,P3739,,"was born on 4 Aug 1798 in Schoolwynd, Kilbirnie, Ayr, Scotland. Parents: John WHITEFORD and Margaret GREIG."
P3733,Janet WHITEFORD,1803,,Schoolwynd,,P1791,P3739,P3775,"was born on 12 Jun 1803 in Schoolwynd, Kilbirnie, Ayr, Scotland. Parents: John WHITEFORD and Margaret GREIG.She was married to William WALKER on 14 Feb 1829 in Parish Church, Kilbirnie, Ayrshire, Scotland. Children were: Robert WALKER, Mary WALKER ."
P3735,Andrew WHITEFORD,1808,,Schoolwynd,,P1791,P3739,,"was born in 1808. He was born on 11 Mar 1808 in Schoolwynd, Kilbirnie, Ayr, Scotland. Parents: John WHITEFORD and Margaret GREIG."
P3736,John Grieg WHITEFORD,1810,1843,Schoolwynd,,P1791,P3739,,"was born on 13 Jul 1810 in Schoolwynd, Kilbirnie, Ayr, Scotland. He died in 1843 in St. Thomas, West Indies. Parents: John WHITEFORD and Margaret GREIG.Children were: Margaret VON BRETTON, James Andrew VON BRETTON."
P3737,Malcolm WHITEFORD,1813,,Schoolwynd,,P1791,P3739,P1768,"was born on 3 May 1813 in Schoolwynd, Kilbirnie, Ayr, Scotland. Parents: John WHITEFORD and Margaret GREIG.He was married to UNKNOWN. Children were: Margaret WHITEFORD, Agnes WHITEFORD."
P3738,Margaret WHITEFORD,1820,,Schoolwynd,,P1791,P3739,P3778,"was born in 1820 in Schoolwynd, Kilbirnie, Ayr, Scotland. Parents: John WHITEFORD and Margaret GREIG.She was married to John HAMILTON on 17 May 1839 in Beith, Ayrshire, Scotland. Children were: John HAMILTON, Ellen HAMILTON, Elizabeth HAMILTON."
P3739,Margaret GREIG,,,,,P3740,P3741,P1791,"Parents: Thomas GREIG and Helen MONTGOMERIE.She was married to John WHITEFORD in 1798 in Beith, Ayrshire, Scotland. Children were: James WHITEFORD, Thomas WHITEFORD, Nelly WHITEFORD, Janet WHITEFORD, Thomas WHITEFORD, Andrew WHITEFORD, John Grieg WHITEFORD, Malcolm WHITEFORD, Margaret WHITEFORD."
P3740,Thomas GREIG,,,,,,,P3741,He was married to Helen MONTGOMERIE. Children were: Margaret GREIG.
P3742,James WHITEFORD,1774,,Crookedhouse,,P1792,P1785,P3743,"was born on 8 May 1774 in Crookedhouse, Kilbirnie, Ayrshire, Scotland. Parents: James WHITEFORD and Janet HOUSTON.He was married to Janet THOMPSON on 11 Jan 1794 in Dalry, Ayrshire, Scotland. Children were: James WHITEFORD, Margaret WHITEFORD, Janet WHITEFORD, Jean WHITEFORD, William WHITEFORD, Hugh WHITEFORD, Isobel WHITEFORD, Margaret WHITEFORD, Ann WHITEFORD, Elisabeth WHITEFORD, Catherine WHITEFORD, Hugh WHITEFORD, Susanna WHITEFORD."
P3743,Janet THOMPSON,,,,,,,P3742,"She was married to James WHITEFORD on 11 Jan 1794 in Dalry, Ayrshire, Scotland. Children were: James WHITEFORD, Margaret WHITEFORD, Janet WHITEFORD, Jean WHITEFORD, William WHITEFORD, Hugh WHITEFORD, Isobel WHITEFORD, Margaret WHITEFORD, Ann WHITEFORD, Elisabeth WHITEFORD, Catherine WHITEFORD, Hugh WHITEFORD, Susanna WHITEFORD."
P3744,Margaret WHITEFORD,1795,,Beith,,P3742,P3743,,"was born in 1795 in Beith, Ayrshire, Scotland. Parents: James WHITEFORD and Janet THOMPSON."
P3745,Janet WHITEFORD,1796,,Beith,,P3742,P3743,,"was born in 1796 in Beith, Ayrshire, Scotland. Parents: James WHITEFORD and Janet THOMPSON."
P3746,Jean WHITEFORD,1796,,Beith,,P3742,P3743,,"was born in 1796 in Beith, Ayrshire, Scotland. Parents: James WHITEFORD and Janet THOMPSON."
P3748,Hugh WHITEFORD,1803,1814,Beith,,P3742,P3743,,"was born on 29 Mar 1803 in Beith, Ayrshire, Scotland. He died Pre 15 Nov 1814. Parents: James WHITEFORD and Janet THOMPSON."
P3749,Isobel WHITEFORD,1805,,Beith,,P3742,P3743,,"was born on 30 Apr 1805 in Beith, Ayrshire, Scotland. Parents: James WHITEFORD and Janet THOMPSON."
P3750,Margaret WHITEFORD,1807,,Beith,,P3742,P3743,,"was born on 15 Jun 1807 in Beith, Ayrshire, Scotland. Parents: James WHITEFORD and Janet THOMPSON."
P3751,Ann WHITEFORD,1809,,Beith,,P3742,P3743,,"was born on 7 May 1809 in Beith, Ayrshire, Scotland. Parents: James WHITEFORD and Janet THOMPSON."
P3752,Elisabeth WHITEFORD,1811,,Beith,,P3742,P3743,,"was born on 26 Feb 1811 in Beith, Ayrshire, Scotland. Parents: James WHITEFORD and Janet THOMPSON."
P3753,Catherine WHITEFORD,1813,,Beith,,P3742,P3743,,"was born on 4 Jan 1813 in Beith, Ayrshire, Scotland. Parents: James WHITEFORD and Janet THOMPSON."
P3754,Hugh WHITEFORD,1814,,Beith,,P3742,P3743,,"was born on 15 Nov 1814 in Beith, Ayrshire, Scotland. Parents: James WHITEFORD and Janet THOMPSON."
P3756,James WHITEFORD,1800,,Newton St,,P1789,P1831,,"was born on 8 May 1800 in Newton St, Kilbirnie, Ayr, Scotland. Parents: Robert WHITEFORD and Agnes BARCLAY."
P3757,Janet WHITEFORD,1801,,Newton St,,P1789,P1831,,"was born on 3 Dec 1801 in Newton St, Kilbirnie, Ayr, Scotland. Parents: Robert WHITEFORD and Agnes BARCLAY."
P3758,Agnes WHITEFORD,1804,,Newton St,,P1789,P1831,,"was born on 12 Oct 1804 in Newton St, Kilbirnie, Ayr, Scotland. Parents: Robert WHITEFORD and Agnes BARCLAY."
P3759,Jean WHITEFORD,1810,,Newton St,,P1789,P1831,,"was born in 1810 in Newton St, Kilbirnie, Ayr, Scotland. Parents: Robert WHITEFORD and Agnes BARCLAY."
P3762,David HOUSTON,,,,,,,P984,"He was married to Janet WHITEFORD in 1825 in Kilbirnie, Ayrshire, Scotland."
P3763,John WHITEFORD,1823,,Schoolwynd,,P1786,P6207,,"was born on 11 Nov 1823 in Schoolwynd, Kilbirnie, Ayr, Scotland. Noted as John Whitford. Parents: Malcolm WHITEFORD and Ann ANDERSON."
P3764,Jean MACKIE,,,,,P3765,P3766,P3725,"Parents: Matthew MACKIE and Esther ARNOTT.She was married to Hugh WHITEFORD on 12 Jun 1808 in Parish Church, Kilbirnie, Ayrshire, Scotland. Children were: James WHITEFORD, Matthew WHITEFORD, Hugh WHITEFORD, Esther WHITEFORD, Janet WHITEFORD, John WHITEFORD, James WHITEFORD."
P3765,Matthew MACKIE,,,,,,,P3766,"He was married to Esther ARNOTT. Children were: Jean MACKIE, Esther MACKIE."
P3766,Esther ARNOTT,,,,,,,P3765,"She was married to Matthew MACKIE. Children were: Jean MACKIE, Esther MACKIE."
P3767,James WHITEFORD,1809,1837,Cochrane St,Cochrane St,P3725,P3764,,"was born on 1 Feb 1809 in Cochrane St, Kilbirnie, Ayrshire, Scotland. He died on 30 Jul 1837 in Cochrane St, Kilbirnie, Ayrshire, Scotland. Parents: Hugh WHITEFORD and Jean MACKIE ."
P3768,Matthew WHITEFORD,1811,1819,Cochrane St,Cochrane St,P3725,P3764,,"was born on 14 Dec 1811 in Cochrane St, Kilbirnie, Ayrshire, Scotland. He died on 29 May 1819 in Cochrane St, Kilbirnie, Ayrshire, Scotland. Parents: Hugh WHITEFORD and Jean MACKIE ."
P3769,Hugh WHITEFORD,1814,1819,Cochrane St,Cochrane St,P3725,P3764,,"was born on 14 Apr 1814 in Cochrane St, Kilbirnie, Ayrshire, Scotland. He died on 29 May 1819 in Cochrane St, Kilbirnie, Ayrshire, Scotland. Parents: Hugh WHITEFORD and Jean MACKIE ."
P3770,Esther WHITEFORD,1815,,Cochrane St,,P3725,P3764,P3774,"was born on 9 Sep 1815 in Cochrane St, Kilbirnie, Ayrshire, Scotland. Parents: Hugh WHITEFORD and Jean MACKIE.She was married to John DUNLOP on 9 Jun 1840 in Parish Church, Kilbirnie, Ayrshire, Scotland. Children were: Jean DUNLOP, Ann DUNLOP , Margaret DUNLOP."
P3771,Janet WHITEFORD,1815,,,,P3725,P3764,,"was born on 9 Sep 1815. Parents: Hugh WHITEFORD and Jean MACKIE.She was married to James MARSHALL on 25 Nov 1836 in Dalry, Ayrshire, Scotland."
P3772,John WHITEFORD,1818,1843,Cochrane St,Cochrane St,P3725,P3764,,"was born on 3 Oct 1818 in Cochrane St, Kilbirnie, Ayrshire, Scotland. He died on 6 Jun 1843 in Cochrane St, Kilbirnie, Ayrshire, Scotland. Parents: Hugh WHITEFORD and Jean MACKIE ."
P3773,James WHITEFORD,1822,1836,Cochrane St,Cochrane St,P3725,P3764,,"was born on 14 Oct 1822 in Cochrane St, Kilbirnie, Ayrshire, Scotland. He died on 18 Jul 1836 in Cochrane St, Kilbirnie, Ayrshire, Scotland. Parents: Hugh WHITEFORD and Jean MACKIE ."
P3775,William WALKER,,,,,,,P3733,"He was married to Janet WHITEFORD on 14 Feb 1829 in Parish Church, Kilbirnie, Ayrshire, Scotland. Children were: Robert WALKER, Mary WALKER ."
P3776,Robert WALKER,1830,,Kilbirnie,,P3775,P3733,,"was born on 20 Sep 1830 in Kilbirnie, Ayrshire, Scotland. Parents: William WALKER and Janet WHITEFORD."
P3777,Mary WALKER,1846,1869,Kilbirnie,Kilbirnie,P3775,P3733,,"was born in 1846 in Kilbirnie, Ayrshire, Scotland. She died on 4 Sep 1869 in Kilbirnie, Ayrshire, Scotland. Parents: William WALKER and Janet WHITEFORD."
P3778,John HAMILTON,,,,,P3779,P3780,P3738,"Parents: William HAMILTON and Helen MUNROE.He was married to Margaret WHITEFORD on 17 May 1839 in Beith, Ayrshire, Scotland. Children were: John HAMILTON, Ellen HAMILTON, Elizabeth HAMILTON."
P3779,William HAMILTON,,,,,,,P3780,He was married to Helen MUNROE. Children were: John HAMILTON.
P3781,John HAMILTON,1841,1890,Beith,Ayrshire,P3778,P3738,P3807,"was born in 1841 in Beith, Ayrshire, Scotland. He died on 19 Nov 1890 in Ayrshire. Parents: John HAMILTON and Margaret WHITEFORD.He was married to Isabella STEEDMAN on 9 Jun 1875 in Beith, Ayrshire, Scotland. Children were: John McFarlane HAMILTON, Margaret Whiteford HAMILTON ."
P3782,James WHITEFORD,1794,1881,Beith,Paisley Low Church,P3742,P3743,P3783,"was born on 21 Aug 1794 in Beith, Ayrshire, Scotland. He appeared on the census in 1881 in Paisley Low Church, Renfrew, Scotland. Noted as living at 8 Prussia St, aged 87, married and Head of Household and born in Kilbirnie, Ayrshire, Scotland. Described as a Machine Maker and having a lodger staying with him named Thomas Pettegrew who was unmarried, aged 24, a Dyer born in Paisley, Renfrew, Scotland. He died on 5 Sep 1883 in Paisley, Renfrewshire, Scotland. Parents: James WHITEFORD and Janet TH"
P3783,Elizabeth PATERSON,1807,1881,Inchinnan,Paisley Low Church,,,P3782,"was born in 1807 in Inchinnan, Renfrewshire, Scotland. She appeared on the census in 1881 in Paisley Low Church, Renfrew, Scotland. Noted as living at 8 Prussia St, aged 74, married to the Head of Household and born in Inchinnan, Renfrew, Scotland.She was married to James WHITEFORD on 6 Nov 1852 in Paisley High Church, Renfrew, Scotland."
P3784,Mary WHITEFORD,1845,,Old Kilpatrick,,P2696,P1942,,"was born in 1845 in Old Kilpatrick, Dumbartonshire, Scotland. Parents: William WHITEFORD and Ann PARKER."
P3785,James WALKER,,,,,,,P983,"He was married to Agnes WHITEFORD on 29 Nov 1822 in Kilbirnie, Ayrshire, Scotland. Children were: Andrew WALKER, Malcolm WALKER, Ann WALKER, Agnes Jamieson WALKER."
P3786,Andrew WALKER,1823,,Kilbirnie,,P3785,P983,,"was born in 1823 in Kilbirnie, Ayrshire, Scotland. Parents: James WALKER and Agnes WHITEFORD."
P3787,Malcolm WALKER,1825,,Kilbirnie,,P3785,P983,,"was born in 1825 in Kilbirnie, Ayrshire, Scotland. Parents: James WALKER and Agnes WHITEFORD."
P3788,Ann WALKER,1826,,Kilbirnie,,P3785,P983,,"was born in 1826 in Kilbirnie, Ayrshire, Scotland. Parents: James WALKER and Agnes WHITEFORD."
P3789,Agnes Jamieson WALKER,1828,,Kilbirnie,,P3785,P983,,"was born in 1828 in Kilbirnie, Ayrshire, Scotland. Parents: James WALKER and Agnes WHITEFORD ."
P3790,William MACKIE,,,,,P3791,P3792,P988,"Parents: Matthew MACKIE and Jean ANDERSON.He was married to Barbara WHITEFORD on 13 Mar 1834 in Parish Church, Kilbirnie, Ayrshire, Scotland. Children were: Ann MACKIE, Matthew MACKIE , Malcolm MACKIE, Jean MACKIE , William MACKIE."
P3791,Matthew MACKIE,,,,,,,P3792,"He was married to Jean ANDERSON. Children were: William MACKIE, Jane MACKIE."
P3792,Jean ANDERSON,,,,,,,P3791,"She was married to Matthew MACKIE . Children were: William MACKIE, Jane MACKIE."
P3793,Ann MACKIE,1837,,Bridge St,,P3790,P988,,"was born in 1837 in Bridge St, Kilbirnie, Ayr, Scotland. Parents: William MACKIE and Barbara WHITEFORD."
P3794,Matthew MACKIE,1939,,Bridge St,,P3790,P988,,"was born in 1939 in Bridge St, Kilbirnie, Ayr, Scotland. Parents: William MACKIE and Barbara WHITEFORD."
P3795,Malcolm MACKIE,1841,,Bridge St,,P3790,P988,,"was born in 1841 in Bridge St, Kilbirnie, Ayr, Scotland. Parents: William MACKIE and Barbara WHITEFORD."
P3796,Jean MACKIE,1843,,Bridge St,,P3790,P988,,"was born in 1843 in Bridge St, Kilbirnie, Ayr, Scotland. Parents: William MACKIE and Barbara WHITEFORD."
P3797,William MACKIE,1846,,Bridge St,,P3790,P988,,"was born in 1846 in Bridge St, Kilbirnie, Ayr, Scotland. Parents: William MACKIE and Barbara WHITEFORD."
P3798,James BARCLAY,,,,,,,P989,"He was married to Ann WHITEFORD on 29 Jul 1836 in Parish Church, Kilbirnie, Ayrshire, Scotland. Children were: Peter BARCLAY, Ann BARCLAY, Malcolm BARCLAY."
P3799,Peter BARCLAY,1839,,Cochrane St,,P3798,P989,,"was born in 1839 in Cochrane St, Kilbirnie, Ayrshire, Scotland. Parents: James BARCLAY and Ann WHITEFORD."
P3800,Ann BARCLAY,1842,,Cochrane St,,P3798,P989,,"was born in 1842 in Cochrane St, Kilbirnie, Ayrshire, Scotland. Parents: James BARCLAY and Ann WHITEFORD."
P3801,Malcolm BARCLAY,1845,,Cochrane St,,P3798,P989,,"was born in 1845 in Cochrane St, Kilbirnie, Ayrshire, Scotland. Parents: James BARCLAY and Ann WHITEFORD."
P3803,James MARSHALL,,,,,,,P3771,"He was married to Janet WHITEFORD on 25 Nov 1836 in Dalry, Ayrshire, Scotland."
P3807,Isabella STEEDMAN,,,,,,,P3781,"She was married to John HAMILTON on 9 Jun 1875 in Beith, Ayrshire, Scotland. Children were: John McFarlane HAMILTON, Margaret Whiteford HAMILTON ."
P3808,John McFarlane HAMILTON,1879,1969,Beith,Easton Wells,P3781,P3807,P3810,"was born in 1879 in Beith, Ayrshire, Scotland. He died on 8 Feb 1969 in Easton Wells, Somerset, England. Parents: John HAMILTON and Isabella STEEDMAN.He was married to Mary Hamilton CRAWFORD on 21 Apr 1925 in Colyton Parish Church, Ayrshire, Scotland."
P3809,Margaret Whiteford HAMILTON,1882,1951,Beith,Edinburgh,P3781,P3807,P3811,"was born in 1882 in Beith, Ayrshire, Scotland. She died in 1951 in Edinburgh, Mid Lothian, Scotland. at 8 Cameron Park, Dalkeith Rd. Parents: John HAMILTON and Isabella STEEDMAN.She was married to James Peter WILSON on 23 Apr 1925 in Glasgow Cathederal, Glasgow."
P3812,James WHITEFORD,1864,,Neilston,,P1259,P1260,,"was born on 22 Jul 1864 in Neilston, Renfrewshire, Scotland. Parents: James WHITEFORD and Martha HART."
P3813,James WHITEFORD,1855,,Paisley Abbey,,P1222,P1272,,"was born on 23 Apr 1855 in Paisley Abbey, Renfreshire, Scotland. Parents: Thomas WHITEFORD and Margaret SMITH."
P3814,Mary Jane TAYLOR,,,,,,,P1244,She was married to James WHITEFORD .
P3815,Lucy BOTTOMS,,,,,,,P1245,She was married to William Burnside WHITEFORD .
P3817,Isabella BULLOCK,,,,,,,P1247,She was married to John WHITEFORD.
P3829,William ALLEN,,,,,,,P3830,He was married to Janet HENDERSON. Children were: Hannah ALLEN.
P3830,Janet HENDERSON,,,,,,,P3829,She was married to William ALLEN. Children were: Hannah ALLEN.
P3832,James KENNEDY,1876,,Calton,Comrie,P3950,P3951,P962,"was born on 29 Dec 1876 in Calton, Glasgow, Lanarkshire, Scotland. at 56 Marlborough St. He appeared on the census in 1881 in Barony, Glasgow, Lanarkshire, Scotland. Described as Head of Household, married, aged 32 years and born in Comrie, Perth, Scotland, an unemployed baker and living at 21 Fielden Street. Parents: Duncan KENNEDY and Elizabeth CLARK.He was married to Ann WHITEFORD on 29 Dec 1876 in Calton, Glasgow, Lanarkshire, Scotland. at 56 Marlborough St. Children were: Jean KENNEDY, Eliz"
P3833,Jean KENNEDY,1877,1881,Calton,Barony,P3832,P962,,"was born in 1877 in Calton, Glasgow, Lanarkshire, Scotland. She appeared on the census in 1881 in Barony, Glasgow, Lanarkshire, Scotland. Described as daughter of the Head of household, aged 4 years and born in Glasgow, Lanarkshire, Scotland. Parents: James KENNEDY and Ann WHITEFORD."
P3834,Elizabeth KENNEDY,1879,1881,Calton,Barony,P3832,P962,,"was born in 1879 in Calton, Glasgow, Lanarkshire, Scotland. She appeared on the census in 1881 in Barony, Glasgow, Lanarkshire, Scotland. Described as daughter of the Head of household, aged 2 years and born in Glasgow, Lanarkshire, Scotland. Parents: James KENNEDY and Ann WHITEFORD."
P3835,Agnes KENNEDY,1883,,Calton,,P3832,P962,,"was born in 1883 in Calton, Glasgow, Lanarkshire, Scotland. Parents: James KENNEDY and Ann WHITEFORD ."
P3836,Annie KENNEDY,1889,,Calton,,P3832,P962,,"was born in 1889 in Calton, Glasgow, Lanarkshire, Scotland. Parents: James KENNEDY and Ann WHITEFORD ."
P3837,John STEVEN,,,,,P3838,P3839,P963,"Parents: James STEVEN and Jessie ALEXANDER.He was married to Margaret WHITEFORD on 14 Jul 1874 in Calton, Glasgow, Lanarkshire, Scotland. at 56 Marlborough St. Children were: Jeannie MacKay STEVEN, Jessie Alexander STEVEN."
P3838,James STEVEN,,,,,,,P3839,He was married to Jessie ALEXANDER. Children were: John STEVEN.
P3839,Jessie ALEXANDER,,,,,,,P3838,She was married to James STEVEN. Children were: John STEVEN.
P3840,Jeannie MacKay STEVEN,1871,,Tradeston,,P3837,P963,,"was born on 28 Nov 1871 in Tradeston, Glasgow, Lanarkshire, Scotland. Parents: John STEVEN and Margaret WHITEFORD."
P3841,Jessie Alexander STEVEN,1874,,Govan,,P3837,P963,,"was born on 26 Jan 1874 in Govan, Lanarkshire, Scotland. Parents: John STEVEN and Margaret WHITEFORD."
P3842,Mary MCMILLAN,,,,,,,P939,She was married to Matthew WHITEFORD before 1873.
P3843,Annie ROY,,,,,,,P973,"She was married to Alexander WHITEFORD on 29 Oct 1910 in 17 Newhall Terrace, Calton, Glasgow, Lanarkshire, Scotland."
P3844,William RAIN,,,,,,,P3845,He was married to Isabella MARTIN. Children were: Jane RAIN.
P3845,Isabella MARTIN,,,,,,,P3844,She was married to William RAIN. Children were: Jane RAIN. Back Next
P3846,Isabella WHITEFORD,1883,,Camlachie,,P941,P965,,"was born in 1883 in Camlachie, Glasgow, Scotland. Noted as born at 15 Fielden St. Parents: James WHITEFORD and Jane RAIN."
P3847,Jane WHITEFORD,1884,,Camlachie,,P941,P965,,"was born in 1884 in Camlachie, Glasgow, Scotland. Noted as born at 15 Fielden St. Parents: James WHITEFORD and Jane RAIN."
P3848,Malcolm WHITEFORD,1885,,Camlachie,,P941,P965,,"was born in 1885 in Camlachie, Glasgow, Scotland. Noted as born at 15 Fielden St. Parents: James WHITEFORD and Jane RAIN."
P3849,Mary WHITEFORD,1886,,Camlachie,,P941,P965,,"was born in 1886 in Camlachie, Glasgow, Scotland. Noted as born at 15 Fielden St. Parents: James WHITEFORD and Jane RAIN."
P3851,Robert WARNOCK,,,,,,,P943,"He was married to Janet WHITEFORD on 18 Jul 1884 in Calton, Glasgow, Lanarkshire, Scotland. at 56 Marlborough St. Children were: Jeanie WARNOCK."
P3852,Jeanie WARNOCK,1885,1931,Calton,Barony,P3851,P943,P3881,"was born in 1885 in Calton, Glasgow, Lanarkshire, Scotland. She died in 1931 in Barony, Lanarkshire, Glasgow. Parents: Robert WARNOCK and Janet WHITEFORD.She was married to Robert Wright SMITH. Children were: Robert Warnock SMITH."
P3853,John MARSHALL,,,,,,,P1230,"He was married to Elizabeth WHITEFORD on 21 Jun 1916 in Rosemount Primative Methodist Church, Hyde, Cheshire, England."
P3854,Allan KNOWLES,,,,,,,P1233,"He was married to Margaret WHITEFORD on 11 Jun 1921 in Rosemount Primative Methodist Church, Hyde, Cheshire, England."
P3857,Sarah BENNETT,,,,,,,P3856,She was married to James NORMAN.
P3865,James REILLY,,,,,,,P3866,He was married to Sarah MCCARRON. Children were: Jane REILLY.
P3866,Sarah MCCARRON,,,,,,,P3865,She was married to James REILLY. Children were: Jane REILLY.
P3867,Matthew WHITEFORD,1898,1898,Calton,Calton,P955,P972,,"was born on 12 Jul 1898 in Calton, Glasgow, Lanarkshire, Scotland. at 54 Campbelfield St. He died on 26 Nov 1898 in Calton, Glasgow, Lanarkshire, Scotland. at 54 Campbelfield St. Parents: Malcolm WHITEFORD and Jane REILLY."
P3868,Margaret Hamilton WHITEFORD,1901,1908,Calton,Garngad,P955,P972,,"was born on 12 Dec 1901 in Calton, Glasgow, Lanarkshire, Scotland. at 54 Campbelfield St. She died on 20 Jun 1908 in Garngad, Glasgow, Lanarkshire, Scotland. in Garngad Rd. Parents: Malcolm WHITEFORD and Jane REILLY."
P3869,Annie McLaughlin WHITEFORD,1903,1904,Sep 1903 in Garngad,Garngad,P955,P972,,"was born in Sep 1903 in Garngad, Glasgow, Lanarkshire, Scotland. at Garngad Rd. She died on 4 Jan 1904 in Garngad, Glasgow, Lanarkshire, Scotland. at Garngad Rd. Parents: Malcolm WHITEFORD and Jane REILLY."
P3870,Malcolm WHITEFORD,1905,1905,Garngad,Garngad,P955,P972,,"was born on 13 Jul 1905 in Garngad, Glasgow, Lanarkshire, Scotland. at Garngad Rd. He died on 13 Jul 1905 in Garngad, Glasgow, Lanarkshire, Scotland. at 108 Garngad Rd. Parents: Malcolm WHITEFORD and Jane REILLY."
P3871,Agnes WHITEFORD,1906,1907,Dec 1906 in Garngad,Garngad,P955,P972,,"was born in Dec 1906 in Garngad, Glasgow, Lanarkshire, Scotland. at Garngad Rd. She died on 12 Jan 1907 in Garngad, Glasgow, Lanarkshire, Scotland. at Garngad Rd. Parents: Malcolm WHITEFORD and Jane REILLY."
P3872,Jane WHITEFORD,1910,1916,Garngad,Garngad,P955,P972,,"was born on 22 Apr 1910 in Garngad, Glasgow, Lanarkshire, Scotland. at 33 Provenhall St. She died on 28 Mar 1916 in Garngad, Glasgow, Lanarkshire, Scotland. at 33 Provenhall St. Parents: Malcolm WHITEFORD and Jane REILLY."
P3874,Robina WHITEFORD,1912,1916,Garngad,Garngad,P955,P972,,"was born on 5 Jul 1912 in Garngad, Glasgow, Lanarkshire, Scotland. at 33 Provenhill St. She died on 13 Apr 1916 in Garngad, Glasgow, Lanarkshire, Scotland. at Garngad Rd. Parents: Malcolm WHITEFORD and Jane REILLY."
P3875,William FRAME,,,,,,,P3876,"He was married to Margaret LINDSAY. Children were: Margaret FRAME, Isobella FRAME."
P3876,Margaret LINDSAY,,,,,,,P3875,"She was married to William FRAME. Children were: Margaret FRAME, Isobella FRAME."
P3877,Isaac ROY,,,,,,,P3878,He was married to Janet DALZIEL. Children were: Jeannie ROY.
P3881,Robert Wright SMITH,,,,,,,P3852,He was married to Jeanie WARNOCK . Children were: Robert Warnock SMITH.
P3882,Robert Warnock SMITH,1905,1980,Anderston,Penrith,P3881,P3852,P3895,"was born on 18 Jun 1905 in Anderston, Glasgow, Lanarkshire, Scotland. He died on 18 Apr 1980 in Penrith, New South Wales, Australia. Parents: Robert Wright SMITH and Jeanie WARNOCK.He was married to Mary Millington WARNOCK. Children were: Alexander Lindsay Warnock SMITH, Jeanie Warnock SMITH, Isabella Maitland Warnock SMITH, Margaret Warnock SMITH."
P3884,Helen RAE,,,,,,,P3883,She was married to James DARROCH. Children were: Catherine Smith DARROCH.
P3885,Arthur HADDOCK,,,,,,,P975,"He was married to Mary Jamieson WHITEFORD on 28 Oct 1932 in Garngad, Glasgow, Lanarkshire, Scotland. at St Roch's Roman Catholic Church. Children were: Malcolm HADDOCK , James HADDOCK, Jean Reilly HADDOCK, Mary HADDOCK, Catherine HADDOCK."
P3886,Malcolm HADDOCK,,,,,P3885,P975,,Parents: Arthur HADDOCK and Mary Jamieson WHITEFORD.
P3887,James HADDOCK,,,,,P3885,P975,,Parents: Arthur HADDOCK and Mary Jamieson WHITEFORD.
P3888,Jean Reilly HADDOCK,,,,,P3885,P975,,Parents: Arthur HADDOCK and Mary Jamieson WHITEFORD.
P3889,Mary HADDOCK,,,,,P3885,P975,P3917,Parents: Arthur HADDOCK and Mary Jamieson WHITEFORD.She was married to James MCFARLANE. Children were: James MCFARLANE.
P3890,Catherine HADDOCK,,,,,P3885,P975,,Parents: Arthur HADDOCK and Mary Jamieson WHITEFORD.
P3891,Henry HART,,,,,,,P3892,He was married to Margaret KEARNEY. Children were: John HART.
P3892,Margaret KEARNEY,,,,,,,P3891,She was married to Henry HART. Children were: John HART.
P3893,Jean HART,1944,,Garngad,,P978,P976,,"was born on 29 Jan 1944 in Garngad, Glasgow, Lanarkshire, Scotland. at 23 Tharsis St. Parents: John HART and Ellen Reilly WHITEFORD.Back Next"
P3894,Anne Marie HART,1953,,Springburn,,P978,P976,,"was born on 4 Nov 1953 in Springburn, Glasgow, Lanackshire, Scotland. at Balornock Rd. Parents: John HART and Ellen Reilly WHITEFORD."
P3895,Mary Millington WARNOCK,,,,,P3896,P3897,P3882,"Parents: Alexander WARNOCK and Isabella MAITLAND.She was married to Robert Warnock SMITH. Children were: Alexander Lindsay Warnock SMITH, Jeanie Warnock SMITH, Isabella Maitland Warnock SMITH, Margaret Warnock SMITH."
P3896,Alexander WARNOCK,,,,,,,P3897,He was married to Isabella MAITLAND . Children were: Mary Millington WARNOCK.
P3897,Isabella MAITLAND,,,,,,,P3896,She was married to Alexander WARNOCK . Children were: Mary Millington WARNOCK.
P3898,Alexander Lindsay Warnock SMITH,1937,,Calton,,P3882,P3895,,"was born on 26 May 1937 in Calton, Glasgow, Lanarkshire, Scotland. Parents: Robert Warnock SMITH and Mary Millington WARNOCK."
P3899,Jeanie Warnock SMITH,1940,,Fort George,,P3882,P3895,P3900,"was born on 6 Jul 1940 in Fort George, Ardesier, Inverness-shire, Scotland. Parents: Robert Warnock SMITH and Mary Millington WARNOCK.She was married to Carl CALLAGHAN.She was married to Reginald KING in 1963 in London, Middlesex, England."
P3901,Reginald KING,,,,,,,P3899,"He was married to Jeanie Warnock SMITH in 1963 in London, Middlesex, England."
P3902,Isabella Maitland Warnock SMITH,1943,,Kelvinbridge,,P3882,P3895,P3919,"was born on 6 Mar 1943 in Kelvinbridge, Glasgow, Lanarkshire, Scotland. at 36 Great Western Rd. Parents: Robert Warnock SMITH and Mary Millington WARNOCK.She was married to William SWEENY on 28 Sep 1963 in Garthamlock, Glasgow, Lanarkshire, Scotland. Children were: Liam SWEENY, Mary Anne SWEENY."
P3903,Margaret Warnock SMITH,1948,,Glasgow,,P3882,P3895,,"was born on 6 Dec 1948 in Glasgow, Lanarkshire, Scotland. Parents: Robert Warnock SMITH and Mary Millington WARNOCK."
P3904,Eileen BAXTER,,,,,,,P3620,"She was married to Malcolm WHITEFORD on 17 Apr 1998 in Cowcaddens, Glasgow, Lanarkshire, Scotland. at St Aloys\sius Roman Catholic Church."
P3905,James SHARP,,,,,,,P3906,He was married to Mary GILL. Children were: Mary Casey SHARP. Back Next
P3906,Mary GILL,,,,,,,P3905,She was married to James SHARP. Children were: Mary Casey SHARP.
P3907,Thomas MCKENNA,,,,,P3908,P3909,P3629,Parents: Francis MCKENNA and Bridget KEENAN.He was married to Catherine Darroch WHITEFORD. Children were: Thomas MCKENNA.
P3908,Francis MCKENNA,,,,,,,P3909,He was married to Bridget KEENAN. Children were: Thomas MCKENNA.
P3909,Bridget KEENAN,,,,,,,P3908,She was married to Francis MCKENNA. Children were: Thomas MCKENNA.
P3910,Thomas MCKENNA,,,,,P3907,P3629,,Parents: Thomas MCKENNA and Catherine Darroch WHITEFORD.
P3912,Susan SHARP,,,,,,,P3911,She was married to Thomas WOOLEY. Children were: Mary Casey WOOLEY.
P3913,Caroline WHITEFORD,1961,,Townhead,,P979,P980,,"was born on 22 Apr 1961 in Townhead, Glasgow, Lanarkshire, Scotland. at Rottenrow Maternity Hospital. Parents: William Rielly WHITEFORD and Mary Casey WOOLEY.She was married to William Gordon MACPHERSON in Jan 1981 in Townhead, Glasgow, Lanarkshire, Scotland. at St. Mungo's Roman Catholic Church. Children were: William David MACPHERSON, Colin James MacPherson MACPHERSON."
P3914,Jacqueline WHITEFORD,1963,,Townhead,,P979,P980,,"was born on 6 Nov 1963 in Townhead, Glasgow, Lanarkshire, Scotland. at Rottenrow Maternity Hospital. Parents: William Rielly WHITEFORD and Mary Casey WOOLEY.She was married to Glenn SPIERS in 1983 in Rothesay, Isle of Bute, Scotland. at St. Andrew's Roman Catholic Church. Children were: Michelle SPIERS, Graeme SPIERS.Children were: Natassja DAVIES."
P3915,James WHITEFORD,1966,1977,Townhead,Rothsay,P979,P980,,"was born on 24 Oct 1966 in Townhead, Glasgow, Lanarkshire, Scotland. at Rottenrow Maternity Hospital. He Lived at 2b Glebe terrace in 1971 in Rothsay, Isle of Bute, Scotland. He was educated St. Andrew's Roman Catholic Primary School between 1971 and 1977 in Rothsay, Isle of Bute, Scotland. He was educated Rothsay Academy between 1977 and 1983 in Rothsay, Isle of Bute, Scotland. He Lived at 6a Watergate in 1981 in Rothsay, Isle of Bute, Scotland. He Lived at 52 Fergus Drive in 1991 in North Kelv"
P3917,James MCFARLANE,,,,,,,P3889,He was married to Mary HADDOCK . Children were: James MCFARLANE.
P3918,James MCFARLANE,,,,,P3917,P3889,,Parents: James MCFARLANE and Mary HADDOCK.
P3919,William SWEENY,,,,,,,P3902,"He was married to Isabella Maitland Warnock SMITH on 28 Sep 1963 in Garthamlock, Glasgow, Lanarkshire, Scotland. Children were: Liam SWEENY, Mary Anne SWEENY."
P3920,Liam SWEENY,1964,,Parkhead,,P3919,P3902,,"was born on 23 Mar 1964 in Parkhead, Glasgow, Lanarkshire, Scotland. at Belvidere Hospital Parents: William SWEENY and Isabella Maitland Warnock SMITH.He was married to Michelle Marie GORMAN on 21 May 1988 in Paramatta, New South Wales, Australia. at St. Patrick's Roman Catholic Church. Children were: Lisa Marie SWEENY, Rebecca Anne SWEENY."
P3921,Mary Anne SWEENY,1965,,Dalmarnock,,P3919,P3902,,"was born on 26 Apr 1965 in Dalmarnock, Glasgow, Lanarckshire, Scotland. at 19 Playfair St. Parents: William SWEENY and Isabella Maitland Warnock SMITH.She was married to Ashley Peter DAWSON on 17 Oct 1987 in Kingswood, New South Wales, Australia. at St. Joseph's Roman Catholic Church. Children were: Ashley Robert DAWSON, Kristie Anne DAWSON, Lachlan William DAWSON."
P3922,William Gordon MACPHERSON,,,,,,,P3913,"He was married to Caroline WHITEFORD in Jan 1981 in Townhead, Glasgow, Lanarkshire, Scotland. at St. Mungo's Roman Catholic Church. Children were: William David MACPHERSON , Colin James MacPherson MACPHERSON."
P3923,William David MACPHERSON,1981,,Bathgate,,P3922,P3913,,"was born on 28 Feb 1981 in Bathgate, West Lothian, Scotland. at Bangour Maternity Hospital. Parents: William Gordon MACPHERSON and Caroline WHITEFORD."
P3924,Colin James MacPherson MACPHERSON,1985,,Bathgate,,P3922,P3913,,"was born on 23 Sep 1985 in Bathgate, West Lothian, Scotland. at Bangour Maternity Hospital. Parents: William Gordon MACPHERSON and Caroline WHITEFORD ."
P3925,Glenn SPIERS,,,,,,,P3914,"He was married to Jacqueline WHITEFORD in 1983 in Rothesay, Isle of Bute, Scotland. at St. Andrew's Roman Catholic Church. Children were: Michelle SPIERS, Graeme SPIERS."
P3926,Michelle SPIERS,1983,,Kirkcaldy,,P3925,P3914,,"was born on 23 Nov 1983 in Kirkcaldy, Fife, Scotland. at Forth Park Maternity Hospital. Parents: Glenn SPIERS and Jacqueline WHITEFORD."
P3927,Graeme SPIERS,1988,,Kirkcaldy,,P3925,P3914,,"was born on 19 Sep 1988 in Kirkcaldy, Fife, Scotland. at Forth Park Maternity Hospital. Parents: Glenn SPIERS and Jacqueline WHITEFORD."
P3930,Michelle Marie GORMAN,,,,,,,P3920,"She was married to Liam SWEENY on 21 May 1988 in Paramatta, New South Wales, Australia. at St. Patrick's Roman Catholic Church. Children were: Lisa Marie SWEENY , Rebecca Anne SWEENY."
P3931,Lisa Marie SWEENY,1990,,Westmead,,P3920,P3930,,"was born on 2 Aug 1990 in Westmead, New South Wales, Australia. Parents: Liam SWEENY and Michelle Marie GORMAN."
P3932,Rebecca Anne SWEENY,1991,,Westmead,,P3920,P3930,,"was born on 29 Sep 1991 in Westmead, New South Wales, Australia. Parents: Liam SWEENY and Michelle Marie GORMAN."
P3937,George ALLAN,,,,,,,P3721,"He was married to Janet WHITEFORD on 29 Dec 1726 in Kilbirnie, Ayrshire, Scotland. at the Parish Church. Children were: Malcolm ALLAN."
P3938,Malcolm ALLAN,1733,,,,P3937,P3721,,was born on 3 Feb 1733. Parents: George ALLAN and Janet WHITEFORD.
P3939,John KERR,,,,,,,P3940,He was married to Isobel HARVIE. Children were: Margaret KERR.
P3940,Isobel HARVIE,,,,,,,P3939,She was married to John KERR. Children were: Margaret KERR.
P3941,Andrew ALLAN,,,,,,,P3715,"He was married to Janet WHITEFORD on 11 Jun 1751 in Kilbirnie, Ayrshire, Scotland. at the Parish Church."
P3942,Isobel BARCLAY,1715,1744,Kilbirnie,Kilbirnie,,,P3722,"was born on 20 Nov 1715 in Kilbirnie, Ayrshire, Scotland.She was married to James WHITEFORD on 27 Jun 1744 in Kilbirnie, Ayrshire, Scotland. at the Parish Curuch. Children were: Janet WHITEFORD, Janet WHITEFORD, Isobel WHITEFORD, Malcolm WHITEFORD."
P3943,Janet HARVEY,,,,,,,P3722,"She was married to James WHITEFORD on 31 Dec 1759 in Kilbirnie, Ayrshire, Scotland. at the Parish Church. Children were: Margaret WHITEFORD, James WHITEFORD."
P3944,Janet WHITEFORD,1746,1747,Kilbirnie,,P3722,P3942,,"was born on 12 Jan 1746 in Kilbirnie, Ayrshire, Scotland. She died before 1747. Parents: James WHITEFORD and Isobel BARCLAY."
P3945,Janet WHITEFORD,1747,,Kilbirnie,,P3722,P3942,,"was born on 1 Nov 1747 in Kilbirnie, Ayrshire, Scotland. Parents: James WHITEFORD and Isobel BARCLAY."
P3946,Isobel WHITEFORD,1750,1750,Kilbirnie,Kilbirnie,P3722,P3942,P6226,"was born on 15 Jul 1750 in Kilbirnie, Ayrshire, Scotland. She was christened on 15 Jul 1750 in Kilbirnie, Ayrshire, Scotland. Parents: James WHITEFORD and Isobel BARCLAY.She was married to David LOGAN on 25 Dec 1777 in Kilbirnie, Ayrshire, Scotland. Children were: James LOGAN ."
P3947,Malcolm WHITEFORD,1753,,Kilbirnie,,P3722,P3942,,"was born on 28 Jan 1753 in Kilbirnie, Ayrshire, Scotland. Parents: James WHITEFORD and Isobel BARCLAY."
P3948,Margaret WHITEFORD,1761,,Kilbirnie,,P3722,P3943,,"was born on 29 Nov 1761 in Kilbirnie, Ayrshire, Scotland. Parents: James WHITEFORD and Janet HARVEY."
P3949,James WHITEFORD,1763,,Kilbirnie,,P3722,P3943,,"was born on 27 Nov 1763 in Kilbirnie, Ayrshire, Scotland. Parents: James WHITEFORD and Janet HARVEY.Back Next"
P3950,Duncan KENNEDY,,,,,,,P3951,He was married to Elizabeth CLARK. Children were: James KENNEDY.
P3952,George Robert Alfred BROWN,,,,,,,P1231,"He was married to Martha Ellen WHITEFORD on 21 Mar 1909 in Rosemount Primative Methodist Church, Hyde, Cheshire, England."
P3953,Janet STEVENSON,,,,,,,P3954,"She was married to Robert WHITEFORD . Children were: Elizabeth WHITEFORD, Jean WHITEFORD."
P3954,Robert WHITEFORD,,,,,,,P3953,"He was married to Janet STEVENSON . Children were: Elizabeth WHITEFORD, Jean WHITEFORD."
P3955,Jean WHITEFORD,1808,,Dunlop,,P3954,P3953,,"was born on 21 Aug 1808 in Dunlop, Ayrshire, Scotland. Parents: Robert WHITEFORD and Janet STEVENSON."
P3956,Elizabeth WHITEFORD,1801,,Dunlop,,P3954,P3953,,"was born on 28 Jun 1801 in Dunlop, Ayrshire, Scotland. Parents: Robert WHITEFORD and Janet STEVENSON."
P3958,Robert WHITEFORD,,,,,,,P3957,"He was married to Jean CAMRON on 8 Jul 1811 in Dunlop, Ayrshire, Scotland. Children were: Jean WHITEFORD."
P3959,Jean WHITEFORD,1813,,Dunlop,,P3958,P3957,,"was born on 12 Dec 1813 in Dunlop, Ayrshire, Scotland. Parents: Robert WHITEFORD and Jean CAMRON."
P3960,John ROBERTSON,,,,,,,P3961,"He was married to Janet WHITEFOORD on 9 Aug 1787 in Dunlop, Ayrshire, Scotland."
P3961,Janet WHITEFOORD,,1787,,Dunlop,,,P3960,"She was married to John ROBERTSON on 9 Aug 1787 in Dunlop, Ayrshire, Scotland."
P3963,Janet WHITEFORD,,,,,,,P3962,"She was married to David ORR on 11 Feb 1771 in Kilmaurs, Ayrshire, Scotland."
P3965,James WHITEFORD,,,,,,,P3964,"He was married to Margaret MUIR on 1 Jun 1844 in Kilmaurs, Ayrshire, Scotland."
P3966,William RALSTON,1848,1852,Scotland,,P3576,P2263,,was born in 1848 in Scotland. He immigrated on 17 Jun 1852 to Australia. He died pre 1852. Parents: Samuel RALSTON and Margaret WHITEFORD.
P3967,William RALSTON,1852,,Scotland,,P3576,P2263,,immigrated on 17 Jun 1852 to Australia. He was born pre 1852 in Scotland. Parents: Samuel RALSTON and Margaret WHITEFORD.
P3968,Angus Chisholm Montgomery RALSTON,1852,,At Sea,,P3576,P2263,,was born about 1852 in At Sea. Parents: Samuel RALSTON and Margaret WHITEFORD.
P3969,Margaret Crawford RALSTON,,,Australia,,P3576,P2263,,was born in Australia. Parents: Samuel RALSTON and Margaret WHITEFORD.
P3970,David RALSTON,,,Australia,,P3576,P2263,,was born in Australia. Parents: Samuel RALSTON and Margaret WHITEFORD.
P3971,Agnes RALSTON,,,Australia,,P3576,P2263,,was born in Australia. Parents: Samuel RALSTON and Margaret WHITEFORD.
P3972,Janet RALSTON,,,Australia,,P3576,P2263,,was born in Australia. Parents: Samuel RALSTON and Margaret WHITEFORD.
P3973,Sarah RALSTON,,,Australia,,P3576,P2263,,was born in Australia. Parents: Samuel RALSTON and Margaret WHITEFORD.
P3974,Elizabeth RALSTON,,,Australia,,P3576,P2263,,was born in Australia. Parents: Samuel RALSTON and Margaret WHITEFORD.
P3975,Samuel RALSTON,,,Australia,,P3576,P2263,,was born in Australia. Parents: Samuel RALSTON and Margaret WHITEFORD.
P3976,Whiteford JANET,,,,,,,P3977,"She was married to Joseph REID on 22 Nov 1799 in Dalry, Ayrshire, Scotland."
P3977,Joseph REID,,,,,,,P3976,"He was married to Whiteford JANET on 22 Nov 1799 in Dalry, Ayrshire, Scotland."
P3978,Howard WHITEFORD,,,,,P3010,P3980,,Parents: Daniel Martin WHITEFORD and UNKNOWN.
P3980,UNKNOWN,,,,a fire,,,,"died. died in a fire.Children were: Grover Cleveland WHITEFORD, Howard WHITEFORD, William WHITEFORD, Lou WHITEFORD, Dora WHITEFORD."
P3981,Berdena Anna LILGENBERG,1868,1948,,,,,P3010,"was born in 1868. She died in 1948.She was married to Daniel Martin WHITEFORD. Children were: Allison WHITEFORD, Charles Austin WHITEFORD, Charlotte WHITEFORD."
P3982,Allison WHITEFORD,,,,,P3010,P3981,,Parents: Daniel Martin WHITEFORD and Berdena Anna LILGENBERG.
P3983,Charles Austin WHITEFORD,,1967,,,P3010,P3981,,died in 1967. Parents: Daniel Martin WHITEFORD and Berdena Anna LILGENBERG.Children were: James Daniel WHITEFORD.
P3984,Charlotte WHITEFORD,,,,,P3010,P3981,,Parents: Daniel Martin WHITEFORD and Berdena Anna LILGENBERG.
P3985,James Daniel WHITEFORD,,,,,P3983,,,Parents: Charles Austin WHITEFORD .Children were: Kenneth P. WHITEFORD.
P3986,Kenneth P. WHITEFORD,,,,,P3985,,,Parents: James Daniel WHITEFORD .
P3987,Lou WHITEFORD,,,,,P3010,P3980,,Parents: Daniel Martin WHITEFORD and UNKNOWN.
P3988,Dora WHITEFORD,,,,,P3010,P3980,,Parents: Daniel Martin WHITEFORD and UNKNOWN.
P3989,Neil MCEWEN,1811,1839,Scotland,Ormstown Presbyterian Church,,,P1323,"was born about 1811 in Scotland.He was married to Jane WHITEFORD on 10 Oct 1839 in Ormstown Presbyterian Church, Quebec. Children were: John MCEWEN, Robert MCEWEN, Grace MCEWEN, Gilbert MCEWEN, Margaret MCEWEN, Neil MCEWEN, David MCEWEN, Jane Maria MCEWEN, Alexander MCEWEN, Janet Alexander MCEWEN, Christina MCEWEN, James MCEWEN."
P3990,John MCEWEN,1838,,Canada,,P3989,P1323,,was born about 1838 in Canada. Parents: Neil MCEWEN and Jane WHITEFORD.
P3991,Robert MCEWEN,1840,,Ormstown,,P3989,P1323,,"was born on 18 Jul 1840 in Ormstown, Lower Canada. Parents: Neil MCEWEN and Jane WHITEFORD."
P3992,Grace MCEWEN,1842,,Ormstown,,P3989,P1323,,"was born on 2 Jul 1842 in Ormstown, Canada East. Parents: Neil MCEWEN and Jane WHITEFORD."
P3993,Gilbert MCEWEN,1844,,Ormstown,,P3989,P1323,,"was born on 21 Oct 1844 in Ormstown, Canada East. Parents: Neil MCEWEN and Jane WHITEFORD."
P3994,Margaret MCEWEN,1846,,Ormstown,,P3989,P1323,,"was born on 23 Jul 1846 in Ormstown, Canada East. Parents: Neil MCEWEN and Jane WHITEFORD."
P3995,David MCEWEN,1850,,,,P3989,P1323,,was born about 1850. Parents: Neil MCEWEN and Jane WHITEFORD.
P3996,Neil MCEWEN,1848,,Ormstown,,P3989,P1323,,"was born on 16 Apr 1848 in Ormstown, Canada East. Parents: Neil MCEWEN and Jane WHITEFORD."
P3997,Jane Maria MCEWEN,,,,,P3989,P1323,,Parents: Neil MCEWEN and Jane WHITEFORD.
P3998,Alexander MCEWEN,,,,,P3989,P1323,,Parents: Neil MCEWEN and Jane WHITEFORD.
P3999,Janet Alexander MCEWEN,,,,,P3989,P1323,,Parents: Neil MCEWEN and Jane WHITEFORD.
P4000,Christina MCEWEN,,,,,P3989,P1323,,Parents: Neil MCEWEN and Jane WHITEFORD.
P4001,James MCEWEN,,,,,P3989,P1323,,Parents: Neil MCEWEN and Jane WHITEFORD.
P4002,John LEGGET,1858,1925,Ormstown,Ormstown,,,P1811,"was born in 1858 in Ormstown, Canada East. He died on 2 May 1925 in Ormstown, Quebec.He was married to Elizabeth WHITEFORD on 3 Sep 1887 in St. Paul's United Church, Ormstown, Quebec. Children were: Pearl Beatrice LEGGET, Thomas LEGGET, Stanley James LEGGET."
P4003,Pearl Beatrice LEGGET,1887,,,,P4002,P1811,,"was born on 19 Dec 1887 in St. Malachie Parish, Quebec. Parents: John LEGGET and Elizabeth WHITEFORD."
P4004,Thomas LEGGET,1889,,,,P4002,P1811,,"was born on 17 Jul 1889 in St. Malachie Parish, Quebec. Parents: John LEGGET and Elizabeth WHITEFORD."
P4005,Stanley James LEGGET,1891,1895,Ormstown,Ormstown,P4002,P1811,,"was born on 14 Apr 1891 in Ormstown, Quebec. He died on 29 Dec 1895 in Ormstown, Quebec. Parents: John LEGGET and Elizabeth WHITEFORD."
P4006,Robert MCNEIL,1845,1921,,Ormstown,,,P1812,"was born on 25 Feb 1845. He died on 28 Feb 1921 in Ormstown, Quebec. He was married to Margaret WHITEFORD on 11 Jun 1878 in Ormstown, Quebec. Children were: Louisa Agnes MCNEIL , Stebbins George Lathrop MCNEIL, Donald Robert MCNEIL."
P4007,Louisa Agnes MCNEIL,,,,,P4006,P1812,,Parents: Robert MCNEIL and Margaret WHITEFORD.
P4008,Stebbins George Lathrop MCNEIL,,,,,P4006,P1812,,Parents: Robert MCNEIL and Margaret WHITEFORD.
P4009,Donald Robert MCNEIL,,,,,P4006,P1812,,Parents: Robert MCNEIL and Margaret WHITEFORD.
P4010,MCEWEN,,,,,,,P1328,She was married to Robert Wallace WHITEFORD.
P4011,ARMOUR,,,,,,,P1328,She was married to Robert Wallace WHITEFORD.
P4012,John MCNEIL,,,,,,,P1339,"He was married to Mary Barbara WHITEFORD on 9 May 1906 in Ormstown, Quebec. Children were: Hazel MCNEIL, Willa Barbara MCNEIL."
P4013,Hazel MCNEIL,,,,,P4012,P1339,,Parents: John MCNEIL and Mary Barbara WHITEFORD.
P4014,Willa Barbara MCNEIL,,,,,P4012,P1339,,Parents: John MCNEIL and Mary Barbara WHITEFORD.
P4015,Adam Arthur MCNEIL,,,,,,,P1341,"He was married to Flora Christina WHITEFORD on 13 Jul 1910. Children were: Carmen Christina MCNEIL, Mamie MCNEIL, Beryl MCNEIL."
P4016,Carmen Christina MCNEIL,,,,,P4015,P1341,,Parents: Adam Arthur MCNEIL and Flora Christina WHITEFORD.
P4017,Mamie MCNEIL,,,,,P4015,P1341,,Parents: Adam Arthur MCNEIL and Flora Christina WHITEFORD.
P4018,Beryl MCNEIL,,,,,P4015,P1341,,Parents: Adam Arthur MCNEIL and Flora Christina WHITEFORD.Back Next
P4019,William Anderson KINNIGBURGH,,,,,,,P1353,He was married to Myrtle Vinette WHITEFORD.Back Next
P4020,Adriana,,,,,,,P1356,She was married to William WHITEFORD.
P4021,Mary Belle HARRISON,,,,,,,P1356,She was married to William WHITEFORD .
P4022,James B. THURIN,,,,,,,P1361,He was married to June Irene WHITEFORD .
P4023,Elaine Claire RAYMOND,,,,,,,P1362,She was married to George Lawrence WHITEFORD.
P4026,Ellen HAMILTON,,,,,P3778,P3738,,Parents: John HAMILTON and Margaret WHITEFORD.
P4027,Elizabeth HAMILTON,,,,,P3778,P3738,,Parents: John HAMILTON and Margaret WHITEFORD.
P4028,James SCALLY,1777,,,,,,P4029,"was born about 1777 in <Campbeltown, Argyll, Scotland>.He was married to Mary CAMPBELL. Children were: Neill SCALLY, Mary S SCALLY, John SCALLY, Archibald SCALLY, Anne SCALLY, James SCALLY, Catharine SCALLY."
P4030,Neill SCALLY,1803,,Campbeltown,,,,,"was born on 2 Jun 1803 in Campbeltown, Argyll, Scotland. He has Ancestral File number R33C-QL. Parents: . Parents: James SCALLY and Mary CAMPBELL."
P4031,John SCALLY,1807,,Campbeltown,,,,,"was born on 25 Oct 1807 in Campbeltown, Argyll, Scotland. He has Ancestral File number R33C-SX. Parents: . Parents: James SCALLY and Mary CAMPBELL."
P4032,Archibald SCALLY,1809,,Campbeltown,,,,,"was born on 11 Aug 1809 in Campbeltown, Argyll, Scotland. He has Ancestral File number R33C-T4. Parents: . Parents: James SCALLY and Mary CAMPBELL."
P4033,Anne SCALLY,1811,,Campbeltown,,,,,"was born on 17 Sep 1811 in Campbeltown, Argyll, Scotland. She has Ancestral File number R33C-V9. Parents: . Parents: James SCALLY and Mary CAMPBELL."
P4034,James SCALLY,1814,,Campbeltown,,,,,"was born on 20 Apr 1814 in Campbeltown, Argyll, Scotland. He has Ancestral File number R33C-WG. Parents: . Parents: James SCALLY and Mary CAMPBELL."
P4035,Catharine SCALLY,1819,,Campbeltown,,,,,"was born on 16 Sep 1819 in Campbeltown, Argyll, Scotland. She has Ancestral File number R33C-XM. Parents: . Parents: James SCALLY and Mary CAMPBELL."
P4037,William David EVANS,1907,1974,Landslad,Springfield,P5594,,,"was born on 20 Mar 1907 in Landslad, Marshall, MN. He died on 8 Jan 1974 in Springfield, Lane, OR. Parents: William John EVANS.He Private-Begin Private. He Marriage fact Private."
P4146,John Wesley EVANS,1909,1928,Chauvin,Portland,P5594,,,"was born on 1 Jun 1909 in Chauvin, Alberta, CN. He died on 27 Dec 1928 in Portland, Multnomah, OR. Parents: William John EVANS."
P4356,Robert EVANS,,,,,P5594,,,was born Private. Parents: William John EVANS .He Private-Begin Private. He Marriage fact Private.
P4574,Joseph EVANS,1919,1987,Valpraiso,Portland,P5594,,,"was born on 31 Aug 1919 in Valpraiso, Sask, CN. He died on 28 Aug 1987 in Portland, Multnomah, OR. Parents: William John EVANS."
P4783,James WHITEFORD,1795,1836,Scotland,Biddulph,P4929,,P4795,"was born between 1795 and 1802 in Scotland. He immigrated in 1836 to Canada. He died on 10 Sep 1847 in Biddulph, Huron County, Ontario, Canada. Parents: WHITEFORD.He was married to Sarah AITKEN on 7 Dec 1826 in Port Glasgow, Renfrew, Scotland. Children were: Mary WHITEFORD, John WHITEFORD, Sarah Jane WHITEFORD, Elizabeth WHITEFORD, Jane WHITEFORD, Sophia WHITEFORD, William WHITEFORD, Daniel WHITEFORD."
P4795,Sarah AITKEN,1804,1836,Antrim,Perth County,,,P4783,"was born about 1804 in Antrim, Ireland. She immigrated in 1836 to Canada. She died on 12 Nov 1870 in Perth County, Ontario, Canada.She was married to James WHITEFORD on 7 Dec 1826 in Port Glasgow, Renfrew, Scotland. Children were: Mary WHITEFORD , John WHITEFORD, Sarah Jane WHITEFORD, Elizabeth WHITEFORD, Jane WHITEFORD, Sophia WHITEFORD, William WHITEFORD, Daniel WHITEFORD."
P4883,William EVANS,,1850,,At Sea,,,P4884,died about 1850 in At Sea. He was born WFT Est. 1786-1815.He was married to Catherine WFT Est. 1827-1846. Children were: David William EVANS.
P4884,Catherine,,1850,,At Sea,,,,died about 1850 in At Sea. She was born WFT Est. 1795-1818.She was married to William EVANS WFT Est. 1827-1846. Children were: David William EVANS.
P4920,John JUDGE,1836,,,,,,P4921,"was born about 1836 in US.He was married to Jane WHITEFORD on 6 Nov 1861 in Goderich, Huron Co, Ontario, Canada. Children were: John JUDGE, Sarah JUDGE , Margaret JUDGE, Agnes JUDGE ."
P4921,Jane WHITEFORD,1838,,Huron County,,P4783,P4795,P4920,"was born about 1838 in Huron County, Ontario, Canada. Parents: James WHITEFORD and Sarah AITKEN.She was married to John JUDGE on 6 Nov 1861 in Goderich, Huron Co, Ontario, Canada. Children were: John JUDGE, Sarah JUDGE, Margaret JUDGE, Agnes JUDGE."
P4923,Daniel WHITEFORD,1841,,Huron County,,P4783,P4795,,"was born about 1841 in Huron County, Ontario, Canada. Parents: James WHITEFORD and Sarah AITKEN."
P4924,Wellington GIFFORD,1820,1880,England,Biddulph,,,,"was born about 1820 in England. He died about 1880 in Biddulph, Huron Co, Ontario, CN.Children were: Margaret GIFFORD , Jane Ann GIFFORD."
P4926,Ann,1823,,Ireland,,,,,"was born about 1823 in Ireland.Children were: Margaret GIFFORD, Jane Ann GIFFORD."
P4927,Margaret GIFFORD,1842,,Canada,,P4924,P4926,,"was born about 1842 in Canada. Parents: Wellington GIFFORD and Ann.She was married to John WHITEFORD on 27 Aug 1861 in Huron County, Ontario, Canada."
P4928,Sophia WHITEFORD,1839,,Huron County,,P4783,P4795,,"was born about 1839 in Huron County, Ontario, Canada. Parents: James WHITEFORD and Sarah AITKEN."
P4929,WHITEFORD,1777,,Scotland,,,,,"was born about 1777 in Scotland.Children were: Hugh Boyd WHITEFORD, Jane WHITEFORD, Mary WHITEFORD, Margaret WHITEFORD, James WHITEFORD."
P4930,Hugh Boyd WHITEFORD,,1831,,,P4929,,,"died in 1831. He was a Doctor in Derraghy, Antrim, Northern Ireland. He Lived at Derriaghy, Antrim, Ireland. Parents: WHITEFORD."
P4931,Jane WHITEFORD,,,,,P4929,,,Parents: WHITEFORD.
P4932,Mary WHITEFORD,,,,,P4929,,,Parents: WHITEFORD.
P4933,Margaret WHITEFORD,,,,,P4929,,,Parents: WHITEFORD.
P5071,Jane Ann GIFFORD,1846,,Biddulph,,P4924,P4926,,"was born about 1846 in Biddulph, Huron Co, Ontario, CN. Parents: Wellington GIFFORD and Ann ."
P5072,John JUDGE,1863,,McGillivary Twp,,P4920,P4921,,"was born about 1863 in McGillivary Twp, Huron Co, Ontario, CN. Parents: John JUDGE and Jane WHITEFORD ."
P5073,Sarah JUDGE,1865,,McGillivary Twp,,P4920,P4921,,"was born about 1865 in McGillivary Twp, Huron Co, Ontario, CN. Parents: John JUDGE and Jane WHITEFORD ."
P5074,Margaret JUDGE,1868,,McGillivary Twp,,P4920,P4921,,"was born about 1868 in McGillivary Twp, Huron Co, Ontario, CN. Parents: John JUDGE and Jane WHITEFORD ."
P5075,Agnes JUDGE,1870,,McGillivary Twp,,P4920,P4921,,"was born about 1870 in McGillivary Twp, Huron Co, Ontario, CN. Parents: John JUDGE and Jane WHITEFORD ."
P5310,Edith Ellen SMITH,,,,,,,,was born Private.She Private-Begin Private. She Marriage fact Private.
P5328,Mary WHITEFORD,1829,,Scotland,,P4783,P4795,,"was born about 1829 in Scotland. Parents: James WHITEFORD and Sarah AITKEN.She was married to John DIAMOND about 1845 in Huron Co, Canada. Children were: William DIAMOND, Martha DIAMOND, John J DIAMOND, Sarah Jane DIAMOND, Daniel DIAMOND, Elizabeth DIAMOND, Francis H DIAMOND, Charles DIAMOND, Samuel DIAMOND."
P5329,Elizabeth WHITEFORD,1836,1914,Huron County,,P4783,P4795,P5334,"was born about 1836 in Huron County, Ontario, Canada. She died on 1 Feb 1914. Parents: James WHITEFORD and Sarah AITKEN.She was married to ? SCANDRETT ."
P5331,John WHITEFORD,1833,,Scotland,,P4783,P4795,,"was born about 1833 in Scotland. Parents: James WHITEFORD and Sarah AITKEN.He was married to Margaret GIFFORD on 27 Aug 1861 in Huron County, Ontario, Canada."
P5334,? SCANDRETT,,,,,,,P5329,He was married to Elizabeth WHITEFORD .
P5453,Sarah Jane EVANS,1860,1917,Biddulph,Ponoka,P6061,P6072,,"was born on 23 Oct 1860 in Biddulph, Huron, Ontario, CN. She died about 1917 in Ponoka, Alberta, Canada. Parents: David William EVANS and Sarah Jane WHITEFORD ."
P5584,Alfretta Catherine EVANS,1867,1913,Stratford,Spokane,P6061,P6072,,"was born on 29 Jan 1867 in Stratford, Ontario, Canada. She died on 24 Apr 1913 in Spokane, Spokane, WA. Parents: David William EVANS and Sarah Jane WHITEFORD ."
P5594,William John EVANS,1870,1958,Toronto,Portland,P6061,P6072,,"was born on 3 Mar 1870 in Toronto, Ontario, CN. He died on 2 Apr 1958 in Portland, Multnomah, OR. Parents: David William EVANS and Sarah Jane WHITEFORD.He was married on 13 May 1901 in Thief Lake, Marshall Co, MN. Children were: Inga Sarah May EVANS, William David EVANS, John Wesley EVANS, Robert EVANS, Joseph EVANS."
P5916,Inga Sarah May EVANS,1904,1933,Thief River Fall,Portland,P5594,,,"was born on 2 Jun 1904 in Thief River Fall, Pennington, MN. She died on 20 May 1933 in Portland, Multnomah, OR. Parents: William John EVANS."
P6061,David William EVANS,1837,1921,Ireland,Eagle Creek,P4883,P4884,P6072,"was born about 1837 in Ireland. He died on 14 Dec 1921 in Eagle Creek, Multnomah, OR. Parents: William EVANS and Catherine.He was married to Sarah Jane WHITEFORD on 14 Nov 1860 in Goderich, Huron Co, Canada. Children were: Sarah Jane EVANS, Alfretta Catherine EVANS, William John EVANS ."
P6072,Sarah Jane WHITEFORD,1835,1903,Scotland,Thief Lake,P4783,P4795,P6061,"was born on 22 Dec 1835 in Scotland. She died on 25 Apr 1903 in Thief Lake, Marshall, Minnesota. Parents: James WHITEFORD and Sarah AITKEN.She was married to David William EVANS on 14 Nov 1860 in Goderich, Huron Co, Canada. Children were: Sarah Jane EVANS, Alfretta Catherine EVANS, William John EVANS ."
P6207,Ann ANDERSON,,,,,,,P1786,"She was married to Malcolm WHITEFORD on 25 Apr 1801 in Parish Church, Kilbirnie, Ayrshire, Scotland. Children were: Agnes WHITEFORD, Janet WHITEFORD , James WHITEFORD, William WHITEFORD, John WHITEFORD, Barbara WHITEFORD, Ann WHITEFORD, Margaret WHITEFORD, Malcolm WHITEFORD, John WHITEFORD, John WHITEFORD."
P6208,John BOYLE,1854,1938,Liverpool,Glenwood City,,,,"was born on 2 Sep 1854 in Liverpool, Merseyside Co, England. He died on 7 Oct 1938 in Glenwood City, St Croix Co, Wisconsin, USA.He was married to Mary A. WHITEFORD on 25 Dec 1882 in Menomonie, Dunn Co, Wisconsin, USA. Children were: Herman Edward BOYLE, Bertha May BOYLE, Ann BOYLE, John Howard BOYLE, Wiiliam Whiteford BOYLE."
P6209,Herman Edward BOYLE,1885,,,,P6208,P2216,,was born before 1885. Parents: John BOYLE and Mary A. WHITEFORD.Children were: John Edward BOYLE.
P6210,Bertha May BOYLE,1886,1978,,,P6208,P2216,,was born in 1886. She died after 1978 in MN. Parents: John BOYLE and Mary A. WHITEFORD.
P6211,Ann BOYLE,1890,1908,,,P6208,P2216,,was born about 1890. She died after 1908. Parents: John BOYLE and Mary A. WHITEFORD.
P6212,John Howard BOYLE,1894,1957,,Glenwood City,P6208,P2216,,"was born on 23 May 1894. He died on 2 May 1957 in Glenwood City, St Croix Co, Wisconsin, USA. Parents: John BOYLE and Mary A. WHITEFORD.He was married after 1914. Children were: William BOYLE, Pollyann BOYLE."
P6213,Wiiliam Whiteford BOYLE,1897,1936,Glenwood City,Menomonie,P6208,P2216,,"was born on 21 Mar 1897 in Glenwood City, St Croix Co, Wisconsin, USA. He died on 19 Oct 1936 in Menomonie, Dunn Co, Wisconsin, USA. Parents: John BOYLE and Mary A. WHITEFORD ."
P6214,John Edward BOYLE,,,,,P6209,,,Parents: Herman Edward BOYLE.
P6215,William BOYLE,,,,,P6212,,,Parents: John Howard BOYLE.
P6216,Pollyann BOYLE,,,,,P6212,,,Parents: John Howard BOYLE.
P6217,Nicholas B. WHITEFORD,,,,,,,,"Thought to be from Maryland, USA originally.He was married to Annie Louissa EINWAECHTER. Children were: Charles Adam WHITEFORD, Lawrence WHITEFORD, William WHITEFORD, Raymond WHITEFORD, Mildred WHITEFORD."
P6219,Charles Adam WHITEFORD,,,,,P6217,P6218,,Parents: Nicholas B. WHITEFORD and Annie Louissa EINWAECHTER.
P6220,Lawrence WHITEFORD,,,,,P6217,P6218,,Parents: Nicholas B. WHITEFORD and Annie Louissa EINWAECHTER.
P6222,Raymond WHITEFORD,,,,,P6217,P6218,,Parents: Nicholas B. WHITEFORD and Annie Louissa EINWAECHTER.
P6223,Mildred WHITEFORD,,,,,P6217,P6218,,Parents: Nicholas B. WHITEFORD and Annie Louissa EINWAECHTER.
P6224,David WHITEFORD,,,,,,,P6225,He was married to mary MACLAUGHLAND .
P6225,mary MACLAUGHLAND,,,,,,,P6224,She was married to David WHITEFORD .
P6226,David LOGAN,,,,,P6227,P6228,P3946,"Parents: Robert LOGAN and Agness ALLAN.He was married to Isobel WHITEFORD on 25 Dec 1777 in Kilbirnie, Ayrshire, Scotland. Children were: James LOGAN."
P6227,Robert LOGAN,,,,,,,P6228,He was married to Agness ALLAN. Children were: David LOGAN.
P6228,Agness ALLAN,,,,,,,P6227,She was married to Robert LOGAN. Children were: David LOGAN.
P6229,James LOGAN,1778,,,,P6226,P3946,P6230,was born on 4 Oct 1778. Parents: David LOGAN and Isobel WHITEFORD.He was married to Ann LAW.
P6230,Ann LAW,,,,,,,P6229,She was married to James LOGAN.
P6231,Francis WHITEFORD,,,,,,,P6232,He was married to Marie 'Chlory' GLADU . Children were: James Francis WHITEFORD.
P6232,Marie 'Chlory' GLADU,,,,,,,P6231,She was married to Francis WHITEFORD . Children were: James Francis WHITEFORD.
P6233,James Francis WHITEFORD,,,,,P6231,P6232,P6234,Parents: Francis WHITEFORD and Marie 'Chlory' GLADU.He was married to Marguerite FAGNANT in 1852.
P6234,Marguerite FAGNANT,1826,,May 1826 in St,,,,,"was born in May 1826 in St. Xavier, Manitoba, Canada.She was married to James Francis WHITEFORD in 1852."
P6236,Sharilyn A. WHITEFORD,,,,,,,,"graduated in 1985 in Ottawa, Kansas, USA. from Ottawa High School."
P6237,Melissa Carol WHITEFORD,,,,,,,,"graduated in 1989 in Ottawa, Kansas, USA. from Ottawa High School."
P6238,Matthew Noah WHITEFORD,,,,,,,,"graduated in 1976 in Ottawa, Kansas, USA. from Ottawa High School."
P6239,Martin WHITEFORD,,,,,,,,"graduated in 1982 in Ottawa, Kansas, USA. from Ottawa High School."
P6240,Mark WHITEFORD,,,,,,,,"graduated in 1979 in Ottawa, Kansas, USA. from Ottawa High School."
P6241,Gregory WHITEFORD,,,,,,,,"graduated in 1979 in Ottawa, Kansas, USA. from Ottawa High School."
P6242,Alex WHITEFORD,,,,,,,,"graduated in 1977 in Ottawa, Kansas, USA. from Ottawa High School."
P6243,Robert Taylor WHITEFORD,,,,,,,P6244,"He was married to Annie BARBOUR in 1876 in Paisley Abbey, Renfreshire, Scotland. Children were: Hendry Miller C. WHITEFORD."
P6244,Annie BARBOUR,,,,,,,P6243,"She was married to Robert Taylor WHITEFORD in 1876 in Paisley Abbey, Renfreshire, Scotland. Children were: Hendry Miller C. WHITEFORD."
P6245,Hendry Miller C. WHITEFORD,1898,1898,Paisley,Paisley,P6243,P6244,,"was born in 1898 in Paisley, Renfrewshire, Scotland. He died in 1898 in Paisley, Renfrewshire, Scotland. Parents: Robert Taylor WHITEFORD and Annie BARBOUR."
P6246,Mary RALSTON,1819,,Northern Ireland,,P3582,P3583,,was born in 1819 in Northern Ireland. Parents: William RALSTON and Sarah GALBRAITH.
P6247,George RALSTON,1832,,Ireland,,P3582,P3583,,was born in 1832 in Ireland. Parents: William RALSTON and Sarah GALBRAITH.
P6248,Robert RALSTON,1834,,Ireland,,P3582,P3583,,was born in 1834 in Ireland. Parents: William RALSTON and Sarah GALBRAITH.
P6249,David RALSTON,1836,,Ireland,,P3582,P3583,,was born in 1836 in Ireland. Parents: William RALSTON and Sarah GALBRAITH.
P6250,Joseph RALSTON,1848,,Ireland,,P3582,P3583,,was born in 1848 in Ireland. Parents: William RALSTON and Sarah GALBRAITH. Back Next
P6251,Robert A. WHITEFORD,,,,,,,P6252,"He was married to Sharon Elaine ROBERTSON . Children were: Robin Elaine WHITEFORD, Erin Marie WHITEFORD."
P6252,Sharon Elaine ROBERTSON,1941,,Detroit,,,,P6251,"was born on 20 Aug 1941 in Detroit, Michigan, USA.She was married to Robert A. WHITEFORD. Children were: Robin Elaine WHITEFORD, Erin Marie WHITEFORD."
P6253,Robin Elaine WHITEFORD,1965,,,,P6251,P6252,,was born in 1965. Parents: Robert A. WHITEFORD and Sharon Elaine ROBERTSON.
P6254,Erin Marie WHITEFORD,1970,,,,P6251,P6252,,was born in 1970. Parents: Robert A. WHITEFORD and Sharon Elaine ROBERTSON.
P6255,Alexander William WHITEFORD,1873,1957,,,,,P6256,"was born in 1873. He died in 1957. He was buried in 1957 in Oak Grove Cemetary, Illinois, USA. He served in the military 1918 to 1919. Major of Engineering, General Staff, during WWI.He was married to Margarett BARTLETT. Children were: William Bartlett WHITEFORD."
P6256,Margarett BARTLETT,1877,1964,,,,,P6255,"was born in 1877. She died in 1964. She was buried in 1964 in Oak Grove Cemetary, Illinois, USA.She was married to Alexander William WHITEFORD. Children were: William Bartlett WHITEFORD."
P6258,Agnes Forbes WHITEFORD,1844,1922,,,,,,"was born in 1844. She died in 1922. She was buried in 1922 in Oak Grove Cemetary, Illinois, USA."
P6259,James WHITEFORD,1844,1923,,,,,,"was born in 1844. He died in 1923. He was buried in 1923 in Oak Grove Cemetary, Illinois, USA."
P6260,John WHITEFORD,1871,1926,,,,,,"was born in 1871. He died in 1926. He was buried in 1926 in Oak Grove Cemetary, Illinois, USA."
P6262,Martha 'Jane' KENNEDY,,,,,,,P6261,"She was married to William WHITEFORD . Children were: Martha Jane WHITEFORD, Margaret WHITEFORD, Sarah WHITEFORD, Elizabeth WHITEFORD, James WHITEFORD, William WHITEFORD."
P6263,Martha Jane WHITEFORD,1828,,,,P6261,P6262,P6269,was born in 1828. She was also known as 'Mattie'.. Parents: William WHITEFORD and Martha 'Jane' KENNEDY.She was married to William FOOTE .
P6264,Margaret WHITEFORD,1836,,,,P6261,P6262,P6270,was born in 1836. Parents: William WHITEFORD and Martha 'Jane' KENNEDY.She was married to Samuel AGNEW.
P6265,Sarah WHITEFORD,1839,,,,P6261,P6262,P6271,was born in 1839. Parents: William WHITEFORD and Martha 'Jane' KENNEDY.She was married to George GIFFORD.
P6266,Elizabeth WHITEFORD,1842,,,,P6261,P6262,P6272,was born in 1842. Parents: William WHITEFORD and Martha 'Jane' KENNEDY.She was married to Christian RIPLEY.
P6267,James WHITEFORD,1945,,,,P6261,P6262,P6273,was born in 1945. Parents: William WHITEFORD and Martha 'Jane' KENNEDY.He was married to Mary A..He was married to Chynthia BAYLE.
P6269,William FOOTE,,,,,,,P6263,He was married to Martha Jane WHITEFORD.
P6270,Samuel AGNEW,,,,,,,P6264,He was married to Margaret WHITEFORD .
P6271,George GIFFORD,,,,,,,P6265,He was married to Sarah WHITEFORD.
P6272,Christian RIPLEY,,,,,,,P6266,He was married to Elizabeth WHITEFORD .
P6273,Mary A.,,,,,,,P6267,She was married to James WHITEFORD.
P6274,Chynthia BAYLE,,,,,,,P6267,She was married to James WHITEFORD.
P6275,James WHITEFORD,1760,1819,,,,,P6276,was born in 1760. Glenbuck or Muirkirk. He died on 30 Sep 1819. He was a Schoolteacher. He was a Factor to Weir of Blackwood in Lesmahagow. A factor is a land agent.He was married to Jean ANDERSON . Children were: Mary WHITEFORD.
P6276,Jean ANDERSON,,1844,,,,,P6275,died on 4 Apr 1844.She was married to James WHITEFORD. Children were: Mary WHITEFORD .
P6277,Mary WHITEFORD,,,,,P6275,P6276,P6278,Parents: James WHITEFORD and Jean ANDERSON.She was married to John BLACK on 13 May 1810.
P6278,John BLACK,,,,,,,P6277,described as 'of Parkhead'.He was married to Mary WHITEFORD on 13 May 1810.Back Next
P6280,Isobel ALLAN,,,,,,,P6279,"She was married to William WHITEFORD on 9 Jan 1690 in Kilbirnie, Ayrshire, Scotland. Children were: Jean WHITEFORD, Isobel WHITEFORD."
P6281,Jean WHITEFORD,1691,,,,P6279,P6280,,was born on 28 Jan 1691. Parents: William WHITEFORD and Isobel ALLAN.
P6282,Isobel WHITEFORD,1693,,,,P6279,P6280,,was born on 3 Apr 1693. Parents: William WHITEFORD and Isobel ALLAN.
P6283,Robert Patrick WHITEFORD,1910,,,,P6284,P6285,,was born in 1910. Parents: Robert WHITEFORD and Molly.
P6284,Robert WHITEFORD,1880,1914,,,,,,was born in 1880. He died between 1914 and 1918.He was married to Molly about 1909. Children were: Robert Patrick WHITEFORD.
P6285,Molly,,,,,,,P6284,She was married to Robert WHITEFORD about 1909. Children were: Robert Patrick WHITEFORD.She was married to Sam BROWN After WWI.
P6286,Sam BROWN,,,,,,,P6285,He was married to Molly After WWI.
P6289,Mary,,,,,,,P6288,"She was married to William WHITEFORD. Children were: William Arnot WHITEFORD, Maud WHITEFORD, Kenneth WHITEFORD."
P6290,Maud WHITEFORD,,,,,P6288,P6289,,Parents: William WHITEFORD and Mary.
P6291,Kenneth WHITEFORD,,,,,P6288,P6289,,Parents: William WHITEFORD and Mary.
P6292,Janet A. WHITEFORD,1880,1966,Paisley,Amsterdam,P139,P148,P6293,"was born on 16 Sep 1880 in Paisley, Renfrewshire, Scotland. She died in 1966 in Amsterdam, New York, USA. She was buried in 1966 in Braadalbin Cemetary, New Yok, USA. Parents: James WHITEFORD and Jeannie ROSS.She was married to Jacob DE GOLYER. Children were: William DE GOLYER , Victor DE GOLYER, Francis J. DE GOLYER, Arthur DE GOLYER, George Ross DE GOLYER, Janet DE GOLYER.Children were: Jmaes WHITEFORD."
P6300,Earl W. JACKSON,1940,1971,,,,,P6297,"was born on 23 Aug 1940. He died in 1971.He was married to Francis J. DE GOLYER on 23 Aug 1940. Children were: Robert JACKSON, Susan JACKSON ."
P6301,Robert JACKSON,,,,,P6300,P6297,,Parents: Earl W. JACKSON and Francis J. DE GOLYER.
P6302,Susan JACKSON,,,,,P6300,P6297,,Parents: Earl W. JACKSON and Francis J. DE GOLYER.
P6306,UNKNOWN,,,,,,,,Children were: Jmaes WHITEFORD.
P6307,Jmaes WHITEFORD,,1948,,Amsterdam,P6306,P6292,,"died on 1 Aug 1948 in Amsterdam, New York, USA. Parents: UNKNOWN and Janet A. WHITEFORD."
P6310,James WHITEFORD,,,,,,,P6311,"He was married to Mildred Adeline MOTSCHENBACHER on 30 Sep 1957. Children were: Kevin Jerome WHITEFORD , Michael WHITEFORD, Margaret WHITEFORD."
P6312,Kevin Jerome WHITEFORD,1958,,,,P6310,P6311,P6315,"was born on 7 Feb 1958. Parents: James WHITEFORD and Mildred Adeline MOTSCHENBACHER .He was married to Carol Maureen JOHNSON 31 6 1976 in Kanabec County, Minnesota, USA."
P6313,Michael WHITEFORD,1960,,,,P6310,P6311,,was born on 19 Nov 1960. Parents: James WHITEFORD and Mildred Adeline MOTSCHENBACHER .
P6314,Margaret WHITEFORD,1964,,,,P6310,P6311,,was born on 14 May 1964. Parents: James WHITEFORD and Mildred Adeline MOTSCHENBACHER .
P6315,Carol Maureen JOHNSON,,,,,,,P6312,"She was married to Kevin Jerome WHITEFORD 31 6 1976 in Kanabec County, Minnesota, USA."
P6316,Joseph WHITEFORD,1927,,,,,,P6317,"was born in 1927.He was married to Cecelia ROPP. Children were: Thomas E. WHITEFORD , Joseph W. WHITEFORD, Robert WHITEFORD, Susan WHITEFORD."
P6317,Cecelia ROPP,,,,,,,P6316,"She was married to Joseph WHITEFORD. Children were: Thomas E. WHITEFORD, Joseph W. WHITEFORD, Robert WHITEFORD, Susan WHITEFORD."
P6319,Joseph W. WHITEFORD,1949,,,,P6316,P6317,P6324,"was born in 1949. Parents: Joseph WHITEFORD and Cecelia ROPP.He was married to UNKNOWN. Children were: Joseph WHITEFORD, Michael WHITEFORD."
P6320,Robert WHITEFORD,1954,,,,P6316,P6317,,was born in 1954. Parents: Joseph WHITEFORD and Cecelia ROPP.
P6322,UNKOWN,,,,,,,P6318,She was married to Thomas E. WHITEFORD. Children were: Thomas A. WHITEFORD.
P6324,UNKNOWN,,,,,,,P6319,"She was married to Joseph W. WHITEFORD. Children were: Joseph WHITEFORD, Michael WHITEFORD."
P6325,Joseph WHITEFORD,,,,,P6319,P6324,,Parents: Joseph W. WHITEFORD and UNKNOWN.
P6326,Michael WHITEFORD,,,,,P6319,P6324,,Parents: Joseph W. WHITEFORD and UNKNOWN.
P6327,JOHNSON,,,,,,,P6321,"He was married to Susan WHITEFORD. Children were: Scott JOHNSON, Todd JOHNSON ."
P6328,Scott JOHNSON,,,,,P6327,P6321,,Parents: JOHNSON and Susan WHITEFORD.
P6329,Todd JOHNSON,,,,,P6327,P6321,,Parents: JOHNSON and Susan WHITEFORD.
P6330,Gordon Bruce WHITEFORD,,,,,,,P6331,"He was married to Laura Martha WEISE. Children were: Brian James WHITEFORD , Todd G. WHITEFORD, David B. WHITEFORD."
P6331,Laura Martha WEISE,,,,,,,P6330,"She was married to Gordon Bruce WHITEFORD . Children were: Brian James WHITEFORD, Todd G. WHITEFORD, David B. WHITEFORD."
P6332,Brian James WHITEFORD,1970,1998,,Durham,P6330,P6331,,"was born in 1970. He died on 29 Dec 1998 in Durham, Wisconsin, USA. Parents: Gordon Bruce WHITEFORD and Laura Martha WEISE."
P6334,David B. WHITEFORD,,1998,,Before 29 Dec 1998,P6330,P6331,,died in Before 29 Dec 1998. Parents: Gordon Bruce WHITEFORD and Laura Martha WEISE .
P6335,Charles WHITEFORD,,,,,P3267,P3268,,Parents: Charles A. WHITEFORD and Betha ROSS.
P6336,Adelaide WHITEFORD,,,,,P3267,P3268,,Parents: Charles A. WHITEFORD and Betha ROSS.
P6337,Mildred WHITEFORD,,,,,P3267,P3268,,Parents: Charles A. WHITEFORD and Betha ROSS.
P6338,Geroge Leroy WHITEFORD,,,,,,,P6339,"He was married to Helen. Children were: Gerald Alan WHITEFORD, Fred WHITEFORD, Robert WHITEFORD, Betty WHITEFORD."
P6339,Helen,,,,,,,P6338,"She was married to Geroge Leroy WHITEFORD. Children were: Gerald Alan WHITEFORD, Fred WHITEFORD, Robert WHITEFORD, Betty WHITEFORD."
P6340,Gerald Alan WHITEFORD,1926,2000,Los Angeles,Medford,P6338,P6339,,"was born on 13 Aug 1926 in Los Angeles, California, USA. He died on 25 Jun 2000 in Medford, Oregon, USA. Parents: Geroge Leroy WHITEFORD and Helen.He was married to Betty Lee LARKIN on 21 Jan 1950 in Santa Monica, California, USA. Children were: Victoria WHITEFORD , Michael WHITEFORD."
P6341,Fred WHITEFORD,,,,,P6338,P6339,,Parents: Geroge Leroy WHITEFORD and Helen.
P6342,Robert WHITEFORD,,,,,P6338,P6339,,Parents: Geroge Leroy WHITEFORD and Helen.
P6343,Betty WHITEFORD,,,,,P6338,P6339,,Parents: Geroge Leroy WHITEFORD and Helen.
P6344,Betty Lee LARKIN,,,,,,,P6340,"She was married to Gerald Alan WHITEFORD on 21 Jan 1950 in Santa Monica, California, USA. Children were: Victoria WHITEFORD, Michael WHITEFORD."
P6346,Michael WHITEFORD,,,,,P6340,P6344,,Parents: Gerald Alan WHITEFORD and Betty Lee LARKIN.
P6347,Margaret RISK,,,,,P6361,P6362,P351,"Parents: William RISK and Jennie MCCLELLAN.She was married to Andrew WHITEFORD on 16 Mar 1889 in USA. Children were: Arthur WHITEFORD , Mary WHITEFORD, Martha WHITEFORD, Genevive WHITEFORD, Margaret WHITEFORD."
P6348,Arthur WHITEFORD,,,,,P351,P6347,,died. Killed during World War I. Parents: Andrew WHITEFORD and Margaret RISK.
P6349,Mary WHITEFORD,,,,,P351,P6347,P6355,Parents: Andrew WHITEFORD and Margaret RISK.She was married to John EDWARDS .
P6350,Martha WHITEFORD,,,,,P351,P6347,P6356,Parents: Andrew WHITEFORD and Margaret RISK.She was married to Chil SAVORY .
P6351,Genevive WHITEFORD,,,,,P351,P6347,P6357,Parents: Andrew WHITEFORD and Margaret RISK.She was married to John MCMAHON .
P6352,Margaret WHITEFORD,,,,,P351,P6347,P6358,"Parents: Andrew WHITEFORD and Margaret RISK.She was married to Oscar MINER . Children were: Edna MINER, Audrey MINER."
P6356,Chil SAVORY,,,,,,,P6350,He was married to Martha WHITEFORD.
P6357,John MCMAHON,,,,,,,P6351,He was married to Genevive WHITEFORD .
P6358,Oscar MINER,,,,,,,P6352,"He was married to Margaret WHITEFORD . Children were: Edna MINER, Audrey MINER."
P6359,Edna MINER,,,,,P6358,P6352,,Parents: Oscar MINER and Margaret WHITEFORD.
P6360,Audrey MINER,,,,,P6358,P6352,,Parents: Oscar MINER and Margaret WHITEFORD.
P6361,William RISK,,,,,,,P6362,"Known to be from Belfast, Northern Ireland.He was married to Jennie MCCLELLAN. Children were: Margaret RISK ."
P6362,Jennie MCCLELLAN,,,,,,,P6361,She was married to William RISK. Children were: Margaret RISK.
P6363,J. Johnson WHITEFORD,1970,,India,,,,,"was born on 31 May 1970 in India. He was educated. J. JOHNSON WHITEFORD graduated in April 1991 from Madurai Kamaraj University at the Government College of Engineering, Tirunelveli at Tirunelveli in Tamil Nadu, India with a Bachelor of Engineering in Electronics and Communication Engineering with first class. In June 1992 he joined the Indian Institute of Technology, Kanpur at Kanpur, where he is on the Research Staff in the Department of Electrical Engineering. He is associated with the Depart"
P6364,John MARTIN,,,,,,,P1701,"He was married to Jean WHITEFORD . Children were: Alexander MARTIN, Mary MARTIN."
P6365,Alexander MARTIN,,,,,P6364,P1701,,Parents: John MARTIN and Jean WHITEFORD.
P6366,Mary MARTIN,,,,,P6364,P1701,,Parents: John MARTIN and Jean WHITEFORD.
P6367,Shirley Louise WHITEFORD,1919,2001,,,P6368,P6369,,was born in 1919. She died about 2001. Parents: WHITEFORD and UNKNOWN.
P6368,WHITEFORD,,,,,P6370,P6371,P6369,Parents: Arthur Wellington WHITEFORD and UNKNOWN.He was married to UNKNOWN. Children were: Shirley Louise WHITEFORD.
P6369,UNKNOWN,,,,,,,P6368,She was married to WHITEFORD. Children were: Shirley Louise WHITEFORD.
P6370,Arthur Wellington WHITEFORD,,,,,P6372,P6373,P6371,"Thought to from Denver, Colorado. Parents: Captain Edward WHITEFORD and Judith CHASE. He was married to UNKNOWN. Children were: WHITEFORD."
P6371,UNKNOWN,,,,,,,P6370,She was married to Arthur Wellington WHITEFORD . Children were: WHITEFORD.
P6372,Captain Edward WHITEFORD,,1894,,Colorado,,,P6373,died before 27 Jul 1894 in Colorado. Source - Civil War Pension Claim filed noting Judith as widow. He served in the military 1863 to 1865. Edward Whiteford Enlisted as 2nd Lieut. 28 May 1863 in Coy. E 6th Pennsylvania Cavalry. Promoted to Full 1st Lieut on 19 March 1864 (As of Co. H) Transferred on 19 March 1864 from Company E to Company H Promoted to Full Comm Sergt on 16 December 1864 (As of Co. S) Transferred on 16 December 1864 from Company H to Company S Promoted to Full Capt on 10 Februar
P6375,UNKNOWN,,,,,,,P6374,She was married to William CHASE. Children were: Judith CHASE.
P6376,Robert MCKILL,,,,,,,P6377,"He was married to Jane WHITEFORD on 14 Jun 1870 in Campbelton, Argyll, Scotland."
P6377,Jane WHITEFORD,,,,,,,P6376,"She was married to Robert MCKILL on 14 Jun 1870 in Campbelton, Argyll, Scotland."
P6379,Hugh WHITEFORD,,,,,P6378,,P6380,"immigrated in 1847 to Quebec, Canada. Parents: Thomas WHITEFORD.He was married to Eliza SLOAN ."
P6380,Eliza SLOAN,,,,,,,P6379,She was married to Hugh WHITEFORD.
P6381,Adolphus WHITEFORD,,,,,,,P6382,He was married to UNKNOWN. Children were: Gustavus Adolphus Leonus Delnorus WHITEFORD .
P6382,UNKNOWN,,,,,,,P6381,She was married to Adolphus WHITEFORD. Children were: Gustavus Adolphus Leonus Delnorus WHITEFORD .
P6383,James WHITEFORD,1844,1881,Whitehaven,Loughor,,,P6384,"was born about 1844 in Whitehaven, Cumberland, England. He appeared on the census in 1881 in Loughor, Glamorgan, Wales. Described as Head of Household, married and aged 37 years born at Whitehaven, Cumberland, England, living 'by the station' in Loughor and working as an engine fitter. Also living at the same address was James Morris, lodger aged 31 and unmarried, born in Newport, Pembroke, Wales and working as a Gas Producer.He was married to Elizabeth. Children were: Robert Charles WHITEFORD ,"
P6384,Elizabeth,1847,1881,Ireland,Loughor,,,,"was born about 1847 in Ireland. She appeared on the census in 1881 in Loughor, Glamorgan, Wales. Described as wife of the head of household, married and aged 34 years born in Ireland, living 'by the station' in Loughor.She was married to James WHITEFORD. Children were: Robert Charles WHITEFORD, Elizabeth Margaret WHITEFORD , William Henry WHITEFORD, James A. WHITEFORD, Ernest Wilson WHITEFORD."
P6385,Robert Charles WHITEFORD,1869,1881,Liverpool,Loughor,P6383,P6384,,"was born about 1869 in Liverpool, England. He appeared on the census in 1881 in Loughor, Glamorgan, Wales. Described as the son of the Head of Household, aged 12 years born in Liverpool, England, living 'by the station' in Loughor. Parents: James WHITEFORD and Elizabeth."
P6386,Elizabeth Margaret WHITEFORD,1872,1881,Glasgow,Loughor,P6383,P6384,,"was born about 1872 in Glasgow, Lanarkshire, Scotland. She appeared on the census in 1881 in Loughor, Glamorgan, Wales. Described as the daughter of the Head of Household, aged 9 years born in Glasgow, Scotland and living 'by the station' in Loughor. Parents: James WHITEFORD and Elizabeth."
P6388,James A. WHITEFORD,1879,,Loughor,,P6383,P6384,,"was born about 1879 in Loughor, Glamorgan, Wales. He appeared on the census in 1881 in Loughor, Glamorgan, Wales. Described as the son of the Head of Household, aged 2 years born in Loughor, Wales and living 'by the station' in Loughor. Parents: James WHITEFORD and Elizabeth."
P6389,Ernest Wilson WHITEFORD,1880,,Loughor,,P6383,P6384,,"was born about 1880 in Loughor, Glamorgan, Wales. He appeared on the census in 1881 in Loughor, Glamorgan, Wales. Described as the son of the Head of Household, aged 7 months born in Loughor, Wales and living 'by the station' in Loughor. Parents: James WHITEFORD and Elizabeth."
P6390,Doddridge WHITEFORD,,,,,,,P6391,He was married to Elizabeth Ann SILVER . Children were: Silas Silver WHITEFORD.
P6391,Elizabeth Ann SILVER,,,,,,,P6390,She was married to Doddridge WHITEFORD . Children were: Silas Silver WHITEFORD.
P6392,Silas Silver WHITEFORD,1850,1929,Maryland,Osage Township,P6390,P6391,P6393,"was born on 1 Jan 1850 in Maryland, USA. He died on 22 Jan 1929 in Osage Township, Miami County, Kansas, USA. He was buried after 22 Jan 1929 in Osage Township, Miami County, Kansas, USA. Parents: Doddridge WHITEFORD and Elizabeth Ann SILVER .He was married to Mary Evalina MCGLOTHLIN on 29 Jan 1876 in Lawrence, Douglas County, Kansas, USA. Children were: LIzzie WHITEFORD, Anna WHITEFORD, Lilliam E. WHITEFORD, Susan WHITEFORD, Nelle WHITEFORD, Hugh C. WHITEFORD, Clay WHITEFORD."
P6393,Mary Evalina MCGLOTHLIN,1856,1893,Tazwell County,Miami County,P6394,P6395,P6392,"was born in 1856 in Tazwell County, Virginia, USA. She died in 1893 in Miami County, Kansas, USA. She was also known as Ava. Parents: Robert Emmitt MCGLOTHLIN and Rebecca Ann COREL.She was married to Silas Silver WHITEFORD on 29 Jan 1876 in Lawrence, Douglas County, Kansas, USA. Children were: LIzzie WHITEFORD, Anna WHITEFORD, Lilliam E. WHITEFORD, Susan WHITEFORD, Nelle WHITEFORD, Hugh C. WHITEFORD, Clay WHITEFORD."
P6394,Robert Emmitt MCGLOTHLIN,,,,,,,P6395,He was married to Rebecca Ann COREL. Children were: Mary Evalina MCGLOTHLIN .
P6396,LIzzie WHITEFORD,1877,1878,Jul 1877 in Lawrence,Miami County,P6392,P6393,,"was born in Jul 1877 in Lawrence, Douglas County, Kansas, USA. She died on 21 Aug 1878 in Miami County, Kansas, USA. She was buried after 21 Aug 1878 in Osage Township, Miami County, Kansas, USA. Parents: Silas Silver WHITEFORD and Mary Evalina MCGLOTHLIN ."
P6397,Anna WHITEFORD,1878,1960,Osawatomie,Osawatomie,P6392,P6393,,"was born on 29 Aug 1878 in Osawatomie, Miami County, Kansas, USA. She died on 20 Aug 1960 in Osawatomie, Miami County, Kansas, USA. She was buried after 20 Aug 1960 in Osawatomie, Miami County, Kansas, USA. Parents: Silas Silver WHITEFORD and Mary Evalina MCGLOTHLIN ."
P6398,Lilliam E. WHITEFORD,1881,,Kansas,,P6392,P6393,P6403,"was born about 1881 in Kansas, USA. Parents: Silas Silver WHITEFORD and Mary Evalina MCGLOTHLIN .She was married to Harry RANDAL on 20 Jun 1906 in Osawatomie, Miami County, Kansas, USA."
P6400,Nelle WHITEFORD,1887,1963,Miami County,Kansas City,P6392,P6393,P6405,"was born on 8 Aug 1887 in Miami County, Kansas, USA. She died on 17 Jun 1963 in Kansas City, Wyandotte County, Kansas, USA. She was buried after 17 Jun 1963 in Osawatomie, Miami County, Kansas, USA. Parents: Silas Silver WHITEFORD and Mary Evalina MCGLOTHLIN .She was married to Edward KENDALL in 1950."
P6401,Hugh C. WHITEFORD,1890,1965,Fontana,Paola,P6392,P6393,P6406,"was born on 15 Dec 1890 in Fontana, Miami County, Kansas, USA. He died on 16 Nov 1965 in Paola, Miami County, Kansas, USA. He was buried after 16 Nov 1965 in Osawatomie, Miami County, Kansas, USA. Parents: Silas Silver WHITEFORD and Mary Evalina MCGLOTHLIN .He was married to Elizabeth Zoe LOWE on 22 Jan 1913 in Paola, Miami County, Kansas, USA."
P6402,Clay WHITEFORD,,,,,P6392,P6393,P6407,"Parents: Silas Silver WHITEFORD and Mary Evalina MCGLOTHLIN.He was married to Leila LOWE on 30 Nov 1913 in Paola, Miami County, Kansas, USA. Children were: Margaret WHITEFORD, Elizabeth WHITEFORD."
P6403,Harry RANDAL,,,,,,,P6398,"He was married to Lilliam E. WHITEFORD on 20 Jun 1906 in Osawatomie, Miami County, Kansas, USA."
P6404,Fred Elmer WEST,,,,,,,P6399,He was married to Susan WHITEFORD .
P6405,Edward KENDALL,,,,,,,P6400,He was married to Nelle WHITEFORD in 1950.
P6406,Elizabeth Zoe LOWE,,,,,,,P6401,"She was married to Hugh C. WHITEFORD on 22 Jan 1913 in Paola, Miami County, Kansas, USA."
P6407,Leila LOWE,,,,,,,P6402,"She was married to Clay WHITEFORD on 30 Nov 1913 in Paola, Miami County, Kansas, USA. Children were: Margaret WHITEFORD, Elizabeth WHITEFORD."
P6408,Margaret WHITEFORD,,,,,P6402,P6407,,Parents: Clay WHITEFORD and Leila LOWE.
P6409,Elizabeth WHITEFORD,,,,,P6402,P6407,,Parents: Clay WHITEFORD and Leila LOWE.
P6410,Dr. Linda WHITEFORD,,,,,,,,"Chair and Professor at the University of South Florida , Department of Anthropology."
P6411,Craig WHITEFORD,,,,,,,,"Work as the County Budget Manager, Cecil County, Maryland, USA"
P6412,Robert WHITEFORD,,1909,,Coates' house by Wyllie in October of 1909,,,,"was Photographed on 7 Oct 1909. A Scottish researcher into psychic phenomena, James Coates, sent locks of his hair and his wife's hair to Edward Wyllie,an american, who was living and working in Los Angeles. Wyllie used the locks of hair in spirit photographs, and one of the resulting spirits was recognized as Mrs. Coates' grandmother. This earned Wyllie an invitation to England, where his work was studied by Coates. This photograph shows Robert Whiteford, a photographer who--like Coates--lived "
P6413,Matthew WHITEFORD,,,,,,,P6414,"Dean of Student Life, Chaplain B.A., Taylor University He was married to Sherri. Children were: Allison WHITEFORD."
P6414,Sherri,,,,,,,P6413,"Math, Physics, post-secondary counselor B.S., Ferris State University She was married to Matthew WHITEFORD. Children were: Allison WHITEFORD."
P6415,Allison WHITEFORD,,,,,P6413,P6414,,Parents: Matthew WHITEFORD and Sherri.
P6416,Dr. Harvey WHITEFORD,,,,,,,,Formerly the World Bank’s head of mental health and nervous system disorders. Hehas now returned to his hometown of Brisbane and recieved an honorary doctorate from Queensland University of Technology.
P6418,Daniel WHITEFORD,,,,,,,,"Dan played his minor hockey for the Cowichan Valley Minor Hockey Association. After ""AAA"" midget, Dan played Jr. ""A"" for the Williams Lake Mustangs and the Castlegar Rebels before returning home to finish his Junior career with the Kerry Park Islanders Jr. Hockey Club where he was selected All-Star defenceman for two consecutive years. Dan is presently a coach and scout for the Kerry Park Islanders and pursuing a career in coaching."
P6419,Clarance WHITEFORD,,,,,,,P6420,was living in 1943.He was married to Mahala VOSHELL.
P6420,Mahala VOSHELL,,,,,,,P6419,She was married to Clarance WHITEFORD .
P6421,Rick WHITEFORD,,,,,,,,"Rick has lived, worked and traveled around the world and spent almost five years in the Arabian Peninsula visiting hundreds of towns and villages from the Iraqi border to the empty quarter. He has worked in Alaska, the Caribbean and South America and has been a world traveler for over 30 years in more than 60 countries on all continents. He's happiest in Southeast Asia among the people of Myanmar, Thailand, Laos and especially Cambodia."
P6422,Larry WHITEFORD,,,,,,,P6423,He was married to Brenda.
P6423,Brenda,,,,,,,P6422,She was married to Larry WHITEFORD.
P6424,Steve WHITEFORD,,,,,,,,"Steve Whiteford, is a professional trainer who expresses a wide range of expertise through several workshops including; Effective Presentation Skills, Conflict Management, Change Management, Outplacement, Customer Service, Team Building / Intervention, and Leadership Development. In addition, he is very effective using his skills as an executive coach, delivering 360' feedback and various assessment instrument results. He has analyzed company wide surveys to recommend appropriate training to max"
P6425,Fiona WHITEFORD,,,,,,,,
P6426,Lindy WHITEFORD,,,,,,,,Actress.
P6427,Andrew Hunter WHITEFORD,,,,,,,,"He was the director of the Logan Museum of Anthropology and is emeritus professor of anthropology at Beloit College. In Santa Fe, he served as research curator at the School of American Research and associate of the Wheelwright Museum of the American Indian."
P6430,Robert WHITEFORD,1761,,Stewarton,,P6428,P6429,,"was born on 13 Aug 1761 in Stewarton, Ayr, Scotland. Parents: William WHITEFORD and Marion WILSON."
P6431,Mary WHITEFORD,1754,,Stewarton,,P6428,P6429,,"was born on 4 Aug 1754 in Stewarton, Ayr, Scotland. Parents: William WHITEFORD and Marion WILSON."
P6433,Margaret WHITEFORD,1765,,Stewarton,,P6428,P6429,,"was born on 22 Jul 1765 in Stewarton, Ayr, Scotland. Parents: William WHITEFORD and Marion WILSON."
P6434,John WHITEFORD,1767,,Stewarton,,P6428,P6429,,"was born on 19 Apr 1767 in Stewarton, Ayr, Scotland. Parents: William WHITEFORD and Marion WILSON."
P6438,Janet WHITEFORD,1758,,Stewarton,,P6428,P6429,,"was born on 3 Aug 1758 in Stewarton, Ayr, Scotland. Parents: William WHITEFORD and Marion WILSON."
P6441,Robert WHITEFORD,,,,,,,P6442,He was married to Janet FEURLEY. Children were: David WHITEFORD.
P6442,Janet FEURLEY,,,,,,,P6441,She was married to Robert WHITEFORD . Children were: David WHITEFORD.
P6443,David WHITEFORD,1775,,Beith,,P6441,P6442,,"was born on 29 Aug 1775 in Beith, Ayrshire, Scotland. Parents: Robert WHITEFORD and Janet FEURLEY."
P6445,Scott W. WHITEFORD,,,,Sociology at the University of Nebraska-Lincoln,,,,"Scott W. Whiteford is a Ph.D. student in Sociology at the University of Nebraska-Lincoln. He received his BA in Sociology from Luther College in 1996 and his MA in Sociology from the University of Nebraska-Lincoln in 2000. His primary research interests include adolescent drug use, adolescent crime and deviance, crime theory, and research methods. He has taught Introduction to Sociology 101, Introduction to Research Methods 205, Sociology of Crime 209, and Drugs and Society 210. He has presented"
P6446,Kate WHITEFORD,,,,,,,,was an Artist in 2001.
P6447,Grant WHITEFORD,,,,large,,,,"Grant has a background in primary school teaching in North Queensland in Australia and in Taranaki and the Thames Valley in New Zealand. He has taught primary students in large and small schools, from new entrants to Year 8. He has spent over 14 years in the primary classroom. Grant has experience in both the State system and the Catholic system here in New Zealand and has been a Principal of a small rural school. He had been a Tutor and Senior Tutor at James Cook University in North Queensland "
P6448,Don WHITEFORD,,,,,,,,"was a Technology Translator in Faraday College, Glasgow, Scotland."
P6449,Dennis WHITEFORD,,,,,,,P6450,He was married to Donna. Children were: Keith WHITEFORD.
P6450,Donna,,,,,,,P6449,She was married to Dennis WHITEFORD. Children were: Keith WHITEFORD.
P6451,Keith WHITEFORD,,,,,P6449,P6450,,Parents: Dennis WHITEFORD and Donna.
P6452,Geraldine WHITEFORD,,1992,,,,,,"I experienced numerous highlights and changes working at the Human Rights Commission over 13 years, under 10 Commissioners, three Chief Commissioners and four Race Relations Conciliators! I began working for the Commission in Wellington in 1987, as a Mediation Officer, investigating complaints of discrimination on grounds of sex, marital status, religion and ethical belief. There were 13 Mediation Officers and in 1988 we dealt with 158 complaints. As well as our complaints work, Mediation Office"
P6453,Justin WHITEFORD,,,,,,,,"was a Teacher in Earhart Middle School, USA."
P6454,Peter WHITEFORD,,,,,,,,"was a Senior Lecturer in Institute of Information Sciences & Technology, Massey University, Wellington, New Zealand."
P6457,Francine WHITEFORD,,,,,,,,"was a Sales Manager in WAOR Radio, South Bend, Indiana, USA."
