"household_type","dwelling","census_place","film","reference_type","reference_volume_or_piece","folio","enumeration_district","page","name","marital_status","age","sex","birthplace","relationship","occupation"
"Dwelling","8 Prussia St","Paisley Low Church, Renfrew, Scotland","0203583","GRO","573",,"62","5","James WHITEFORD","M","87","M","Kilbirnie, Ayr, Scotland","Head","Machine Maker"
"Dwelling","8 Prussia St","Paisley Low Church, Renfrew, Scotland","0203583","GRO","573",,"62","5","Elizabeth WHITEFORD","M","74","F","Inchinnan, Renfrew, Scotland","Wife",""
"Dwelling","8 Prussia St","Paisley Low Church, Renfrew, Scotland","0203583","GRO","573",,"62","5","Thomas PETTEGREW","U","24","M","Paisley, Renfrew, Scotland","Boarder","Dyer"
"Dwelling","11 West Port","Lanark, Lanark, Scotland","0203694","GRO","648",,"4","6","Janet WHITEFORD","W","78","F","Covington, Lanark, Scotland","Head","Pirn Winder"
"Dwelling","New Street","Dalry, Ayr, Scotland","0203595","GRO","587",,"5","10","Robt. HUNTER","M","59","M","Millport, Bute, Scotland","Head","Shoemaker Embroiderer (Master)"
"Dwelling","New Street","Dalry, Ayr, Scotland","0203595","GRO","587",,"5","10","Mary HUNTER","M","51","F","Dalry, Ayr, Scotland","Wife","Shoemakers Wife"
"Dwelling","New Street","Dalry, Ayr, Scotland","0203595","GRO","587",,"5","10","Helen W. HUNTER","U","26","F","Dalry, Ayr, Scotland","Dau","Milliner"
"Dwelling","New Street","Dalry, Ayr, Scotland","0203595","GRO","587",,"5","10","Maggie HUNTER","U","25","F","Dalry, Ayr, Scotland","Dau","Civil Service Telegraph Clerk"
"Dwelling","New Street","Dalry, Ayr, Scotland","0203595","GRO","587",,"5","10","Robt. HUNTER","","15","M","Dalry, Ayr, Scotland","Son","App Baker"
"Dwelling","New Street","Dalry, Ayr, Scotland","0203595","GRO","587",,"5","10","Annie W. P. HUNTER","","9","F","Dalry, Ayr, Scotland","Dau","Scholar"
"Dwelling","New Street","Dalry, Ayr, Scotland","0203595","GRO","587",,"5","10","John DAVIDSON","U","26","M","Dalry, Ayr, Scotland","Boarder","Teacher"
"Dwelling","New Street","Dalry, Ayr, Scotland","0203595","GRO","587",,"5","10","James W. DAVIDSON","","10","M","Dalry, Ayr, Scotland","Boarder","Scholar"
"Dwelling","New Street","Dalry, Ayr, Scotland","0203595","GRO","587",,"5","10","Ann WHITEFORD","W","76","F","Dalry, Ayr, Scotland","Moth In Law","Silk Embroderer"
"Dwelling","Quarry St","Hamilton, Lanark, Scotland","0203693","GRO","647",,"14","11","Janet R. WHITEFORD","W","76","F","Pittenain, Lanark, Scotland","Head","Cowfeeder"
"Dwelling","Quarry St","Hamilton, Lanark, Scotland","0203693","GRO","647",,"14","11","Janet MATHER","","12","F","Hamilton, Lanark, Scotland","Grand Daur","Scholar"
"Dwelling","Quarry St","Hamilton, Lanark, Scotland","0203693","GRO","647",,"14","11","William MARTIN","U","40","M","Larbert, Stirling, Scotland","Visitor","Grocer"
"Dwelling","Quarry St","Hamilton, Lanark, Scotland","0203693","GRO","647",,"14","11","Marrion MARTIN","U","34","F","Lintmains, Stirling, Scotland","Visitor","Grocers Assistant"
"Dwelling","23D Caithness Row","Lanark, Lanark, Scotland","0203694","GRO","648",,"17","4","Margaret WHITEFORD","U","76","F","New Lanark, Lanark, Scotland","Head","Cotton Picker"
"Dwelling","23D Caithness Row","Lanark, Lanark, Scotland","0203694","GRO","648",,"17","4","Elizabeth WHITEFORD","U","64","F","New Lanark, Lanark, Scotland","Sister","Cotton Picker"
"Dwelling","23D Caithness Row","Lanark, Lanark, Scotland","0203694","GRO","648",,"17","4","Janet YOUNG","U","50","F","New Lanark, Lanark, Scotland","Neice","Housekeeper"
"Dwelling","23D Caithness Row","Carnwath, Lanark, Scotland","0203623","GRO","632",,"1","1","Christina WHITFORD","U","76","F","Carnwath, Lanark, Scotland","Head","Formerly Laundress"
"Dwelling","2 Forbes Place Wemyss Bay","Inverkip, Renfrew, Scotland","0203576","GRO","567-1",,"1","2","Hugh BEITH","M","54","M","Inverkip, Renfrew, Scotland","Head","Farm Worker"
"Dwelling","2 Forbes Place Wemyss Bay","Inverkip, Renfrew, Scotland","0203576","GRO","567-1",,"1","2","Ann BEITH","M","53","F","Inverkip, Renfrew, Scotland","Wife",""
"Dwelling","2 Forbes Place Wemyss Bay","Inverkip, Renfrew, Scotland","0203576","GRO","567-1",,"1","2","Ann WHITEFORD","W","75","F","Carmunock, Lanark, Scotland","Mother In Law","Farm Worker"
"Dwelling","Ward Road","West Kilbride, Ayr, Scotland","0203610","GRO","620",,"4","24","Christina WHITEFORD","W","75","F","Campbelton, Argyll, Scotland","Head","Housekeeper"
"Dwelling","Ward Road","West Kilbride, Ayr, Scotland","0203610","GRO","620",,"4","24","Christina WILSON","","9","F","W Kilbride, Ayr, Scotland","G Daur","Scholar"
"Dwelling","Town Head Gabrochill","Stewarton, Ayr, Scotland","0203609","GRO","616",,"1","6","Robert WHITEFORD","M","75","M","Dunlop, Ayr, Scotland","Head","Farmer Of 900 Acres 800 Arable Employs 8 Men 5 Girls 1 Boy"
"Dwelling","Town Head Gabrochill","Stewarton, Ayr, Scotland","0203609","GRO","616",,"1","6","Agnes WHITEFORD","M","70","F","East Kilbride, Lanark, Scotland","Wife",""
"Dwelling","Town Head Gabrochill","Stewarton, Ayr, Scotland","0203609","GRO","616",,"1","6","Alexander WHITEFORD","U","34","M","Neilston, Renfrew, Scotland","Son",""
"Dwelling","Town Head Gabrochill","Stewarton, Ayr, Scotland","0203609","GRO","616",,"1","6","William WHITEFORD","U","32","M","Neilston, Renfrew, Scotland","Son",""
"Dwelling","Town Head Gabrochill","Stewarton, Ayr, Scotland","0203609","GRO","616",,"1","6","Eliza WHITEFORD","","9","F","Neilston, Renfrew, Scotland","Niece","Scholar"
"Dwelling","Town Head Gabrochill","Stewarton, Ayr, Scotland","0203609","GRO","616",,"1","6","Charles L. WILSON","U","20","M","Glasgow, Lanark, Scotland","Boarder","Amateur Farmer"
"Dwelling","Town Head Gabrochill","Stewarton, Ayr, Scotland","0203609","GRO","616",,"1","6","Helen ROY","","13","F","Stewarton, Ayr, Scotland","Serv","Kitchen Maid"
"Dwelling","Town Head Gabrochill","Stewarton, Ayr, Scotland","0203609","GRO","616",,"1","6","Agnes PATERSON","U","20","F","Glasgow, Lanark, Scotland","Serv","Dairy Maid"
"Dwelling","Town Head Gabrochill","Stewarton, Ayr, Scotland","0203609","GRO","616",,"1","6","Mary MITCHEL","U","18","F","Dunlop, Ayr, Scotland","Serv","General Serv"
"Dwelling","Town Head Gabrochill","Stewarton, Ayr, Scotland","0203609","GRO","616",,"1","6","John FULTON","U","21","M","Beith, Ayr, Scotland","Serv","Farm Serv"
"Dwelling","Town Head Gabrochill","Stewarton, Ayr, Scotland","0203609","GRO","616",,"1","6","James MORRISON","U","22","M","Morven, Argyll, Scotland","Serv","Shepherd"
"Dwelling","Bank St","Kilbirnie, Ayr, Scotland","0203600","GRO","596",,"6","29","Robert WHITEFORD","M","74","M","Kilbirnie, Ayr, Scotland","Head","Linen Thread Bleacher"
"Dwelling","Bank St","Kilbirnie, Ayr, Scotland","0203600","GRO","596",,"6","29","Esther WHITEFORD","M","70","F","Kilbirnie, Ayr, Scotland","Wife","(Retired)"
"Dwelling","Bank St","Kilbirnie, Ayr, Scotland","0203600","GRO","596",,"6","29","Maggie WHITEFORD","U","36","F","Kilbirnie, Ayr, Scotland","Daur","Milliner"
"Dwelling","Lennie Port","Cramond, Edinburgh, Scotland","0223986","GRO","679",,"3","8","Edward WHITEFORD","M","72","M","Uphall, Linlithgow, Scotland","Head","Shoemaker Employing 1 Man"
"Dwelling","Lennie Port","Cramond, Edinburgh, Scotland","0223986","GRO","679",,"3","8","Janet WHITEFORD","M","60","F","Torphichen, Linlithgow, Scotland","Wife",""
"Dwelling","Wellgate No 32","Lanark, Lanark, Scotland","0203694","GRO","648",,"9","11","John WHITEFORD","M","72","M","Lanark, Lanark, Scotland","Head","Retired (Labourer)"
"Dwelling","Wellgate No 32","Lanark, Lanark, Scotland","0203694","GRO","648",,"9","11","Agnes F. WHITEFORD","M","70","F","Dalkeith, Edinburgh, Scotland","Wife","Wife Of Retired (Labourer)"
"Dwelling","Wellgate No 32","Lanark, Lanark, Scotland","0203694","GRO","648",,"9","11","Agnes WHITEFORD","U","49","F","Lanark, Lanark, Scotland","Daur","Dressmaker"
"Dwelling","Wellgate No 32","Lanark, Lanark, Scotland","0203694","GRO","648",,"9","11","Agnes F. WHITEFORD","U","18","F","Lanark, Lanark, Scotland","G Daur","Dressmaker"
"Dwelling","Wellgate No 32","Lanark, Lanark, Scotland","0203694","GRO","648",,"9","11","Jane WHITEFORD","U","16","F","Glasgow, Lanark, Scotland","G Daur","Dressmaker (Apprentice)"
"Dwelling","35 High St","Paisley High Church, Renfrew, Scotland","0203581","GRO","573",,"1","5","Finlay FERGUSON","W","74","M","Perth, Perth, Scotland","Head","Weaver (Retired)"
"Dwelling","35 High St","Paisley High Church, Renfrew, Scotland","0203581","GRO","573",,"1","5","Margaret FERGUSON","U","39","F","Paisley, Renfrew, Scotland","Daur","Housekeeper"
"Dwelling","35 High St","Paisley High Church, Renfrew, Scotland","0203581","GRO","573",,"1","5","Mary FERGUSON","U","26","F","Paisley, Renfrew, Scotland","Daur","Pawnbroker Clerk"
"Dwelling","35 High St","Paisley High Church, Renfrew, Scotland","0203581","GRO","573",,"1","5","John FERGUSON","U","37","M","Paisley, Renfrew, Scotland","Son","Pawnbroker"
"Dwelling","35 High St","Paisley High Church, Renfrew, Scotland","0203581","GRO","573",,"1","5","Margaret WHITEFORD","W","72","F","Perth, Perth, Scotland","Visitor","Bible Reader"
"Dwelling","35 High St","Paisley High Church, Renfrew, Scotland","0203581","GRO","573",,"1","5","John FERGUSON","U","70","M","Perth, Perth, Scotland","Visitor","Coachman (Retired)"
"Dwelling","Schoolwynd St","Kilbirnie, Ayr, Scotland","0203600","GRO","596",,"5","3","Margaret WHITEFORD","U","71","F","Kilbirnie, Ayr, Scotland","Head","House Keeper"
"Dwelling","18 Wellington St","West Greenock, Renfrew, Scotland","0203570","GRO","564-1",,"23","12","Margaret WHITEFORD","W","71","F","Ayr, Ayr, Scotland","Head",""
"Dwelling","18 Wellington St","West Greenock, Renfrew, Scotland","0203570","GRO","564-1",,"23","12","Alex Farquhar COWAN","U","24","M","England","Grandson","Joiner"
"Dwelling","Slap Patersons Building","Corstorphine, Edinburgh, Scotland","0223985","GRO","678",,"1","21","Isabella WHITEFORD","U","70","F","Broxburn, Linlithgow, Scotland","Head","Worker In Gardens"
"Dwelling","Braehead","Kilmaurs, Ayr, Scotland","0203603","GRO","598",,"5","4","James WHITEFORD","M","70","M","Dunlop, Ayr, Scotland","Head","Farmer Of 17 Acres Arable Employ 1 Girl"
"Dwelling","Braehead","Kilmaurs, Ayr, Scotland","0203603","GRO","598",,"5","4","Janet WHITEFORD","M","42","F","Old Cumnock, Ayr, Scotland","Wife","Farmers Wife"
"Dwelling","Braehead","Kilmaurs, Ayr, Scotland","0203603","GRO","598",,"5","4","Elizabeth Muir WHITEFORD","","9","F","Monkton, Ayr, Scotland","Daur","Scholar"
"Dwelling","Braehead","Kilmaurs, Ayr, Scotland","0203603","GRO","598",,"5","4","Agnes DRYSDALE","U","15","F","Riccarton, Ayr, Scotland","Servant","Farm Servant"
"Dwelling","Glasgow St","Kilbirnie, Ayr, Scotland","0203600","GRO","596",,"5","32","Joseph WHITEFORD","W","70","M","Kilbirnie, Ayr, Scotland","Head","Worsted Weaver"
"Institution","""The Model Lodging House"" 28 Mc Alpine Street","Glasgow, Lanark, Scotland","0203655","GRO","644-7",,"73","1","James WILSON","M","48","M","Glasgow, Lanark, Scotland","Head","Superintendant Of Model Lodging House"
"Institution","""The Model Lodging House"" 28 Mc Alpine Street","Glasgow, Lanark, Scotland","0203655","GRO","644-7",,"73","1","Easter WILSON","M","48","F","Glasgow, Lanark, Scotland","Wife",""
"Institution","""The Model Lodging House"" 28 Mc Alpine Street","Glasgow, Lanark, Scotland","0203655","GRO","644-7",,"73","1","Euphemia WILSON","U","18","F","Glasgow, Lanark, Scotland","Daur","Provision Shop Keeper"
"Institution","""The Model Lodging House"" 28 Mc Alpine Street","Glasgow, Lanark, Scotland","0203655","GRO","644-7",,"73","1","Margaret WILSON","U","16","F","Glasgow, Lanark, Scotland","Daur","Assistant Matron"
"Institution","""The Model Lodging House"" 28 Mc Alpine Street","Glasgow, Lanark, Scotland","0203655","GRO","644-7",,"73","1","Jane WILSON","U","14","F","Shotts, Lanark, Scotland","Daur","Sewing Machinist"
"Institution","""The Model Lodging House"" 28 Mc Alpine Street","Glasgow, Lanark, Scotland","0203655","GRO","644-7",,"73","1","Jessie WILSON","U","12","F","Shotts, Lanark, Scotland","Daur","Scholar"
"Institution","""The Model Lodging House"" 28 Mc Alpine Street","Glasgow, Lanark, Scotland","0203655","GRO","644-7",,"73","1","James DOWNIE","W","48","M","Aberdeen, Aberdeen, Scotland","Lodger","Warder In Model Lodging House"
"Institution","""The Model Lodging House"" 28 Mc Alpine Street","Glasgow, Lanark, Scotland","0203655","GRO","644-7",,"73","1","William CASSIDY","W","65","M","Ireland","Lodger	Handicap: Deaf And Dumb","Assistant In Scullery"
"Institution","""The Model Lodging House"" 28 Mc Alpine Street","Glasgow, Lanark, Scotland","0203655","GRO","644-7",,"73","1","William James DOWNIE","U","19","M","India","Lodger","Warder In Lodging House"
"Institution","""The Model Lodging House"" 28 Mc Alpine Street","Glasgow, Lanark, Scotland","0203655","GRO","644-7",,"73","1","Duncan BELL","W","78","M","Glasgow, Lanark, Scotland","Lodger","Coal Porter"
"Institution","""The Model Lodging House"" 28 Mc Alpine Street","Glasgow, Lanark, Scotland","0203655","GRO","644-7",,"73","1","Charles PANTER","M","65","M","Edinburgh, Scotland","Lodger","Painter House"
"Institution","""The Model Lodging House"" 28 Mc Alpine Street","Glasgow, Lanark, Scotland","0203655","GRO","644-7",,"73","1","John DEWAR","W","64","M","Campbeltown, Argyll, Scotland","Lodger","Goods Measurer"
"Institution","""The Model Lodging House"" 28 Mc Alpine Street","Glasgow, Lanark, Scotland","0203655","GRO","644-7",,"73","1","John MC CORMACK","U","27","M","Ireland","Lodger","Tailor"
"Institution","""The Model Lodging House"" 28 Mc Alpine Street","Glasgow, Lanark, Scotland","0203655","GRO","644-7",,"73","1","John HUTCHISON","W","52","M","Ireland","Lodger","Commission Agent"
"Institution","""The Model Lodging House"" 28 Mc Alpine Street","Glasgow, Lanark, Scotland","0203655","GRO","644-7",,"73","1","Moses YUILL","U","51","M","Dunipace, Stirling, Scotland","Lodger","Warehouseman"
"Institution","""The Model Lodging House"" 28 Mc Alpine Street","Glasgow, Lanark, Scotland","0203655","GRO","644-7",,"73","1","John ROBB","U","27","M","Glasgow, Renfrew, Scotland","Lodger","Clerk & Book Keeper"
"Institution","""The Model Lodging House"" 28 Mc Alpine Street","Glasgow, Lanark, Scotland","0203655","GRO","644-7",,"73","1","Andrew M. HAMILTON","U","61","M","Kilmarnock, Ayr, Scotland","Lodger","Assistant Water Surveyor"
"Institution","""The Model Lodging House"" 28 Mc Alpine Street","Glasgow, Lanark, Scotland","0203655","GRO","644-7",,"73","1","Andrew LAWSON","U","21","M","Thornliebank, Renfrew, Scotland","Lodger","Tailor"
"Institution","""The Model Lodging House"" 28 Mc Alpine Street","Glasgow, Lanark, Scotland","0203655","GRO","644-7",,"73","1","Duncan BUCHANAN","U","25","M","Skye, Inverness, Scotland","Lodger","Labourer In Foundry"
"Institution","""The Model Lodging House"" 28 Mc Alpine Street","Glasgow, Lanark, Scotland","0203655","GRO","644-7",,"73","1","Douglas WATT","M","45","M","Glasgow, Lanark, Scotland","Lodger","Grain Sorter"
"Institution","""The Model Lodging House"" 28 Mc Alpine Street","Glasgow, Lanark, Scotland","0203655","GRO","644-7",,"73","1","Thomas WATT","U","10","M","Glasgow, Lanark, Scotland","Lodger","Scholar"
"Institution","""The Model Lodging House"" 28 Mc Alpine Street","Glasgow, Lanark, Scotland","0203655","GRO","644-7",,"73","1","John MILL","U","29","M","Glasgow, Lanark, Scotland","Lodger","Bricklayer"
"Institution","""The Model Lodging House"" 28 Mc Alpine Street","Glasgow, Lanark, Scotland","0203655","GRO","644-7",,"73","1","Robert HENDRY","U","40","M","Ardrossan, Ayr, Scotland","Lodger","Labourer At Harbour"
"Institution","""The Model Lodging House"" 28 Mc Alpine Street","Glasgow, Lanark, Scotland","0203655","GRO","644-7",,"73","1","John MC DONALD","U","37","M","Glasgow, Lanark, Scotland","Lodger","Architect"
"Institution","""The Model Lodging House"" 28 Mc Alpine Street","Glasgow, Lanark, Scotland","0203655","GRO","644-7",,"73","1","Neal MATHIESON","U","47","M","Campbelton, Argyll, Scotland","Lodger","Grain Sorter"
"Institution","""The Model Lodging House"" 28 Mc Alpine Street","Glasgow, Lanark, Scotland","0203655","GRO","644-7",,"73","1","Robert R. FLEMING","U","21","M","Ireland","Lodger","Drapers Assistant"
"Institution","""The Model Lodging House"" 28 Mc Alpine Street","Glasgow, Lanark, Scotland","0203655","GRO","644-7",,"73","1","Robert WILSON","U","55","M","Canada","Lodger","Provision Salesman"
"Institution","""The Model Lodging House"" 28 Mc Alpine Street","Glasgow, Lanark, Scotland","0203655","GRO","644-7",,"73","1","Harry MOIR","U","37","M","Glasgow, Lanark, Scotland","Lodger","Engraver"
"Institution","""The Model Lodging House"" 28 Mc Alpine Street","Glasgow, Lanark, Scotland","0203655","GRO","644-7",,"73","1","William GLEN","U","31","M","Linlithgow, Scotland","Lodger","Journalist"
"Institution","""The Model Lodging House"" 28 Mc Alpine Street","Glasgow, Lanark, Scotland","0203655","GRO","644-7",,"73","1","George ROBERTSON","U","30","M","Edinburgh, Scotland","Lodger","Engine Fitter"
"Institution","""The Model Lodging House"" 28 Mc Alpine Street","Glasgow, Lanark, Scotland","0203655","GRO","644-7",,"73","1","James DOCHERTY","U","35","M","Ireland","Lodger","Labourer At Harbour"
"Institution","""The Model Lodging House"" 28 Mc Alpine Street","Glasgow, Lanark, Scotland","0203655","GRO","644-7",,"73","1","James PINKSTONE","W","47","M","Duntocher, Dunbarton, Scotland","Lodger","Carter"
"Institution","""The Model Lodging House"" 28 Mc Alpine Street","Glasgow, Lanark, Scotland","0203655","GRO","644-7",,"73","1","William CRAWFORD","U","53","M","Camline, Stirling, Scotland","Lodger","Biscuit Packer"
"Institution","""The Model Lodging House"" 28 Mc Alpine Street","Glasgow, Lanark, Scotland","0203655","GRO","644-7",,"73","1","Alexander ANDREW","U","38","M","Kirkoswald, Ayr, Scotland","Lodger","Law Clerk"
"Institution","""The Model Lodging House"" 28 Mc Alpine Street","Glasgow, Lanark, Scotland","0203655","GRO","644-7",,"73","1","William PEARSON","U","27","M","Dumfries, Dumfries, Scotland","Lodger","Cabinetmaker"
"Institution","""The Model Lodging House"" 28 Mc Alpine Street","Glasgow, Lanark, Scotland","0203655","GRO","644-7",,"73","1","Duncan MC INTYRE","U","34","M","Lochgilphead, Argyll, Scotland","Lodger","Joiner"
"Institution","""The Model Lodging House"" 28 Mc Alpine Street","Glasgow, Lanark, Scotland","0203655","GRO","644-7",,"73","1","William MC KAY","W","58","M","Raey, Caithness, Scotland","Lodger","Porter"
"Institution","""The Model Lodging House"" 28 Mc Alpine Street","Glasgow, Lanark, Scotland","0203655","GRO","644-7",,"73","1","Hugh KENNEDY","W","49","M","Glasgow, Lanark, Scotland","Lodger","Hammerman"
"Institution","""The Model Lodging House"" 28 Mc Alpine Street","Glasgow, Lanark, Scotland","0203655","GRO","644-7",,"73","1","John GRIFFIN","W","55","M","Ireland","Lodger","Quay Labourer"
"Institution","""The Model Lodging House"" 28 Mc Alpine Street","Glasgow, Lanark, Scotland","0203655","GRO","644-7",,"73","1","James SMITH","W","30","M","Ireland","Lodger","Hammerman"
"Institution","""The Model Lodging House"" 28 Mc Alpine Street","Glasgow, Lanark, Scotland","0203655","GRO","644-7",,"73","1","Hugh DAILLY","W","54","M","Ireland","Lodger","Quay Labourer"
"Institution","""The Model Lodging House"" 28 Mc Alpine Street","Glasgow, Lanark, Scotland","0203655","GRO","644-7",,"73","1","James MC DONALD","U","31","M","Barrow In Furness","Lodger","Quay Labourer"
"Institution","""The Model Lodging House"" 28 Mc Alpine Street","Glasgow, Lanark, Scotland","0203655","GRO","644-7",,"73","1","Robert MC LAGAN","U","31","M","Edinburgh, Scotland","Lodger","Window Cleaner"
"Institution","""The Model Lodging House"" 28 Mc Alpine Street","Glasgow, Lanark, Scotland","0203655","GRO","644-7",,"73","1","Neil MC LELLAN","U","34","M","Forgandenny, Perth, Scotland","Lodger","Quay Labourer"
"Institution","""The Model Lodging House"" 28 Mc Alpine Street","Glasgow, Lanark, Scotland","0203655","GRO","644-7",,"73","1","John PATERSON","U","35","M","Rosewark, Argyll, Scotland","Lodger","Quay Labourer"
"Institution","""The Model Lodging House"" 28 Mc Alpine Street","Glasgow, Lanark, Scotland","0203655","GRO","644-7",,"73","1","David HAMILTON","M","45","M","Lanark, Lanark, Scotland","Lodger","Quay Labourer"
"Institution","""The Model Lodging House"" 28 Mc Alpine Street","Glasgow, Lanark, Scotland","0203655","GRO","644-7",,"73","1","David MC CRORIE","M","50","M","Alloa, Clackmannan, Scotland","Lodger","Quay Labourer"
"Institution","""The Model Lodging House"" 28 Mc Alpine Street","Glasgow, Lanark, Scotland","0203655","GRO","644-7",,"73","1","John MARTIN","U","66","M","Glasgow, Lanark, Scotland","Lodger","Shoemaker"
"Institution","""The Model Lodging House"" 28 Mc Alpine Street","Glasgow, Lanark, Scotland","0203655","GRO","644-7",,"73","1","James GRIFFIN","U","17","M","Greenock, Renfrew, Scotland","Lodger","Quay Labourer"
"Institution","""The Model Lodging House"" 28 Mc Alpine Street","Glasgow, Lanark, Scotland","0203655","GRO","644-7",,"73","1","William FENTON","U","32","M","Ireland","Lodger","Iron Turner"
"Institution","""The Model Lodging House"" 28 Mc Alpine Street","Glasgow, Lanark, Scotland","0203655","GRO","644-7",,"73","1","John BOYD","U","32","M","Ireland","Lodger","Joiner"
"Institution","""The Model Lodging House"" 28 Mc Alpine Street","Glasgow, Lanark, Scotland","0203655","GRO","644-7",,"73","1","James MURRAY","U","28","M","Ireland","Lodger","Iron Turner"
"Institution","""The Model Lodging House"" 28 Mc Alpine Street","Glasgow, Lanark, Scotland","0203655","GRO","644-7",,"73","1","Cornelius MURPHY","U","38","M","Ireland","Lodger","Quay Labourer"
"Institution","""The Model Lodging House"" 28 Mc Alpine Street","Glasgow, Lanark, Scotland","0203655","GRO","644-7",,"73","1","William DILLANEY","U","37","M","Ireland","Lodger","Quay Labourer"
"Institution","""The Model Lodging House"" 28 Mc Alpine Street","Glasgow, Lanark, Scotland","0203655","GRO","644-7",,"73","1","Thomas KANES","U","54","M","Ireland","Lodger","Cabinetmaker"
"Institution","""The Model Lodging House"" 28 Mc Alpine Street","Glasgow, Lanark, Scotland","0203655","GRO","644-7",,"73","1","Henry MC MENEMY","U","52","M","Glasgow, Lanark, Scotland","Lodger","Coal Porter"
"Institution","""The Model Lodging House"" 28 Mc Alpine Street","Glasgow, Lanark, Scotland","0203655","GRO","644-7",,"73","1","Walter STEWART","U","45","M","Glasgow, Lanark, Scotland","Lodger","Masons Labourer"
"Institution","""The Model Lodging House"" 28 Mc Alpine Street","Glasgow, Lanark, Scotland","0203655","GRO","644-7",,"73","1","George MARTIN","U","22","M","Troon, Ayr, Scotland","Lodger","General Labourer"
"Institution","""The Model Lodging House"" 28 Mc Alpine Street","Glasgow, Lanark, Scotland","0203655","GRO","644-7",,"73","1","Hugh MC LELLAN","U","24","M","Glasgow, Lanark, Scotland","Lodger","Quay Labourer"
"Institution","""The Model Lodging House"" 28 Mc Alpine Street","Glasgow, Lanark, Scotland","0203655","GRO","644-7",,"73","1","Joseph GIBBON","U","45","M","England","Lodger","Boiler Maker"
"Institution","""The Model Lodging House"" 28 Mc Alpine Street","Glasgow, Lanark, Scotland","0203655","GRO","644-7",,"73","1","William MURRAY","U","32","M","Govan, Lanark, Scotland","Lodger","Engine Keeper"
"Institution","""The Model Lodging House"" 28 Mc Alpine Street","Glasgow, Lanark, Scotland","0203655","GRO","644-7",,"73","1","George TAIT","U","44","M","Barrow, Sunderland, Durham, England","Lodger","Quay Labourer"
"Institution","""The Model Lodging House"" 28 Mc Alpine Street","Glasgow, Lanark, Scotland","0203655","GRO","644-7",,"73","1","Patrick MC CONVILLE","U","22","M","Ireland","Lodger","House Painter"
"Institution","""The Model Lodging House"" 28 Mc Alpine Street","Glasgow, Lanark, Scotland","0203655","GRO","644-7",,"73","1","James SLOAN","U","72","M","Ireland","Lodger","Quay Labourer"
"Institution","""The Model Lodging House"" 28 Mc Alpine Street","Glasgow, Lanark, Scotland","0203655","GRO","644-7",,"73","1","John GOURLAY","W","61","M","Ireland","Lodger","Quay Labourer"
"Institution","""The Model Lodging House"" 28 Mc Alpine Street","Glasgow, Lanark, Scotland","0203655","GRO","644-7",,"73","1","James ROBERTS","M","27","M","United States","Lodger","Labourer"
"Institution","""The Model Lodging House"" 28 Mc Alpine Street","Glasgow, Lanark, Scotland","0203655","GRO","644-7",,"73","1","James MC PHERSON","U","20","M","Greenock, Renfrew, Scotland","Lodger","Warehouseman"
"Institution","""The Model Lodging House"" 28 Mc Alpine Street","Glasgow, Lanark, Scotland","0203655","GRO","644-7",,"73","1","James DOCHERTY","W","44","M","Ireland","Lodger","Quay Labourer"
"Institution","""The Model Lodging House"" 28 Mc Alpine Street","Glasgow, Lanark, Scotland","0203655","GRO","644-7",,"73","1","Robert FINDLAY","U","21","M","New Kilpatrick, Dunbarton, Scotland","Lodger","Carter"
"Institution","""The Model Lodging House"" 28 Mc Alpine Street","Glasgow, Lanark, Scotland","0203655","GRO","644-7",,"73","1","James DUFFY","U","53","M","Ireland","Lodger","Quay Labourer"
"Institution","""The Model Lodging House"" 28 Mc Alpine Street","Glasgow, Lanark, Scotland","0203655","GRO","644-7",,"73","1","George MC DONALD","W","20","M","Bellevit, Nairn, Scotland","Lodger","Blacksmith"
"Institution","""The Model Lodging House"" 28 Mc Alpine Street","Glasgow, Lanark, Scotland","0203655","GRO","644-7",,"73","1","John FORSYTH","W","75","M","Old Kilpatrick, Dunbarton, Scotland","Lodger","Quay Labourer"
"Institution","""The Model Lodging House"" 28 Mc Alpine Street","Glasgow, Lanark, Scotland","0203655","GRO","644-7",,"73","1","George MATHIESON","U","28","M","Glasgow, Lanark, Scotland","Lodger","Sewing Machine Maker"
"Institution","""The Model Lodging House"" 28 Mc Alpine Street","Glasgow, Lanark, Scotland","0203655","GRO","644-7",,"73","1","George NEIL","U","21","M","Ireland","Lodger","Quay Labourer"
"Institution","""The Model Lodging House"" 28 Mc Alpine Street","Glasgow, Lanark, Scotland","0203655","GRO","644-7",,"73","1","Hugh MC DOUGALL","W","50","M","Mull, Argyll, Scotland","Lodger","Quay Labourer"
"Institution","""The Model Lodging House"" 28 Mc Alpine Street","Glasgow, Lanark, Scotland","0203655","GRO","644-7",,"73","1","George MC MILLAN","U","55","M","Ireland","Lodger","Quay Labourer"
"Institution","""The Model Lodging House"" 28 Mc Alpine Street","Glasgow, Lanark, Scotland","0203655","GRO","644-7",,"73","1","Francis KERR","U","58","M","Ireland","Lodger","Quay Labourer"
"Institution","""The Model Lodging House"" 28 Mc Alpine Street","Glasgow, Lanark, Scotland","0203655","GRO","644-7",,"73","1","George MC GOWAN","W","45","M","Glasgow, Lanark, Scotland","Lodger","Hammerman"
"Institution","""The Model Lodging House"" 28 Mc Alpine Street","Glasgow, Lanark, Scotland","0203655","GRO","644-7",,"73","1","John MC DONALD","U","30","M","Houston, Renfrew, Scotland","Lodger","Quay Labourer"
"Institution","""The Model Lodging House"" 28 Mc Alpine Street","Glasgow, Lanark, Scotland","0203655","GRO","644-7",,"73","1","John FERGUSON","U","36","M","Campsie, Stirling, Scotland","Lodger","Quay Labourer"
"Institution","""The Model Lodging House"" 28 Mc Alpine Street","Glasgow, Lanark, Scotland","0203655","GRO","644-7",,"73","1","Edward CAIRNS","U","34","M","Ireland","Lodger","Painter"
"Institution","""The Model Lodging House"" 28 Mc Alpine Street","Glasgow, Lanark, Scotland","0203655","GRO","644-7",,"73","1","Daniel FORSYTH","U","27","M","Springburn, Lanark, Scotland","Lodger","Coal Porter"
"Institution","""The Model Lodging House"" 28 Mc Alpine Street","Glasgow, Lanark, Scotland","0203655","GRO","644-7",,"73","1","John MC GOWAN","U","17","M","Paisley, Renfrew, Scotland","Lodger","Carter"
"Institution","""The Model Lodging House"" 28 Mc Alpine Street","Glasgow, Lanark, Scotland","0203655","GRO","644-7",,"73","1","John MC KAY","W","62","M","Glasgow, Lanark, Scotland","Lodger","Quay Labourer"
"Institution","""The Model Lodging House"" 28 Mc Alpine Street","Glasgow, Lanark, Scotland","0203655","GRO","644-7",,"73","1","Philip MC KAY","U","22","M","Glasgow, Lanark, Scotland","Lodger","Quay Labourer"
"Institution","""The Model Lodging House"" 28 Mc Alpine Street","Glasgow, Lanark, Scotland","0203655","GRO","644-7",,"73","1","William GILBERT","W","59","M","Aberdeen, Aberdeen, Scotland","Lodger","Quay Labourer"
"Institution","""The Model Lodging House"" 28 Mc Alpine Street","Glasgow, Lanark, Scotland","0203655","GRO","644-7",,"73","1","Peter MC NAB","U","51","M","Duntocher, Dunbarton, Scotland","Lodger","Hammerman"
"Institution","""The Model Lodging House"" 28 Mc Alpine Street","Glasgow, Lanark, Scotland","0203655","GRO","644-7",,"73","1","John MURRAY","U","26","M","Ireland","Lodger","Quay Labourer"
"Institution","""The Model Lodging House"" 28 Mc Alpine Street","Glasgow, Lanark, Scotland","0203655","GRO","644-7",,"73","1","Thomas CHARLETON","U","44","M","North Shields, Northumberland, England","Lodger","Quay Labourer"
"Institution","""The Model Lodging House"" 28 Mc Alpine Street","Glasgow, Lanark, Scotland","0203655","GRO","644-7",,"73","1","James DICKSON","U","50","M","Glasgow, Lanark, Scotland","Lodger","Quay Labourer"
"Institution","""The Model Lodging House"" 28 Mc Alpine Street","Glasgow, Lanark, Scotland","0203655","GRO","644-7",,"73","1","George TROTTER","U","30","M","Kelso, Roxburgh, Scotland","Lodger","Quay Labourer"
"Institution","""The Model Lodging House"" 28 Mc Alpine Street","Glasgow, Lanark, Scotland","0203655","GRO","644-7",,"73","1","Alexander WILSON","U","30","M","Paisley, Renfrew, Scotland","Lodger","Quay Labourer"
"Institution","""The Model Lodging House"" 28 Mc Alpine Street","Glasgow, Lanark, Scotland","0203655","GRO","644-7",,"73","1","James GRANT","U","36","M","Ireland","Lodger","Fireman In Boats"
"Institution","""The Model Lodging House"" 28 Mc Alpine Street","Glasgow, Lanark, Scotland","0203655","GRO","644-7",,"73","1","James CARROLL","U","23","M","Glasgow, Lanark, Scotland","Lodger","Coal Porter"
"Institution","""The Model Lodging House"" 28 Mc Alpine Street","Glasgow, Lanark, Scotland","0203655","GRO","644-7",,"73","1","James CAMPBELL","M","34","M","Dumbarton, Dunbarton, Scotland","Lodger","Fireman In Boats"
"Institution","""The Model Lodging House"" 28 Mc Alpine Street","Glasgow, Lanark, Scotland","0203655","GRO","644-7",,"73","1","Hugh WHITEFORD","U","69","M","Paisley, Renfrew, Scotland","Lodger","General Naler"
"Institution","""The Model Lodging House"" 28 Mc Alpine Street","Glasgow, Lanark, Scotland","0203655","GRO","644-7",,"73","1","Michael MC CLURE","U","28","M","Ireland","Lodger","Quay Labourer"
"Institution","""The Model Lodging House"" 28 Mc Alpine Street","Glasgow, Lanark, Scotland","0203655","GRO","644-7",,"73","1","Charles MC FADYEN","U","22","M","Ireland","Lodger","Quay Labourer"
"Institution","""The Model Lodging House"" 28 Mc Alpine Street","Glasgow, Lanark, Scotland","0203655","GRO","644-7",,"73","1","Hugh URQUHART","U","32","M","Aberdeen, Aberdeen, Scotland","Lodger","Joiner"
"Institution","""The Model Lodging House"" 28 Mc Alpine Street","Glasgow, Lanark, Scotland","0203655","GRO","644-7",,"73","1","William DOCHERTY","U","35","M","Ireland","Lodger","Quay Labourer"
"Institution","""The Model Lodging House"" 28 Mc Alpine Street","Glasgow, Lanark, Scotland","0203655","GRO","644-7",,"73","1","Robert MURRAY","U","24","M","Ireland","Lodger","Quay Labourer"
"Institution","""The Model Lodging House"" 28 Mc Alpine Street","Glasgow, Lanark, Scotland","0203655","GRO","644-7",,"73","1","Hugh MC GUINES","U","30","M","Ireland","Lodger","Carter"
"Institution","""The Model Lodging House"" 28 Mc Alpine Street","Glasgow, Lanark, Scotland","0203655","GRO","644-7",,"73","1","Patrick HAMMOND","U","50","M","Ireland","Lodger","Quay Labourer"
"Institution","""The Model Lodging House"" 28 Mc Alpine Street","Glasgow, Lanark, Scotland","0203655","GRO","644-7",,"73","1","Thomas ROBERTSON","U","26","M","Ireland","Lodger","Quay Labourer"
"Institution","""The Model Lodging House"" 28 Mc Alpine Street","Glasgow, Lanark, Scotland","0203655","GRO","644-7",,"73","1","James GORDON","W","31","M","Glasgow, Lanark, Scotland","Lodger","Rivetter"
"Institution","""The Model Lodging House"" 28 Mc Alpine Street","Glasgow, Lanark, Scotland","0203655","GRO","644-7",,"73","1","James THOMSON","U","36","M","Ireland","Lodger","Labourer At Harbour"
"Institution","""The Model Lodging House"" 28 Mc Alpine Street","Glasgow, Lanark, Scotland","0203655","GRO","644-7",,"73","1","Edward ELIVID","M","35","M","France","Lodger","Sailor"
"Institution","""The Model Lodging House"" 28 Mc Alpine Street","Glasgow, Lanark, Scotland","0203655","GRO","644-7",,"73","1","Charles CAIRNS","U","30","M","Ireland","Lodger","Quay Labourer"
"Institution","""The Model Lodging House"" 28 Mc Alpine Street","Glasgow, Lanark, Scotland","0203655","GRO","644-7",,"73","1","Patrick KERR","M","39","M","Ireland","Lodger","Quay Labourer"
"Institution","""The Model Lodging House"" 28 Mc Alpine Street","Glasgow, Lanark, Scotland","0203655","GRO","644-7",,"73","1","Henry DUNCAN","U","35","M","Glasgow, Lanark, Scotland","Lodger","Hammerman"
"Institution","""The Model Lodging House"" 28 Mc Alpine Street","Glasgow, Lanark, Scotland","0203655","GRO","644-7",,"73","1","Malcolm MC GREGOR","U","55","M","Kilbrennan, Argyll, Scotland","Lodger","Quay Labourer"
"Institution","""The Model Lodging House"" 28 Mc Alpine Street","Glasgow, Lanark, Scotland","0203655","GRO","644-7",,"73","1","John MC CLYMONT","U","29","M","Irvine, Ayr, Scotland","Lodger","Quay Labourer"
"Institution","""The Model Lodging House"" 28 Mc Alpine Street","Glasgow, Lanark, Scotland","0203655","GRO","644-7",,"73","1","James MC INDOE","U","43","M","Glasgow, Lanark, Scotland","Lodger","Chimney Sweep"
"Institution","""The Model Lodging House"" 28 Mc Alpine Street","Glasgow, Lanark, Scotland","0203655","GRO","644-7",,"73","1","Charlie BOYLE","U","31","M","Houston, Renfrew, Scotland","Lodger","Carter"
"Institution","""The Model Lodging House"" 28 Mc Alpine Street","Glasgow, Lanark, Scotland","0203655","GRO","644-7",,"73","1","Robert THOMSON","U","25","M","Ayr, Ayr, Scotland","Lodger","Tailor"
"Institution","""The Model Lodging House"" 28 Mc Alpine Street","Glasgow, Lanark, Scotland","0203655","GRO","644-7",,"73","1","John BLUE","U","35","M","Greenock, Renfrew, Scotland","Lodger","Ship Carpenter"
"Institution","""The Model Lodging House"" 28 Mc Alpine Street","Glasgow, Lanark, Scotland","0203655","GRO","644-7",,"73","1","John MC KUNION","U","18","M","Glasgow, Lanark, Scotland","Lodger","Baker"
"Institution","""The Model Lodging House"" 28 Mc Alpine Street","Glasgow, Lanark, Scotland","0203655","GRO","644-7",,"73","1","Alexander RODGERS","U","19","M","Ireland","Lodger","Quay Labourer"
"Institution","""The Model Lodging House"" 28 Mc Alpine Street","Glasgow, Lanark, Scotland","0203655","GRO","644-7",,"73","1","George MC GARRIGAN","U","21","M","Ireland","Lodger","Quay Labourer"
"Institution","""The Model Lodging House"" 28 Mc Alpine Street","Glasgow, Lanark, Scotland","0203655","GRO","644-7",,"73","1","David FINDLAY","U","16","M","Coatbridge, Lanark, Scotland","Lodger","Stable Man"
"Institution","""The Model Lodging House"" 28 Mc Alpine Street","Glasgow, Lanark, Scotland","0203655","GRO","644-7",,"73","1","John WILSON","U","50","M","Paisley, Renfrew, Scotland","Lodger","Quay Labourer"
"Institution","""The Model Lodging House"" 28 Mc Alpine Street","Glasgow, Lanark, Scotland","0203655","GRO","644-7",,"73","1","James TURNBULL","U","52","M","England","Lodger","Quay Labourer"
"Institution","""The Model Lodging House"" 28 Mc Alpine Street","Glasgow, Lanark, Scotland","0203655","GRO","644-7",,"73","1","Nixon MC WILLIAMS","U","28","M","Ayr, Ayr, Scotland","Lodger","Quay Labourer"
"Institution","""The Model Lodging House"" 28 Mc Alpine Street","Glasgow, Lanark, Scotland","0203655","GRO","644-7",,"73","1","James THOMSON","U","36","M","Stranraer, Wigtown, Scotland","Lodger","Coal Porter"
"Institution","""The Model Lodging House"" 28 Mc Alpine Street","Glasgow, Lanark, Scotland","0203655","GRO","644-7",,"73","1","William THOMSON","U","26","M","England","Lodger","French Polisher"
"Institution","""The Model Lodging House"" 28 Mc Alpine Street","Glasgow, Lanark, Scotland","0203655","GRO","644-7",,"73","1","Richard HOLMS","U","46","M","Glasgow, Lanark, Scotland","Lodger","Hammerman"
"Institution","""The Model Lodging House"" 28 Mc Alpine Street","Glasgow, Lanark, Scotland","0203655","GRO","644-7",,"73","1","John DADE","U","50","M","Glasgow, Lanark, Scotland","Lodger","Grain Porter"
"Institution","""The Model Lodging House"" 28 Mc Alpine Street","Glasgow, Lanark, Scotland","0203655","GRO","644-7",,"73","1","Francis BROWN","U","36","M","Kilmarnock, Ayr, Scotland","Lodger","Quay Labourer"
"Institution","""The Model Lodging House"" 28 Mc Alpine Street","Glasgow, Lanark, Scotland","0203655","GRO","644-7",,"73","1","William RENNIE","U","60","M","Campsie, Stirling, Scotland","Lodger","Block Cutter"
"Institution","""The Model Lodging House"" 28 Mc Alpine Street","Glasgow, Lanark, Scotland","0203655","GRO","644-7",,"73","1","David MC DOUGALL","U","57","M","Glasgow, Lanark, Scotland","Lodger","Pastry Baker"
"Institution","""The Model Lodging House"" 28 Mc Alpine Street","Glasgow, Lanark, Scotland","0203655","GRO","644-7",,"73","1","Michael DAILLY","M","45","M","Ireland","Lodger","Tailor"
"Institution","""The Model Lodging House"" 28 Mc Alpine Street","Glasgow, Lanark, Scotland","0203655","GRO","644-7",,"73","1","Walter MARSHALL","U","31","M","Glasgow, Lanark, Scotland","Lodger","Bath Attendant"
"Institution","""The Model Lodging House"" 28 Mc Alpine Street","Glasgow, Lanark, Scotland","0203655","GRO","644-7",,"73","1","John PEARSON","M","56","M","Glasgow, Lanark, Scotland","Lodger","Chimney Sweep"
"Institution","""The Model Lodging House"" 28 Mc Alpine Street","Glasgow, Lanark, Scotland","0203655","GRO","644-7",,"73","1","John MC DONALD","U","20","M","Greenock, Lanark, Scotland","Lodger","Carter"
"Institution","""The Model Lodging House"" 28 Mc Alpine Street","Glasgow, Lanark, Scotland","0203655","GRO","644-7",,"73","1","William PATON","U","38","M","Glasgow, Lanark, Scotland","Lodger","Quay Labourer"
"Institution","""The Model Lodging House"" 28 Mc Alpine Street","Glasgow, Lanark, Scotland","0203655","GRO","644-7",,"73","1","John MC CALL","U","21","M","Glasgow, Lanark, Scotland","Lodger","Venitian Blind Maker"
"Institution","""The Model Lodging House"" 28 Mc Alpine Street","Glasgow, Lanark, Scotland","0203655","GRO","644-7",,"73","1","John BURN","U","51","M","Ireland","Lodger","Quay Labourer"
"Institution","""The Model Lodging House"" 28 Mc Alpine Street","Glasgow, Lanark, Scotland","0203655","GRO","644-7",,"73","1","Charles CAMPBELL","U","31","M","Paisley, Renfrew, Scotland","Lodger","Quay Labourer"
"Institution","""The Model Lodging House"" 28 Mc Alpine Street","Glasgow, Lanark, Scotland","0203655","GRO","644-7",,"73","1","Robert DEARIE","W","59","M","Ireland","Lodger","Quay Labourer"
"Institution","""The Model Lodging House"" 28 Mc Alpine Street","Glasgow, Lanark, Scotland","0203655","GRO","644-7",,"73","1","Patrick MC GINNES","M","40","M","Ireland","Lodger","Quay Labourer"
"Institution","""The Model Lodging House"" 28 Mc Alpine Street","Glasgow, Lanark, Scotland","0203655","GRO","644-7",,"73","1","Hugh LANG","W","60","M","Ireland","Lodger","Quay Labourer"
"Institution","""The Model Lodging House"" 28 Mc Alpine Street","Glasgow, Lanark, Scotland","0203655","GRO","644-7",,"73","1","Harry WILSON","U","27","M","England","Lodger","Quay Labourer"
"Institution","""The Model Lodging House"" 28 Mc Alpine Street","Glasgow, Lanark, Scotland","0203655","GRO","644-7",,"73","1","Joseph CROFFS","M","40","M","England","Lodger","Bricklayer"
"Institution","""The Model Lodging House"" 28 Mc Alpine Street","Glasgow, Lanark, Scotland","0203655","GRO","644-7",,"73","1","Thomas MC CALL","M","47","M","Paisley, Renfrew, Scotland","Lodger","Engine Driver"
"Institution","""The Model Lodging House"" 28 Mc Alpine Street","Glasgow, Lanark, Scotland","0203655","GRO","644-7",,"73","1","Robert ORR","M","32","M","Ireland","Lodger","Fireman"
"Institution","""The Model Lodging House"" 28 Mc Alpine Street","Glasgow, Lanark, Scotland","0203655","GRO","644-7",,"73","1","Ephriam MORRISON","U","41","M","Glasgow, Lanark, Scotland","Lodger","Masons Labourer"
"Institution","""The Model Lodging House"" 28 Mc Alpine Street","Glasgow, Lanark, Scotland","0203655","GRO","644-7",,"73","1","Samuel CRAIG","U","25","M","Glasgow, Lanark, Scotland","Lodger","Quay Labourer"
"Institution","""The Model Lodging House"" 28 Mc Alpine Street","Glasgow, Lanark, Scotland","0203655","GRO","644-7",,"73","1","James RENNIE","U","26","M","Glasgow, Lanark, Scotland","Lodger","Quay Labourer"
"Institution","""The Model Lodging House"" 28 Mc Alpine Street","Glasgow, Lanark, Scotland","0203655","GRO","644-7",,"73","1","Andrew SHIELDS","U","32","M","Glasgow, Lanark, Scotland","Lodger","Grain Porter"
"Institution","""The Model Lodging House"" 28 Mc Alpine Street","Glasgow, Lanark, Scotland","0203655","GRO","644-7",,"73","1","Michael CARR","U","40","M","England","Lodger","Quay Lab"
"Institution","""The Model Lodging House"" 28 Mc Alpine Street","Glasgow, Lanark, Scotland","0203655","GRO","644-7",,"73","1","Thomas O'NEILL","U","30","M","Glasgow, Lanark, Scotland","Lodger","Quay Lab"
"Institution","""The Model Lodging House"" 28 Mc Alpine Street","Glasgow, Lanark, Scotland","0203655","GRO","644-7",,"73","1","John TAYLOR","W","62","M","Lochgilphead, Argyll, Scotland","Lodger","Quay Lab"
"Institution","""The Model Lodging House"" 28 Mc Alpine Street","Glasgow, Lanark, Scotland","0203655","GRO","644-7",,"73","1","Andrew J. MC GUIRE","U","52","M","Ireland","Lodger","Quay Lab"
"Institution","""The Model Lodging House"" 28 Mc Alpine Street","Glasgow, Lanark, Scotland","0203655","GRO","644-7",,"73","1","James MC LAUCHLAN","U","50","M","Ireland","Lodger","Quay Lab"
"Institution","""The Model Lodging House"" 28 Mc Alpine Street","Glasgow, Lanark, Scotland","0203655","GRO","644-7",,"73","1","John SMITH","U","49","M","Glasgow, Lanark, Scotland","Lodger","House Painter"
"Institution","""The Model Lodging House"" 28 Mc Alpine Street","Glasgow, Lanark, Scotland","0203655","GRO","644-7",,"73","1","Alexander MORELAND","U","21","M","Ireland","Lodger","Quay Labourer"
"Institution","""The Model Lodging House"" 28 Mc Alpine Street","Glasgow, Lanark, Scotland","0203655","GRO","644-7",,"73","1","Robert GIBSON","U","21","M","Ireland","Lodger","Iron Driller"
"Institution","""The Model Lodging House"" 28 Mc Alpine Street","Glasgow, Lanark, Scotland","0203655","GRO","644-7",,"73","1","James THOMSON","U","36","M","Ireland","Lodger","Coal Porter"
"Institution","""The Model Lodging House"" 28 Mc Alpine Street","Glasgow, Lanark, Scotland","0203655","GRO","644-7",,"73","1","Francis SMITH","U","28","M","Ireland","Lodger","Quay Labourer"
"Institution","""The Model Lodging House"" 28 Mc Alpine Street","Glasgow, Lanark, Scotland","0203655","GRO","644-7",,"73","1","William FRASER","U","31","M","Banchory, Kincardine, Scotland","Lodger","Builders Asst"
"Institution","""The Model Lodging House"" 28 Mc Alpine Street","Glasgow, Lanark, Scotland","0203655","GRO","644-7",,"73","1","Malcolm MC KECHNIE","U","38","M","Dumbarton, Dunbarton, Scotland","Lodger","Joiner"
"Institution","""The Model Lodging House"" 28 Mc Alpine Street","Glasgow, Lanark, Scotland","0203655","GRO","644-7",,"73","1","Peter COLLINS","U","34","M","Ireland","Lodger","Quay Labourer"
"Institution","""The Model Lodging House"" 28 Mc Alpine Street","Glasgow, Lanark, Scotland","0203655","GRO","644-7",,"73","1","John STEWART","U","60","M","Greenock, Renfrew, Scotland","Lodger","Commercial Traveller"
"Institution","""The Model Lodging House"" 28 Mc Alpine Street","Glasgow, Lanark, Scotland","0203655","GRO","644-7",,"73","1","Alexander FERGUSON","U","41","M","Glasgow, Lanark, Scotland","Lodger","Quay Labourer"
"Institution","""The Model Lodging House"" 28 Mc Alpine Street","Glasgow, Lanark, Scotland","0203655","GRO","644-7",,"73","1","John MURRAY","U","42","M","Glasgow, Lanark, Scotland","Lodger","Quay Labourer"
"Institution","""The Model Lodging House"" 28 Mc Alpine Street","Glasgow, Lanark, Scotland","0203655","GRO","644-7",,"73","1","David KIRKWOOD","W","62","M","Glasgow, Lanark, Scotland","Lodger","Iron Turner"
"Institution","""The Model Lodging House"" 28 Mc Alpine Street","Glasgow, Lanark, Scotland","0203655","GRO","644-7",,"73","1","John CARROLL","U","40","M","Ireland","Lodger","Masons Labourer"
"Institution","""The Model Lodging House"" 28 Mc Alpine Street","Glasgow, Lanark, Scotland","0203655","GRO","644-7",,"73","1","James HANNAN","U","34","M","Ireland","Lodger","Quay Labourer"
"Institution","""The Model Lodging House"" 28 Mc Alpine Street","Glasgow, Lanark, Scotland","0203655","GRO","644-7",,"73","1","James O'NEIL","U","39","M","Ireland","Lodger","Quay Labourer"
"Institution","""The Model Lodging House"" 28 Mc Alpine Street","Glasgow, Lanark, Scotland","0203655","GRO","644-7",,"73","1","William MC CAIG","U","49","M","Ireland","Lodger","Quay Labourer"
"Institution","""The Model Lodging House"" 28 Mc Alpine Street","Glasgow, Lanark, Scotland","0203655","GRO","644-7",,"73","1","John CLARK","M","31","M","Ireland","Lodger","Quay Labourer"
"Institution","""The Model Lodging House"" 28 Mc Alpine Street","Glasgow, Lanark, Scotland","0203655","GRO","644-7",,"73","1","Andrew BARCLAY","U","34","M","Dundee, Forfar, Scotland","Lodger","Quay Labourer"
"Institution","""The Model Lodging House"" 28 Mc Alpine Street","Glasgow, Lanark, Scotland","0203655","GRO","644-7",,"73","1","James GOLDEN","U","20","M","Ireland","Lodger","Quay Labourer"
"Institution","""The Model Lodging House"" 28 Mc Alpine Street","Glasgow, Lanark, Scotland","0203655","GRO","644-7",,"73","1","James MONAGHAN","U","30","M","Ireland","Lodger","Coal Porter"
"Institution","""The Model Lodging House"" 28 Mc Alpine Street","Glasgow, Lanark, Scotland","0203655","GRO","644-7",,"73","1","Anthony MC KENNY","M","43","M","Ireland","Lodger","Quay Labourer"
"Institution","""The Model Lodging House"" 28 Mc Alpine Street","Glasgow, Lanark, Scotland","0203655","GRO","644-7",,"73","1","James CUMSTIE","U","46","M","Arbroath, Forfar, Scotland","Lodger","Blacksmith"
"Institution","""The Model Lodging House"" 28 Mc Alpine Street","Glasgow, Lanark, Scotland","0203655","GRO","644-7",,"73","1","George THOMSON","W","58","M","Ireland","Lodger","Hawker"
"Institution","""The Model Lodging House"" 28 Mc Alpine Street","Glasgow, Lanark, Scotland","0203655","GRO","644-7",,"73","1","David BELL","W","55","M","Ecclefechan, Dumfries, Scotland","Lodger","Mason"
"Institution","""The Model Lodging House"" 28 Mc Alpine Street","Glasgow, Lanark, Scotland","0203655","GRO","644-7",,"73","1","James WILSON","M","57","M","Glasgow, Lanark, Scotland","Lodger","Candlemaker"
"Institution","""The Model Lodging House"" 28 Mc Alpine Street","Glasgow, Lanark, Scotland","0203655","GRO","644-7",,"73","1","Robert BLAIR","W","65","M","Glasgow, Lanark, Scotland","Lodger","Shoemaker"
"Institution","""The Model Lodging House"" 28 Mc Alpine Street","Glasgow, Lanark, Scotland","0203655","GRO","644-7",,"73","1","James HARKNESS","U","30","M","Edinburgh, Scotland","Lodger","Quay Labourer"
"Institution","""The Model Lodging House"" 28 Mc Alpine Street","Glasgow, Lanark, Scotland","0203655","GRO","644-7",,"73","1","Alexander WILSON","U","31","M","Ireland","Lodger","Quay Labourer"
"Institution","""The Model Lodging House"" 28 Mc Alpine Street","Glasgow, Lanark, Scotland","0203655","GRO","644-7",,"73","1","Daniel ANGUS","U","49","M","Crieff, Perth, Scotland","Lodger","Mason"
"Institution","""The Model Lodging House"" 28 Mc Alpine Street","Glasgow, Lanark, Scotland","0203655","GRO","644-7",,"73","1","James KILLICHAN","U","37","M","Edinburgh, Scotland","Lodger","Quay Labourer"
"Institution","""The Model Lodging House"" 28 Mc Alpine Street","Glasgow, Lanark, Scotland","0203655","GRO","644-7",,"73","1","Thomas O'NEILL","W","40","M","Ireland","Lodger","Quay Labourer"
"Institution","""The Model Lodging House"" 28 Mc Alpine Street","Glasgow, Lanark, Scotland","0203655","GRO","644-7",,"73","1","James ARMSTRONG","U","24","M","Largs, Ayr, Scotland","Lodger","Quay Labourer"
"Institution","""The Model Lodging House"" 28 Mc Alpine Street","Glasgow, Lanark, Scotland","0203655","GRO","644-7",,"73","1","Edward CURRIE","M","62","M","Ireland","Lodger","Quay Labourer"
"Institution","""The Model Lodging House"" 28 Mc Alpine Street","Glasgow, Lanark, Scotland","0203655","GRO","644-7",,"73","1","David SOMMERVILLE","U","55","M","Glasgow, Lanark, Scotland","Lodger","Quay Labourer"
"Institution","""The Model Lodging House"" 28 Mc Alpine Street","Glasgow, Lanark, Scotland","0203655","GRO","644-7",,"73","1","George KAY","U","45","M","Strathie, Sunderland, Durham, England","Lodger","Shoemaker"
"Institution","""The Model Lodging House"" 28 Mc Alpine Street","Glasgow, Lanark, Scotland","0203655","GRO","644-7",,"73","1","Patrick RUSSELL","W","66","M","Ireland","Lodger","Quay Labourer"
"Institution","""The Model Lodging House"" 28 Mc Alpine Street","Glasgow, Lanark, Scotland","0203655","GRO","644-7",,"73","1","John MC KINNON","U","23","M","Inverness, Inverness, Scotland","Lodger","Quay Labourer"
"Institution","""The Model Lodging House"" 28 Mc Alpine Street","Glasgow, Lanark, Scotland","0203655","GRO","644-7",,"73","1","John MORRISON","U","24","M","Govan, Lanark, Scotland","Lodger","Quay Labourer"
"Institution","""The Model Lodging House"" 28 Mc Alpine Street","Glasgow, Lanark, Scotland","0203655","GRO","644-7",,"73","1","John IRVINE","U","29","M","Ireland","Lodger","Quay Labourer"
"Institution","""The Model Lodging House"" 28 Mc Alpine Street","Glasgow, Lanark, Scotland","0203655","GRO","644-7",,"73","1","William MC GRACHY","U","45","M","Ireland","Lodger","Quay Labourer"
"Institution","""The Model Lodging House"" 28 Mc Alpine Street","Glasgow, Lanark, Scotland","0203655","GRO","644-7",,"73","1","Robert HUTCHISON","U","27","M","Dailly, Ayr, Scotland","Lodger","Painter"
"Institution","""The Model Lodging House"" 28 Mc Alpine Street","Glasgow, Lanark, Scotland","0203655","GRO","644-7",,"73","1","Daniel MC CARTHY","U","32","M","Ireland","Lodger","Quay Labourer"
"Institution","""The Model Lodging House"" 28 Mc Alpine Street","Glasgow, Lanark, Scotland","0203655","GRO","644-7",,"73","1","James PATERSON","U","52","M","Govan, Lanark, Scotland","Lodger","Potter"
"Institution","""The Model Lodging House"" 28 Mc Alpine Street","Glasgow, Lanark, Scotland","0203655","GRO","644-7",,"73","1","William MC CREE","U","43","M","Edinburgh, Scotland","Lodger","Quay Labourer"
"Institution","""The Model Lodging House"" 28 Mc Alpine Street","Glasgow, Lanark, Scotland","0203655","GRO","644-7",,"73","1","Bernard MC KRUND","U","30","M","Ireland","Lodger","Quay Labourer"
"Institution","""The Model Lodging House"" 28 Mc Alpine Street","Glasgow, Lanark, Scotland","0203655","GRO","644-7",,"73","1","Hugh CARRIGAN","U","45","M","Ireland","Lodger","Quay Labourer"
"Institution","""The Model Lodging House"" 28 Mc Alpine Street","Glasgow, Lanark, Scotland","0203655","GRO","644-7",,"73","1","John REILLY","U","24","M","Glasgow, Lanark, Scotland","Lodger","Carter"
"Institution","""The Model Lodging House"" 28 Mc Alpine Street","Glasgow, Lanark, Scotland","0203655","GRO","644-7",,"73","1","Robert SMITH","U","45","M","Glasgow, Lanark, Scotland","Lodger","Grain Porter"
"Institution","""The Model Lodging House"" 28 Mc Alpine Street","Glasgow, Lanark, Scotland","0203655","GRO","644-7",,"73","1","John CONNAGHAN","U","22","M","Glasgow, Lanark, Scotland","Lodger","Joiner"
"Institution","""The Model Lodging House"" 28 Mc Alpine Street","Glasgow, Lanark, Scotland","0203655","GRO","644-7",,"73","1","David WELSH","U","27","M","Ireland","Lodger","Blacksmith"
"Institution","""The Model Lodging House"" 28 Mc Alpine Street","Glasgow, Lanark, Scotland","0203655","GRO","644-7",,"73","1","Hugh REID","U","36","M","Glasgow, Lanark, Scotland","Lodger","Quay Labourer"
"Institution","""The Model Lodging House"" 28 Mc Alpine Street","Glasgow, Lanark, Scotland","0203655","GRO","644-7",,"73","1","Thomas WELSH","U","26","M","Edinburgh, Scotland","Lodger","Quay Labourer"
"Institution","""The Model Lodging House"" 28 Mc Alpine Street","Glasgow, Lanark, Scotland","0203655","GRO","644-7",,"73","1","Debino RENDEN","M","49","M","Sweden","Lodger","Watchman"
"Institution","""The Model Lodging House"" 28 Mc Alpine Street","Glasgow, Lanark, Scotland","0203655","GRO","644-7",,"73","1","John MC MANUS","U","50","M","Ireland","Lodger","Quay Labourer"
"Institution","""The Model Lodging House"" 28 Mc Alpine Street","Glasgow, Lanark, Scotland","0203655","GRO","644-7",,"73","1","William CAMPBELL","U","31","M","Paisley, Renfrew, Scotland","Lodger","Carpenter"
"Institution","""The Model Lodging House"" 28 Mc Alpine Street","Glasgow, Lanark, Scotland","0203655","GRO","644-7",,"73","1","John MC MANUS","U","63","M","Aberdeen, Scotland","Lodger","Sailor"
"Institution","""The Model Lodging House"" 28 Mc Alpine Street","Glasgow, Lanark, Scotland","0203655","GRO","644-7",,"73","1","John GRAHAM","U","33","M","Rothesay, Bute, Scotland","Lodger","Grain Porter"
"Institution","""The Model Lodging House"" 28 Mc Alpine Street","Glasgow, Lanark, Scotland","0203655","GRO","644-7",,"73","1","James SMITH","U","26","M","Ireland","Lodger","Quay Labourer"
"Institution","""The Model Lodging House"" 28 Mc Alpine Street","Glasgow, Lanark, Scotland","0203655","GRO","644-7",,"73","1","Edward MC BRIDE","M","40","M","Edinburgh, Scotland","Lodger","Quay Labourer"
"Institution","""The Model Lodging House"" 28 Mc Alpine Street","Glasgow, Lanark, Scotland","0203655","GRO","644-7",,"73","1","Michael MC DERMOTT","U","26","M","Ireland","Lodger","Quay Labourer"
"Institution","""The Model Lodging House"" 28 Mc Alpine Street","Glasgow, Lanark, Scotland","0203655","GRO","644-7",,"73","1","William BROWN","W","45","M","Balfron, Stirling, Scotland","Lodger","Engineer"
"Institution","""The Model Lodging House"" 28 Mc Alpine Street","Glasgow, Lanark, Scotland","0203655","GRO","644-7",,"73","1","William MC DOUGALL","M","43","M","Millport, Bute, Scotland","Lodger","Marine Engineer"
"Institution","""The Model Lodging House"" 28 Mc Alpine Street","Glasgow, Lanark, Scotland","0203655","GRO","644-7",,"73","1","James ROBERTSON","U","45","M","Glasgow, Lanark, Scotland","Lodger","Quay Labourer"
"Institution","""The Model Lodging House"" 28 Mc Alpine Street","Glasgow, Lanark, Scotland","0203655","GRO","644-7",,"73","1","Edward GIBBON","M","54","M","Glasgow, Lanark, Scotland","Lodger","Masons Labourer"
"Institution","""The Model Lodging House"" 28 Mc Alpine Street","Glasgow, Lanark, Scotland","0203655","GRO","644-7",,"73","1","David HUNTER","U","32","M","Glasgow, Lanark, Scotland","Lodger","Quay Labourer"
"Institution","""The Model Lodging House"" 28 Mc Alpine Street","Glasgow, Lanark, Scotland","0203655","GRO","644-7",,"73","1","William FARMER","U","31","M","Glasgow, Lanark, Scotland","Lodger","Quay Labourer"
"Institution","""The Model Lodging House"" 28 Mc Alpine Street","Glasgow, Lanark, Scotland","0203655","GRO","644-7",,"73","1","Alexander MORRISON","U","40","M","Rothesay, Bute, Scotland","Lodger","Quay Labourer"
"Institution","""The Model Lodging House"" 28 Mc Alpine Street","Glasgow, Lanark, Scotland","0203655","GRO","644-7",,"73","1","William GIBB","U","54","M","Falkirk","Lodger","Coachman"
"Institution","""The Model Lodging House"" 28 Mc Alpine Street","Glasgow, Lanark, Scotland","0203655","GRO","644-7",,"73","1","John MILLIGAN","W","59","M","Dumfries, Dumfries, Scotland","Lodger","Quay Labourer"
"Institution","""The Model Lodging House"" 28 Mc Alpine Street","Glasgow, Lanark, Scotland","0203655","GRO","644-7",,"73","1","Peter MC CALLUM","U","24","M","Campbeltown, Argyll, Scotland","Lodger","Quay Labourer"
"Institution","""The Model Lodging House"" 28 Mc Alpine Street","Glasgow, Lanark, Scotland","0203655","GRO","644-7",,"73","1","William MC KENDRICK","U","34","M","England","Lodger","Grain Porter"
"Institution","""The Model Lodging House"" 28 Mc Alpine Street","Glasgow, Lanark, Scotland","0203655","GRO","644-7",,"73","1","James SMITH","U","40","M","Paisley, Renfrew, Scotland","Lodger","Cabinet Maker"
"Institution","""The Model Lodging House"" 28 Mc Alpine Street","Glasgow, Lanark, Scotland","0203655","GRO","644-7",,"73","1","John THOMLINSON","U","31","M","Glasgow, Lanark, Scotland","Lodger","Carter"
"Institution","""The Model Lodging House"" 28 Mc Alpine Street","Glasgow, Lanark, Scotland","0203655","GRO","644-7",,"73","1","William ROSS","U","27","M","Inverness, Inverness, Scotland","Lodger","Quay Labourer"
"Institution","""The Model Lodging House"" 28 Mc Alpine Street","Glasgow, Lanark, Scotland","0203655","GRO","644-7",,"73","1","James BRANNON","U","20","M","Ireland","Lodger","Quay Labourer"
"Institution","""The Model Lodging House"" 28 Mc Alpine Street","Glasgow, Lanark, Scotland","0203655","GRO","644-7",,"73","1","James PATERSON","M","49","M","Glasgow, Lanark, Scotland","Lodger","Carter"
"Institution","""The Model Lodging House"" 28 Mc Alpine Street","Glasgow, Lanark, Scotland","0203655","GRO","644-7",,"73","1","Charles MC LAUCHLAN","U","35","M","Ireland","Lodger","Quay Labourer"
"Institution","""The Model Lodging House"" 28 Mc Alpine Street","Glasgow, Lanark, Scotland","0203655","GRO","644-7",,"73","1","William CULLEN","M","37","M","Ireland","Lodger","Quay Labourer"
"Institution","""The Model Lodging House"" 28 Mc Alpine Street","Glasgow, Lanark, Scotland","0203655","GRO","644-7",,"73","1","John CULLEN","U","37","M","Ireland","Lodger","Quay Labourer"
"Institution","""The Model Lodging House"" 28 Mc Alpine Street","Glasgow, Lanark, Scotland","0203655","GRO","644-7",,"73","1","John HOWARD","U","36","M","Ireland","Lodger","Quay Labourer"
"Institution","""The Model Lodging House"" 28 Mc Alpine Street","Glasgow, Lanark, Scotland","0203655","GRO","644-7",,"73","1","John MC GIVEN","W","63","M","Glasgow, Lanark, Scotland","Lodger","Chimney Sweep"
"Institution","""The Model Lodging House"" 28 Mc Alpine Street","Glasgow, Lanark, Scotland","0203655","GRO","644-7",,"73","1","James MC NAB","U","29","M","Glasgow, Lanark, Scotland","Lodger","Quay Labourer"
"Institution","""The Model Lodging House"" 28 Mc Alpine Street","Glasgow, Lanark, Scotland","0203655","GRO","644-7",,"73","1","Peter MC GREGER","U","38","M","Glasgow, Lanark, Scotland","Lodger","Coal Porter"
"Institution","""The Model Lodging House"" 28 Mc Alpine Street","Glasgow, Lanark, Scotland","0203655","GRO","644-7",,"73","1","James FERGUSON","W","61","M","Alexandria, Dunbarton, Scotland","Lodger","Quay Labouer"
"Institution","""The Model Lodging House"" 28 Mc Alpine Street","Glasgow, Lanark, Scotland","0203655","GRO","644-7",,"73","1","Andrew GIBSON","U","30","M","Leuchars, Fife, Scotland","Lodger","Grain Porter"
"Institution","""The Model Lodging House"" 28 Mc Alpine Street","Glasgow, Lanark, Scotland","0203655","GRO","644-7",,"73","1","Edward CAMPBELL","U","45","M","Ireland","Lodger","Quay Labourer"
"Institution","""The Model Lodging House"" 28 Mc Alpine Street","Glasgow, Lanark, Scotland","0203655","GRO","644-7",,"73","1","Thomas CAMPBELL","U","57","M","Paisley, Renfrew, Scotland","Lodger","Iron Dresser"
"Institution","""The Model Lodging House"" 28 Mc Alpine Street","Glasgow, Lanark, Scotland","0203655","GRO","644-7",,"73","1","Alexander COULTER","M","66","M","Kilwinning, Ayr, Scotland","Lodger","Cabinetmaker"
"Institution","""The Model Lodging House"" 28 Mc Alpine Street","Glasgow, Lanark, Scotland","0203655","GRO","644-7",,"73","1","William TAYLOR","U","26","M","King Edward, Aberdeen, Scotland","Lodger","Quay Labourer"
"Institution","""The Model Lodging House"" 28 Mc Alpine Street","Glasgow, Lanark, Scotland","0203655","GRO","644-7",,"73","1","Michael WELSH","U","35","M","Ireland","Lodger","Quay Labourer"
"Institution","""The Model Lodging House"" 28 Mc Alpine Street","Glasgow, Lanark, Scotland","0203655","GRO","644-7",,"73","1","John WELSH","U","31","M","Glasgow, Lanark, Scotland","Lodger","Quay Labourer"
"Institution","""The Model Lodging House"" 28 Mc Alpine Street","Glasgow, Lanark, Scotland","0203655","GRO","644-7",,"73","1","James WOOD","U","27","M","Ireland","Lodger","Quay Labourer"
"Institution","""The Model Lodging House"" 28 Mc Alpine Street","Glasgow, Lanark, Scotland","0203655","GRO","644-7",,"73","1","John RANKINE","U","25","M","Ireland","Lodger","Coal Dealer"
"Institution","""The Model Lodging House"" 28 Mc Alpine Street","Glasgow, Lanark, Scotland","0203655","GRO","644-7",,"73","1","Daniel MURRAY","U","37","M","Ireland","Lodger","Tailor"
"Institution","""The Model Lodging House"" 28 Mc Alpine Street","Glasgow, Lanark, Scotland","0203655","GRO","644-7",,"73","1","Graham FORGIE","U","35","M","Muiravonside, Stirling, Scotland","Lodger","Joiner"
"Institution","""The Model Lodging House"" 28 Mc Alpine Street","Glasgow, Lanark, Scotland","0203655","GRO","644-7",,"73","1","Peter HINKIR","W","42","M","Pennicuik","Lodger","Coal Dealer"
"Institution","""The Model Lodging House"" 28 Mc Alpine Street","Glasgow, Lanark, Scotland","0203655","GRO","644-7",,"73","1","Malcolm SMITH","M","24","M","Glasgow, Lanark, Scotland","Lodger","Quay Labourer"
"Institution","""The Model Lodging House"" 28 Mc Alpine Street","Glasgow, Lanark, Scotland","0203655","GRO","644-7",,"73","1","John WOOD","U","22","M","Ireland","Lodger","Quay Labourer"
"Institution","""The Model Lodging House"" 28 Mc Alpine Street","Glasgow, Lanark, Scotland","0203655","GRO","644-7",,"73","1","Joseph BUTLER","W","47","M","Ireland","Lodger","Quay Labourer"
"Institution","""The Model Lodging House"" 28 Mc Alpine Street","Glasgow, Lanark, Scotland","0203655","GRO","644-7",,"73","1","Allan MC LEAN","M","53","M","Fort William, Argyll, Scotland","Lodger","Mason"
"Institution","""The Model Lodging House"" 28 Mc Alpine Street","Glasgow, Lanark, Scotland","0203655","GRO","644-7",,"73","1","Duncan MC INTYRE","U","34","M","Glasgow, Lanark, Scotland","Lodger","Quay Labourer"
"Institution","""The Model Lodging House"" 28 Mc Alpine Street","Glasgow, Lanark, Scotland","0203655","GRO","644-7",,"73","1","Alexander GUNN","W","57","M","Glasgow, Lanark, Scotland","Lodger","Masons Labourer"
"Institution","""The Model Lodging House"" 28 Mc Alpine Street","Glasgow, Lanark, Scotland","0203655","GRO","644-7",,"73","1","John O'LAUGHLIN","U","35","M","Ireland","Lodger","Quay Labourer"
"Institution","""The Model Lodging House"" 28 Mc Alpine Street","Glasgow, Lanark, Scotland","0203655","GRO","644-7",,"73","1","Robert MC GUINES","U","24","M","Ireland","Lodger","General Labourer"
"Institution","""The Model Lodging House"" 28 Mc Alpine Street","Glasgow, Lanark, Scotland","0203655","GRO","644-7",,"73","1","Stewart MC FARLANE","U","54","M","Callender, Perth, Scotland","Lodger","Quay Labourer"
"Institution","""The Model Lodging House"" 28 Mc Alpine Street","Glasgow, Lanark, Scotland","0203655","GRO","644-7",,"73","1","Charles MC ALLISTER","U","32","M","Ireland","Lodger","Quay Labourer"
"Institution","""The Model Lodging House"" 28 Mc Alpine Street","Glasgow, Lanark, Scotland","0203655","GRO","644-7",,"73","1","Charles CUNNINGHAM","U","50","M","Stranraer, Wigtown, Scotland","Lodger","Grain Weighing Clerk"
"Institution","""The Model Lodging House"" 28 Mc Alpine Street","Glasgow, Lanark, Scotland","0203655","GRO","644-7",,"73","1","John CAMERON","U","50","M","Ireland","Lodger","Quay Labourer"
"Institution","""The Model Lodging House"" 28 Mc Alpine Street","Glasgow, Lanark, Scotland","0203655","GRO","644-7",,"73","1","John CAMPBELL","U","30","M","Glasgow, Lanark, Scotland","Lodger","Quay Labourer"
"Institution","""The Model Lodging House"" 28 Mc Alpine Street","Glasgow, Lanark, Scotland","0203655","GRO","644-7",,"73","1","Kenneth MC LEAN","U","30","M","Comrie, Perth, Scotland","Lodger","Hotel Porter"
"Institution","""The Model Lodging House"" 28 Mc Alpine Street","Glasgow, Lanark, Scotland","0203655","GRO","644-7",,"73","1","Robert STEWART","U","25","M","Glasgow, Lanark, Scotland","Lodger","House Painter"
"Institution","""The Model Lodging House"" 28 Mc Alpine Street","Glasgow, Lanark, Scotland","0203655","GRO","644-7",,"73","1","Philip MC GOWAN","U","21","M","Glasgow, Lanark, Scotland","Lodger","Quay Labourer"
"Institution","""The Model Lodging House"" 28 Mc Alpine Street","Glasgow, Lanark, Scotland","0203655","GRO","644-7",,"73","1","James MC ALLISTER","U","39","M","Ireland","Lodger","Quay Labourer"
"Institution","""The Model Lodging House"" 28 Mc Alpine Street","Glasgow, Lanark, Scotland","0203655","GRO","644-7",,"73","1","Colin MC LAY","U","48","M","Dalkeith, Edinburgh, Scotland","Lodger","Baker"
"Institution","""The Model Lodging House"" 28 Mc Alpine Street","Glasgow, Lanark, Scotland","0203655","GRO","644-7",,"73","1","Timothy SULLIVAN","U","61","M","Wales","Lodger","Quay Labourer"
"Institution","""The Model Lodging House"" 28 Mc Alpine Street","Glasgow, Lanark, Scotland","0203655","GRO","644-7",,"73","1","Alexander AITKEN","U","25","M","Glasgow, Lanark, Scotland","Lodger","Tailor"
"Institution","""The Model Lodging House"" 28 Mc Alpine Street","Glasgow, Lanark, Scotland","0203655","GRO","644-7",,"73","1","William MC KECHNNIE","U","50","M","Glasgow, Lanark, Scotland","Lodger","Cabinet Maker"
"Institution","""The Model Lodging House"" 28 Mc Alpine Street","Glasgow, Lanark, Scotland","0203655","GRO","644-7",,"73","1","Robert MC DOUGALL","U","37","M","Edinburgh, Scotland","Lodger","Quay Labourer"
"Institution","""The Model Lodging House"" 28 Mc Alpine Street","Glasgow, Lanark, Scotland","0203655","GRO","644-7",,"73","1","Alexander BROWN","U","28","M","Glasgow, Lanark, Scotland","Lodger","Tailor"
"Institution","""The Model Lodging House"" 28 Mc Alpine Street","Glasgow, Lanark, Scotland","0203655","GRO","644-7",,"73","1","James MILROY","U","53","M","Glasgow, Lanark, Scotland","Lodger","Tailor"
"Institution","""The Model Lodging House"" 28 Mc Alpine Street","Glasgow, Lanark, Scotland","0203655","GRO","644-7",,"73","1","Peter CUMMING","W","70","M","Skye, Inverness, Scotland","Lodger","Quay Labourer"
"Institution","""The Model Lodging House"" 28 Mc Alpine Street","Glasgow, Lanark, Scotland","0203655","GRO","644-7",,"73","1","Neil CAMPBELL","U","46","M","Glasgow, Lanark, Scotland","Lodger","Quay Labourer"
"Institution","""The Model Lodging House"" 28 Mc Alpine Street","Glasgow, Lanark, Scotland","0203655","GRO","644-7",,"73","1","John MC KAY","U","28","M","Ireland","Lodger","Bricklayer"
"Institution","""The Model Lodging House"" 28 Mc Alpine Street","Glasgow, Lanark, Scotland","0203655","GRO","644-7",,"73","1","Martin KENNA","U","52","M","Glasgow, Lanark, Scotland","Lodger","Quay Labourer"
"Institution","""The Model Lodging House"" 28 Mc Alpine Street","Glasgow, Lanark, Scotland","0203655","GRO","644-7",,"73","1","John THOMSON","U","24","M","Glasgow, Lanark, Scotland","Lodger","Quay Labourer"
"Institution","""The Model Lodging House"" 28 Mc Alpine Street","Glasgow, Lanark, Scotland","0203655","GRO","644-7",,"73","1","James FLEMING","U","16","M","Glasgow, Lanark, Scotland","Lodger","Quay Labourer"
"Institution","""The Model Lodging House"" 28 Mc Alpine Street","Glasgow, Lanark, Scotland","0203655","GRO","644-7",,"73","1","John LAWSON","U","33","M","Perth, Perth, Scotland","Lodger","Quay Labourer"
"Institution","""The Model Lodging House"" 28 Mc Alpine Street","Glasgow, Lanark, Scotland","0203655","GRO","644-7",,"73","1","Henry CAMPBELL","U","30","M","Kirkintilloch, Dunbarton, Scotland","Lodger","Quay Labourer"
"Institution","""The Model Lodging House"" 28 Mc Alpine Street","Glasgow, Lanark, Scotland","0203655","GRO","644-7",,"73","1","William LAY","W","59","M","Glasgow, Lanark, Scotland","Lodger","Baker"
"Institution","""The Model Lodging House"" 28 Mc Alpine Street","Glasgow, Lanark, Scotland","0203655","GRO","644-7",,"73","1","Patrick GALLAGHER","U","45","M","Ireland","Lodger","Quay Labourer"
"Institution","""The Model Lodging House"" 28 Mc Alpine Street","Glasgow, Lanark, Scotland","0203655","GRO","644-7",,"73","1","George WALKER","M","32","M","Ireland","Lodger","Letter Press Printer"
"Institution","""The Model Lodging House"" 28 Mc Alpine Street","Glasgow, Lanark, Scotland","0203655","GRO","644-7",,"73","1","James KELLY","U","29","M","England","Lodger","Quay Labourer"
"Institution","""The Model Lodging House"" 28 Mc Alpine Street","Glasgow, Lanark, Scotland","0203655","GRO","644-7",,"73","1","Thomas CLARK","U","25","M","Glasgow, Lanark, Scotland","Lodger","House Painter"
"Institution","""The Model Lodging House"" 28 Mc Alpine Street","Glasgow, Lanark, Scotland","0203655","GRO","644-7",,"73","1","John BROCKIE","W","50","M","Lochmaben, Dumfries, Scotland","Lodger","Joiner"
"Institution","""The Model Lodging House"" 28 Mc Alpine Street","Glasgow, Lanark, Scotland","0203655","GRO","644-7",,"73","1","James CAMPBELL","W","68","M","Kinclaven, Perth, Scotland","Lodger","Cabinetmaker"
"Institution","""The Model Lodging House"" 28 Mc Alpine Street","Glasgow, Lanark, Scotland","0203655","GRO","644-7",,"73","1","James ROBERTSON","U","24","M","Glasgow, Lanark, Scotland","Lodger","Quay Labourer"
"Institution","""The Model Lodging House"" 28 Mc Alpine Street","Glasgow, Lanark, Scotland","0203655","GRO","644-7",,"73","1","Patrick Wm. MC LAUGHLAN","M","25","M","Forfar, Scotland","Lodger","Weaver"
"Institution","""The Model Lodging House"" 28 Mc Alpine Street","Glasgow, Lanark, Scotland","0203655","GRO","644-7",,"73","1","Laurence HAMILTON","U","24","M","Glasgow, Lanark, Scotland","Lodger","Quay Labourer"
"Institution","""The Model Lodging House"" 28 Mc Alpine Street","Glasgow, Lanark, Scotland","0203655","GRO","644-7",,"73","1","Dennis MC DONALD","U","19","M","Ireland","Lodger","Quay Labourer"
"Institution","""The Model Lodging House"" 28 Mc Alpine Street","Glasgow, Lanark, Scotland","0203655","GRO","644-7",,"73","1","Daniel O'CONNELL","U","26","M","Ireland","Lodger","Quay Labourer"
"Institution","""The Model Lodging House"" 28 Mc Alpine Street","Glasgow, Lanark, Scotland","0203655","GRO","644-7",,"73","1","John FISHER","M","63","M","Glasgow, Lanark, Scotland","Lodger","Plumber"
"Institution","""The Model Lodging House"" 28 Mc Alpine Street","Glasgow, Lanark, Scotland","0203655","GRO","644-7",,"73","1","Moore TAGGART","U","30","M","Ireland","Lodger","Quay Labourer"
"Institution","""The Model Lodging House"" 28 Mc Alpine Street","Glasgow, Lanark, Scotland","0203655","GRO","644-7",,"73","1","Francis THOMSON","U","18","M","Ireland","Lodger","Tailor"
"Institution","""The Model Lodging House"" 28 Mc Alpine Street","Glasgow, Lanark, Scotland","0203655","GRO","644-7",,"73","1","William BROADLEY","U","25","M","Ireland","Lodger","Quay Labourer"
"Institution","""The Model Lodging House"" 28 Mc Alpine Street","Glasgow, Lanark, Scotland","0203655","GRO","644-7",,"73","1","Duncan MC LEAN","U","33","M","Glasgow, Lanark, Scotland","Lodger","Carter"
"Institution","""The Model Lodging House"" 28 Mc Alpine Street","Glasgow, Lanark, Scotland","0203655","GRO","644-7",,"73","1","John MURRAY","U","23","M","Ireland","Lodger","Tailor"
"Institution","""The Model Lodging House"" 28 Mc Alpine Street","Glasgow, Lanark, Scotland","0203655","GRO","644-7",,"73","1","Thomas TOLAND","U","24","M","Ireland","Lodger","Quay Labourer"
"Institution","""The Model Lodging House"" 28 Mc Alpine Street","Glasgow, Lanark, Scotland","0203655","GRO","644-7",,"73","1","Patrick DREW","U","20","M","Glasgow, Lanark, Scotland","Lodger","Quay Labourer"
"Institution","""The Model Lodging House"" 28 Mc Alpine Street","Glasgow, Lanark, Scotland","0203655","GRO","644-7",,"73","1","James BROWN","U","30","M","Glasgow, Lanark, Scotland","Lodger","Quay Labourer"
"Institution","""The Model Lodging House"" 28 Mc Alpine Street","Glasgow, Lanark, Scotland","0203655","GRO","644-7",,"73","1","Peter SMITH","U","38","M","Mull Of Kintyre Kilinom","Lodger","Quay Labourer"
"Institution","""The Model Lodging House"" 28 Mc Alpine Street","Glasgow, Lanark, Scotland","0203655","GRO","644-7",,"73","1","Patrick HALLEY","U","20","M","Ireland","Lodger","Quay Labourer"
"Institution","""The Model Lodging House"" 28 Mc Alpine Street","Glasgow, Lanark, Scotland","0203655","GRO","644-7",,"73","1","John ELLIS","U","36","M","Ireland","Lodger","Masons Labourer"
"Institution","""The Model Lodging House"" 28 Mc Alpine Street","Glasgow, Lanark, Scotland","0203655","GRO","644-7",,"73","1","William HAMILTON","U","24","M","Ireland","Lodger","General Labourer"
"Institution","""The Model Lodging House"" 28 Mc Alpine Street","Glasgow, Lanark, Scotland","0203655","GRO","644-7",,"73","1","John O'NEIL","U","32","M","Ireland","Lodger","Quay Labourer"
"Institution","""The Model Lodging House"" 28 Mc Alpine Street","Glasgow, Lanark, Scotland","0203655","GRO","644-7",,"73","1","Andrew MC INTYRE","U","20","M","Glasgow, Lanark, Scotland","Lodger","Quay Labourer"
"Institution","""The Model Lodging House"" 28 Mc Alpine Street","Glasgow, Lanark, Scotland","0203655","GRO","644-7",,"73","1","William HAMMOND","U","38","M","Greenock, Renfrew, Scotland","Lodger","Quay Labourer"
"Institution","""The Model Lodging House"" 28 Mc Alpine Street","Glasgow, Lanark, Scotland","0203655","GRO","644-7",,"73","1","Daniel MAXWELL","U","20","M","Glasgow, Lanark, Scotland","Lodger","Carter"
"Institution","""The Model Lodging House"" 28 Mc Alpine Street","Glasgow, Lanark, Scotland","0203655","GRO","644-7",,"73","1","Daniel BELL","U","26","M","East Indies","Lodger","Universal Turner"
"Institution","""The Model Lodging House"" 28 Mc Alpine Street","Glasgow, Lanark, Scotland","0203655","GRO","644-7",,"73","1","Daniel GARNER","U","30","M","England","Lodger","Mason"
"Institution","""The Model Lodging House"" 28 Mc Alpine Street","Glasgow, Lanark, Scotland","0203655","GRO","644-7",,"73","1","Richard BAIRD","M","31","M","Ireland","Lodger","Painter"
"Institution","""The Model Lodging House"" 28 Mc Alpine Street","Glasgow, Lanark, Scotland","0203655","GRO","644-7",,"73","1","William DEWAR","U","17","M","Glasgow, Lanark, Scotland","Lodger","Poulterer"
"Institution","""The Model Lodging House"" 28 Mc Alpine Street","Glasgow, Lanark, Scotland","0203655","GRO","644-7",,"73","1","William SIMPSON","U","55","M","Port Glasgow, Lanark, Scotland","Lodger","Quay Labourer"
"Institution","""The Model Lodging House"" 28 Mc Alpine Street","Glasgow, Lanark, Scotland","0203655","GRO","644-7",,"73","1","William CONNACHAN","U","39","M","Ireland","Lodger","Quay Labourer"
"Institution","""The Model Lodging House"" 28 Mc Alpine Street","Glasgow, Lanark, Scotland","0203655","GRO","644-7",,"73","1","John MC PHERSON","U","55","M","Ireland","Lodger","Locomotive Machinist"
"Institution","""The Model Lodging House"" 28 Mc Alpine Street","Glasgow, Lanark, Scotland","0203655","GRO","644-7",,"73","1","James WILSON","U","24","M","Ireland","Lodger","Boilermaker"
"Institution","""The Model Lodging House"" 28 Mc Alpine Street","Glasgow, Lanark, Scotland","0203655","GRO","644-7",,"73","1","James MC IVER","U","40","M","Ireland","Lodger","Quay Labourer"
"Institution","""The Model Lodging House"" 28 Mc Alpine Street","Glasgow, Lanark, Scotland","0203655","GRO","644-7",,"73","1","John MC FARLANE","U","22","M","Glasgow, Lanark, Scotland","Lodger","Quay Labourer"
"Institution","""The Model Lodging House"" 28 Mc Alpine Street","Glasgow, Lanark, Scotland","0203655","GRO","644-7",,"73","1","Charles PARKER","U","23","M","England","Lodger","Quay Labourer"
"Institution","""The Model Lodging House"" 28 Mc Alpine Street","Glasgow, Lanark, Scotland","0203655","GRO","644-7",,"73","1","William MC LAUGHLAN","U","28","M","Coatbridge, Lanark, Scotland","Lodger","Quay Labourer"
"Institution","""The Model Lodging House"" 28 Mc Alpine Street","Glasgow, Lanark, Scotland","0203655","GRO","644-7",,"73","1","John MC CALLUM","U","24","M","Glasgow, Lanark, Scotland","Lodger","Iron Moulder"
"Institution","""The Model Lodging House"" 28 Mc Alpine Street","Glasgow, Lanark, Scotland","0203655","GRO","644-7",,"73","1","Charles FRASER","M","30","M","Dunkeld, Perth, Scotland","Lodger","Quay Labourer"
"Institution","""The Model Lodging House"" 28 Mc Alpine Street","Glasgow, Lanark, Scotland","0203655","GRO","644-7",,"73","1","John MC NEIL","U","33","M","Greenock, Renfrew, Scotland","Lodger","Sailor"
"Institution","""The Model Lodging House"" 28 Mc Alpine Street","Glasgow, Lanark, Scotland","0203655","GRO","644-7",,"73","1","John MC DOUGAL","U","23","M","Oban, Argyll, Scotland","Lodger","Sailor"
"Institution","""The Model Lodging House"" 28 Mc Alpine Street","Glasgow, Lanark, Scotland","0203655","GRO","644-7",,"73","1","Peter MORRISON","M","40","M","South Uist, Inverness, Scotland","Lodger","Quay Labourer"
"Institution","""The Model Lodging House"" 28 Mc Alpine Street","Glasgow, Lanark, Scotland","0203655","GRO","644-7",,"73","1","John ANDERSON","M","31","M","Dundee","Lodger","Plumber"
"Institution","""The Model Lodging House"" 28 Mc Alpine Street","Glasgow, Lanark, Scotland","0203655","GRO","644-7",,"73","1","James DOCHERTY","U","17","M","Glasgow, Lanark, Scotland","Lodger","Quay Labourer"
"Institution","""The Model Lodging House"" 28 Mc Alpine Street","Glasgow, Lanark, Scotland","0203655","GRO","644-7",,"73","1","David DENNISTON","U","29","M","Glasgow, Lanark, Scotland","Lodger","Quay Labourer"
"Institution","""The Model Lodging House"" 28 Mc Alpine Street","Glasgow, Lanark, Scotland","0203655","GRO","644-7",,"73","1","Patrick KENNEDY","U","20","M","Ireland","Lodger","Quay Labourer"
"Institution","""The Model Lodging House"" 28 Mc Alpine Street","Glasgow, Lanark, Scotland","0203655","GRO","644-7",,"73","1","Samuel GARRETT","U","23","M","Fife, Scotland","Lodger","Quay Labourer"
"Institution","""The Model Lodging House"" 28 Mc Alpine Street","Glasgow, Lanark, Scotland","0203655","GRO","644-7",,"73","1","George GARRETT","U","21","M","Glasgow, Lanark, Scotland","Lodger","Quay Labourer"
"Institution","""The Model Lodging House"" 28 Mc Alpine Street","Glasgow, Lanark, Scotland","0203655","GRO","644-7",,"73","1","James STEWART","U","37","M","Aberdeen, Aberdeen, Scotland","Lodger","Quay Labourer"
"Institution","""The Model Lodging House"" 28 Mc Alpine Street","Glasgow, Lanark, Scotland","0203655","GRO","644-7",,"73","1","Matthew SHIELDS","U","22","M","Port Glasgow, Renfrew, Scotland","Lodger","Hammerman"
"Institution","""The Model Lodging House"" 28 Mc Alpine Street","Glasgow, Lanark, Scotland","0203655","GRO","644-7",,"73","1","Robert CARSON","U","46","M","Glasgow, Lanark, Scotland","Lodger","Quay Labourer"
"Institution","""The Model Lodging House"" 28 Mc Alpine Street","Glasgow, Lanark, Scotland","0203655","GRO","644-7",,"73","1","Thomas WILSON","U","25","M","Ireland","Lodger","Iron Driller"
"Institution","""The Model Lodging House"" 28 Mc Alpine Street","Glasgow, Lanark, Scotland","0203655","GRO","644-7",,"73","1","William WELSH","U","16","M","Ireland","Lodger","Rivetter"
"Institution","""The Model Lodging House"" 28 Mc Alpine Street","Glasgow, Lanark, Scotland","0203655","GRO","644-7",,"73","1","Francis STEWART","U","25","M","Ireland","Lodger","Painter"
"Institution","""The Model Lodging House"" 28 Mc Alpine Street","Glasgow, Lanark, Scotland","0203655","GRO","644-7",,"73","1","James HENDERSON","U","20","M","Glasgow, Lanark, Scotland","Lodger","Moulder"
"Institution","""The Model Lodging House"" 28 Mc Alpine Street","Glasgow, Lanark, Scotland","0203655","GRO","644-7",,"73","1","John SMITH","U","23","M","England","Lodger","Sailor"
"Institution","""The Model Lodging House"" 28 Mc Alpine Street","Glasgow, Lanark, Scotland","0203655","GRO","644-7",,"73","1","Robert SMITH","U","18","M","Glasgow, Lanark, Scotland","Lodger","Tank Maker"
"Institution","""The Model Lodging House"" 28 Mc Alpine Street","Glasgow, Lanark, Scotland","0203655","GRO","644-7",,"73","1","John WILSON","U","19","M","England","Lodger","Sailor"
"Institution","""The Model Lodging House"" 28 Mc Alpine Street","Glasgow, Lanark, Scotland","0203655","GRO","644-7",,"73","1","Samuel THOMSON","U","23","M","Glasgow, Lanark, Scotland","Lodger","Slater"
"Institution","""The Model Lodging House"" 28 Mc Alpine Street","Glasgow, Lanark, Scotland","0203655","GRO","644-7",,"73","1","John JENKINS","U","24","M","Wales","Lodger","Sailor"
"Institution","""The Model Lodging House"" 28 Mc Alpine Street","Glasgow, Lanark, Scotland","0203655","GRO","644-7",,"73","1","Thomas ANDERSON","U","20","M","Ireland","Lodger","Quay Labourer"
"Institution","""The Model Lodging House"" 28 Mc Alpine Street","Glasgow, Lanark, Scotland","0203655","GRO","644-7",,"73","1","William MC CALLUM","U","36","M","Glasgow, Lanark, Scotland","Lodger","Labourer"
"Institution","""The Model Lodging House"" 28 Mc Alpine Street","Glasgow, Lanark, Scotland","0203655","GRO","644-7",,"73","1","James RAE","U","44","M","Paisley, Renfrew, Scotland","Lodger","Quay Labourer"
"Institution","""The Model Lodging House"" 28 Mc Alpine Street","Glasgow, Lanark, Scotland","0203655","GRO","644-7",,"73","1","William ANDERSON","U","28","M","Dundee","Lodger","Quay Labourer"
"Institution","""The Model Lodging House"" 28 Mc Alpine Street","Glasgow, Lanark, Scotland","0203655","GRO","644-7",,"73","1","Robert WILSON","U","26","M","Glasgow, Lanark, Scotland","Lodger","Quay Labourer"
"Institution","""The Model Lodging House"" 28 Mc Alpine Street","Glasgow, Lanark, Scotland","0203655","GRO","644-7",,"73","1","James CAMPBELL","U","36","M","Ireland","Lodger","Quay Labourer"
"Institution","""The Model Lodging House"" 28 Mc Alpine Street","Glasgow, Lanark, Scotland","0203655","GRO","644-7",,"73","1","John WELSH","U","19","M","Ireland","Lodger","Quay Labourer"
"Institution","""The Model Lodging House"" 28 Mc Alpine Street","Glasgow, Lanark, Scotland","0203655","GRO","644-7",,"73","1","John MC KINNON","U","21","M","Isle Of Lewis Stornoway","Lodger","Quay Labourer"
"Institution","""The Model Lodging House"" 28 Mc Alpine Street","Glasgow, Lanark, Scotland","0203655","GRO","644-7",,"73","1","George CAMPBELL","U","28","M","Glasgow, Lanark, Scotland","Lodger","Hammerman"
"Institution","""The Model Lodging House"" 28 Mc Alpine Street","Glasgow, Lanark, Scotland","0203655","GRO","644-7",,"73","1","John THOMSON","U","40","M","Glasgow, Lanark, Scotland","Lodger","Quay Labourer"
"Institution","""The Model Lodging House"" 28 Mc Alpine Street","Glasgow, Lanark, Scotland","0203655","GRO","644-7",,"73","1","John SIMPSON","U","32","M","Falkirk, Stirling, Scotland","Lodger","Quay Labourer"
"Institution","""The Model Lodging House"" 28 Mc Alpine Street","Glasgow, Lanark, Scotland","0203655","GRO","644-7",,"73","1","Barclay KERR","U","25","M","Ireland","Lodger","Quay Labourer"
"Institution","""The Model Lodging House"" 28 Mc Alpine Street","Glasgow, Lanark, Scotland","0203655","GRO","644-7",,"73","1","Benjamin GUNN","U","51","M","Edinburgh, Scotland","Lodger","Quay Labourer"
"Institution","""The Model Lodging House"" 28 Mc Alpine Street","Glasgow, Lanark, Scotland","0203655","GRO","644-7",,"73","1","Charles WILSON","U","21","M","Russia","Lodger","Sailor"
"Institution","""The Model Lodging House"" 28 Mc Alpine Street","Glasgow, Lanark, Scotland","0203655","GRO","644-7",,"73","1","Donald MC LEAN","U","56","M","Lismore, Argyll, Scotland","Lodger","Marble Polisher"
"Dwelling","Brig Brae Milnwood Rd","Bothwell, Lanark, Scotland","0203616","GRO","625-1",,"12","45","Robt. MC KILL","M","41","M","Dalry, Kirkcudbright, Scotland","Head","Gatekeeper"
"Dwelling","Brig Brae Milnwood Rd","Bothwell, Lanark, Scotland","0203616","GRO","625-1",,"12","45","Jane Whiteford MC KILL","M","40","F","Campbeltown, Argyll, Scotland","Wife",""
"Dwelling","Brig Brae Milnwood Rd","Bothwell, Lanark, Scotland","0203616","GRO","625-1",,"12","45","Archd.L. MC KILL","U","14","M","Campbeltown, Argyll, Scotland","Son","Coal Miner"
"Dwelling","Brig Brae Milnwood Rd","Bothwell, Lanark, Scotland","0203616","GRO","625-1",,"12","45","John C. MC KILL","U","9","M","Campbeltown, Argyll, Scotland","Son","Scholar"
"Dwelling","Brig Brae Milnwood Rd","Bothwell, Lanark, Scotland","0203616","GRO","625-1",,"12","45","James WHITEFORD","W","69","M","Campbeltown, Argyll, Scotland","Father In Law","Farm Labourer"
"Dwelling","Brig Brae Milnwood Rd","Bothwell, Lanark, Scotland","0203616","GRO","625-1",,"12","45","Mary M. MC KILL","U","4","F","Bothwell, Lanark, Scotland","Daur",""
"Dwelling","41C Braxfield Row","Lanark, Lanark, Scotland","0203694","GRO","648",,"17","11","Marion WHITEFORD","U","69","F","Lanark, Lanark, Scotland","Head","Cotton Picker"
"Dwelling","41C Braxfield Row","Lanark, Lanark, Scotland","0203694","GRO","648",,"17","11","Mary DUNCAN","U","64","F","New Lanark, Lanark, Scotland","Lodger","Cotton Reeler (Unempl)"
"Dwelling","41C Braxfield Row","Lanark, Lanark, Scotland","0203694","GRO","648",,"17","11","George MC NISH","U","82","M","Braidwood, Lanark, Scotland","Lodger","Cotton Mill Worker (Unempl)"
"Dwelling","5 Wardrop St","Paisley Low Church, Renfrew, Scotland","0203583","GRO","573",,"68","6","Wm. WHITEFORD","M","69","M","Dunlop, Ayr, Scotland","Head","Joiner"
"Dwelling","5 Wardrop St","Paisley Low Church, Renfrew, Scotland","0203583","GRO","573",,"68","6","Janet WHITEFORD","M","66","F","Lochwinnock, Renfrew, Scotland","Wife",""
"Dwelling","5 Wardrop St","Paisley Low Church, Renfrew, Scotland","0203583","GRO","573",,"68","6","Jessie S. WHITEFORD","U","25","F","Paisley, Renfrew, Scotland","Daur","Mill Worker"
"Dwelling","Montgomerieston St","Kilbirnie, Ayr, Scotland","0203600","GRO","596",,"7","11","James WHITEFORD","M","67","M","Kilbirnie, Ayr, Scotland","Head","Carter (Retired)"
"Dwelling","Montgomerieston St","Kilbirnie, Ayr, Scotland","0203600","GRO","596",,"7","11","Bella WHITEFORD","M","68","F","Johnstone, Renfrew, Scotland","Wife",""
"Dwelling","Montgomerieston St","Kilbirnie, Ayr, Scotland","0203600","GRO","596",,"7","11","John WHITEFORD","U","28","M","Kilbirnie, Ayr, Scotland","Son","Grocer"
"Dwelling","Montgomerieston St","Kilbirnie, Ayr, Scotland","0203600","GRO","596",,"7","11","John WHITEFORD","","6","M","Kilbirnie, Ayr, Scotland","Grand Son","Scholar"
"Dwelling","Montgomerieston St","Kilbirnie, Ayr, Scotland","0203600","GRO","596",,"7","11","John SMITH","U","47","M","Dalry, Ayr, Scotland","Boarder","Farmer Retired"
"Dwelling","Dumback","Whitburn, Linlithgow, Scotland","0203709","GRO","673-1",,"5","3","James WHITEFORD","M","68","M","Lanark, Lanark, Scotland","Head","Gamekeeper"
"Dwelling","Dumback","Whitburn, Linlithgow, Scotland","0203709","GRO","673-1",,"5","3","Margaret WHITEFORD","M","66","F","West Calder, Edinburgh, Scotland","Wife",""
"Dwelling","Garnock Street","Dalry, Ayr, Scotland","0203595","GRO","587",,"6","5","John MC TAGGART","W","47","M","Glasgow, Lanark, Scotland","Head","Iron Miner"
"Dwelling","Garnock Street","Dalry, Ayr, Scotland","0203595","GRO","587",,"6","5","Marion WHITEFORD","W","67","F","Kilwinning, Ayr, Scotland","Mother In Law","House Keeper"
"Dwelling","Garnock Street","Dalry, Ayr, Scotland","0203595","GRO","587",,"6","5","James MC TAGGART","U","22","M","Dalry, Ayr, Scotland","Son","Iron Miner"
"Dwelling","Garnock Street","Dalry, Ayr, Scotland","0203595","GRO","587",,"6","5","Andrew MC TAGGART","U","19","M","Dalry, Ayr, Scotland","Son","Iron Miner"
"Dwelling","Garnock Street","Dalry, Ayr, Scotland","0203595","GRO","587",,"6","5","David MC TAGGART","U","17","M","Dalry, Ayr, Scotland","Son","Mill Worker"
"Dwelling","Garnock Street","Dalry, Ayr, Scotland","0203595","GRO","587",,"6","5","Marion MC TAGGART","U","14","F","Dalry, Ayr, Scotland","Daur","Mill Worker"
"Dwelling","Garnock Street","Dalry, Ayr, Scotland","0203595","GRO","587",,"6","5","Jane MC TAGGART","U","12","F","Dalry, Ayr, Scotland","Daur","Nurse"
"Dwelling","Garnock Street","Dalry, Ayr, Scotland","0203595","GRO","587",,"6","5","Isabella MC TAGGART","U","10","F","Dalry, Ayr, Scotland","Daur","Scholar"
"Vessel","""City of Brussels""","At Sea or in a Domestic or Foreign Port","0203595","GRO","587",,"6","5","Jno WHITFORD","W","67","M","Falmouth","Head","Shipkeeper"
"Dwelling","Main Street","Whithorn, Wigtown, Scotland","0224064","GRO","900",,"7","10","Janet WHITEFORD","W","66","F","Whithorn, Wigtown, Scotland","Head","Ag Lab"
"Dwelling","Main Street","Whithorn, Wigtown, Scotland","0224064","GRO","900",,"7","10","William WHITEFORD","U","34","M","Whithorn, Wigtown, Scotland","Son","Ag Lab"
"Institution","""Cunningham Combination Poorhouse""","Irvine, Ayr, Scotland","0203599","GRO","595",,"13","16","James MARTIN","W","78","M","Ireland","Pauper	Handicap: Imbecile","Labourer In Iron Works"
"Institution","""Cunningham Combination Poorhouse""","Irvine, Ayr, Scotland","0203599","GRO","595",,"13","16","Janet WHITEFORD","W","65","F","Kilbirnie, Ayr, Scotland","Pauper	Handicap: Imbecile","Nuslin Sewer"
"Institution","""Cunningham Combination Poorhouse""","Irvine, Ayr, Scotland","0203599","GRO","595",,"13","16","Elizabeth WIGHAM","U","52","F","Glasgow, Lanark, Scotland","Pauper	Handicap: Imbecile","Cotton Weaver"
"Institution","""Cunningham Combination Poorhouse""","Irvine, Ayr, Scotland","0203599","GRO","595",,"13","16","James CLELLAND","M","55","M","Ireland","Pauper	Handicap: Imbecile","Farm Servant"
"Institution","""Cunningham Combination Poorhouse""","Irvine, Ayr, Scotland","0203599","GRO","595",,"13","16","Robert SCOTT","U","55","M","","Pauper	Handicap: Imbecile","None"
"Institution","""Cunningham Combination Poorhouse""","Irvine, Ayr, Scotland","0203599","GRO","595",,"13","16","Janet MC ALLISTER","U","35","F","","Pauper	Handicap: Imbecile","Fish Hawker"
"Institution","""Cunningham Combination Poorhouse""","Irvine, Ayr, Scotland","0203599","GRO","595",,"13","16","Helen REID","W","70","F","Stevenston, Ayr, Scotland","Pauper	Handicap: Imbecile","Domestic Servant"
"Institution","""Cunningham Combination Poorhouse""","Irvine, Ayr, Scotland","0203599","GRO","595",,"13","16","Robert ALEXANDER","U","47","M","Stevenston, Ayr, Scotland","Pauper	Handicap: Imbecile","Cotton Weaver"
"Institution","""Cunningham Combination Poorhouse""","Irvine, Ayr, Scotland","0203599","GRO","595",,"13","16","Hugh SMITH","U","53","M","Stewarton, Ayr, Scotland","Pauper	Handicap: Imbecile","No Occupation"
"Institution","""Cunningham Combination Poorhouse""","Irvine, Ayr, Scotland","0203599","GRO","595",,"13","16","Margaret BOWES","U","49","F","Stewarton, Ayr, Scotland","Pauper	Handicap: Imbecile","Bonnet Knitter"
"Institution","""Cunningham Combination Poorhouse""","Irvine, Ayr, Scotland","0203599","GRO","595",,"13","16","Jane BROWNING","U","37","F","Stewarton, Ayr, Scotland","Pauper	Handicap: Imbecile","Bonnet Knitter"
"Institution","""Cunningham Combination Poorhouse""","Irvine, Ayr, Scotland","0203599","GRO","595",,"13","16","David MC LURE","U","44","M","","Pauper	Handicap: Imbecile","Shoemaker"
"Institution","""Cunningham Combination Poorhouse""","Irvine, Ayr, Scotland","0203599","GRO","595",,"13","16","Marion WALKER","U","22","F","Dalry, Ayr, Scotland","Pauper	Handicap: Imbecile","None"
"Institution","""Cunningham Combination Poorhouse""","Irvine, Ayr, Scotland","0203599","GRO","595",,"13","16","Jane MARSHALL","U","32","F","Kilmaurs, Ayr, Scotland","Pauper	Handicap: Imbecile","No Occupation"
"Institution","""Cunningham Combination Poorhouse""","Irvine, Ayr, Scotland","0203599","GRO","595",,"13","16","Ann FULTON","U","60","F","Kilmaurs, Ayr, Scotland","Pauper	Handicap: Imbecile","Farm Servant"
"Institution","""Cunningham Combination Poorhouse""","Irvine, Ayr, Scotland","0203599","GRO","595",,"13","16","Malcolm MC FARLANE","W","47","M","Kilmaurs, Ayr, Scotland","Pauper	Handicap: Imbecile","Silk Weaver"
"Institution","""Cunningham Combination Poorhouse""","Irvine, Ayr, Scotland","0203599","GRO","595",,"13","16","Hugh CLARK","U","49","M","Ardrossan, Ayr, Scotland","Pauper	Handicap: Imbecile","Clerk"
"Institution","""Cunningham Combination Poorhouse""","Irvine, Ayr, Scotland","0203599","GRO","595",,"13","16","Janet CURRIE","M","47","F","","Pauper	Handicap: Imbecile","Domestic Servant"
"Institution","""Cunningham Combination Poorhouse""","Irvine, Ayr, Scotland","0203599","GRO","595",,"13","16","Ann MC FADYEAN","U","58","F","Ireland","Pauper	Handicap: Imbecile","Hawker"
"Institution","""Cunningham Combination Poorhouse""","Irvine, Ayr, Scotland","0203599","GRO","595",,"13","16","Elizabeth CALLAN","W","50","F","Arran, Bute, Scotland","Pauper	Handicap: Imbecile","Muslin Sewer"
"Institution","""Cunningham Combination Poorhouse""","Irvine, Ayr, Scotland","0203599","GRO","595",,"13","16","Christina LOVE","W","50","F","Glasgow, Lanark, Scotland","Pauper	Handicap: Imbecile","Cotton Weaver"
"Institution","""Cunningham Combination Poorhouse""","Irvine, Ayr, Scotland","0203599","GRO","595",,"13","16","Hugh MC KILLOP","U","35","M","Ardrossan, Ayr, Scotland","Pauper	Handicap: Imbecile","None"
"Institution","""Cunningham Combination Poorhouse""","Irvine, Ayr, Scotland","0203599","GRO","595",,"13","16","Peter HIGGINS","M","40","M","Ireland","Pauper	Handicap: Imbecile","Farm Servant"
"Institution","""Cunningham Combination Poorhouse""","Irvine, Ayr, Scotland","0203599","GRO","595",,"13","16","Margaret BARR","U","20","F","Glasgow, Lanark, Scotland","Pauper	Handicap: Imbecile","Bleach ..."
"Institution","""Cunningham Combination Poorhouse""","Irvine, Ayr, Scotland","0203599","GRO","595",,"13","16","Isabella ALEXANDER","U","47","F","Newmilns, Ayr, Scotland","Pauper	Handicap: Imbecile","Muslin Sewer"
"Dwelling","4 Well St","Barony, Lanark, Scotland","0203643","GRO","644-4",,"30","13","John WHITEFORD","W","65","M","Kilbirnie, Ayr, Scotland","Head","Bird Merchant"
"Dwelling","4 Well St","Barony, Lanark, Scotland","0203643","GRO","644-4",,"30","13","Mary WHITEFORD","U","25","F","Glasgow, Lanark, Scotland","Daur","French Polisher"
"Dwelling","Prestrie Cot House","Glasserton, Wigtown, Scotland","0224060","GRO","885",,"4","8","Allan WHITEFORD","M","63","M","Whithorn, Wigtown, Scotland","Head","Ploughman"
"Dwelling","Prestrie Cot House","Glasserton, Wigtown, Scotland","0224060","GRO","885",,"4","8","Jane WHITEFORD","M","55","F","Kirkinner, Wigtown, Scotland","Wife",""
"Dwelling","Prestrie Cot House","Glasserton, Wigtown, Scotland","0224060","GRO","885",,"4","8","Alexander WHITEFORD","U","21","M","Whithorn, Wigtown, Scotland","Son","Cabinet Maker"
"Dwelling","Prestrie Cot House","Glasserton, Wigtown, Scotland","0224060","GRO","885",,"4","8","Margt. WHITEFORD","U","13","F","Whithorn, Wigtown, Scotland","Daur","Scholar"
"Dwelling","30 St James Sqre","Edinburgh St Cuthberts, Edinburgh, Scotland","0223997","GRO","685-2",,"55","20","Dorothy WHITEFORD","W","63","F","Edinburgh, Scotland","Head",""
"Dwelling","30 St James Sqre","Edinburgh St Cuthberts, Edinburgh, Scotland","0223997","GRO","685-2",,"55","20","Annie WHITEFORD","U","30","F","Edinburgh, Scotland","Dau","Milliner"
"Dwelling","30 St James Sqre","Edinburgh St Cuthberts, Edinburgh, Scotland","0223997","GRO","685-2",,"55","20","Mina WHITEFORD","U","24","F","Edinburgh, Scotland","Dau","Dressmaker"
"Dwelling","30 St James Sqre","Edinburgh St Cuthberts, Edinburgh, Scotland","0223997","GRO","685-2",,"55","20","Mary J. WHITEFORD","U","21","F","Edinburgh, Scotland","Dau",""
"Dwelling","30 St James Sqre","Edinburgh St Cuthberts, Edinburgh, Scotland","0223997","GRO","685-2",,"55","20","Robert WATTERSTON","U","44","M","Anstruther, Fife, Scotland","Lodger","Foreman Shoemaker"
"Dwelling","Rosebank Villa","Edinburgh St Cuthberts, Edinburgh, Scotland","0224017","GRO","692-1",,"22","57","James WHITEFORD","M","53","M","Kirkliston, Edinburgh, Scotland","Head","Lab"
"Dwelling","Rosebank Villa","Edinburgh St Cuthberts, Edinburgh, Scotland","0224017","GRO","692-1",,"22","57","Elizabeth WHITEFORD","M","62","F","Cramond Davidsons M","Wife",""
"Dwelling","45 Peaseweep Row","New Cumnock, Ayr, Scotland","0203606","GRO","608",,"8","13","James WHITEFORD","M","61","M","Muirkirk, Ayr, Scotland","Head","Coal Miner"
"Dwelling","45 Peaseweep Row","New Cumnock, Ayr, Scotland","0203606","GRO","608",,"8","13","Marion WHITEFORD","M","58","F","Sanquhar, Dumfries, Scotland","Wife",""
"Dwelling","45 Peaseweep Row","New Cumnock, Ayr, Scotland","0203606","GRO","608",,"8","13","Robert WHITEFORD","U","28","M","Muirkirk, Ayr, Scotland","Son","Coal Miner"
"Dwelling","45 Peaseweep Row","New Cumnock, Ayr, Scotland","0203606","GRO","608",,"8","13","Edward WHITEFORD","U","23","M","Muirkirk, Ayr, Scotland","Son","Coal Miner"
"Dwelling","45 Peaseweep Row","New Cumnock, Ayr, Scotland","0203606","GRO","608",,"8","13","Archibald WHITEFORD","U","19","M","Muirkirk, Ayr, Scotland","Son","Coal Miner"
"Dwelling","45 Peaseweep Row","New Cumnock, Ayr, Scotland","0203606","GRO","608",,"8","13","James WHITEFORD","","16","M","Auchinleck, Ayr, Scotland","Son","Coal Miner"
"Dwelling","56 Marborough St","Glasgow, Lanark, Scotland","0203633","GRO","644-2",,"3","24","Malcolm WHITEFORD","M","60","M","Kilbirnie, Ayr, Scotland","Head","Cotton Yarn Dresser"
"Dwelling","56 Marborough St","Glasgow, Lanark, Scotland","0203633","GRO","644-2",,"3","24","Jane WHITEFORD","M","59","F","Kilbirnie, Ayr, Scotland","Wife",""
"Dwelling","56 Marborough St","Glasgow, Lanark, Scotland","0203633","GRO","644-2",,"3","24","James WHITEFORD","U","21","M","Glasgow, Lanark, Scotland","Son","Brass Finisher"
"Dwelling","56 Marborough St","Glasgow, Lanark, Scotland","0203633","GRO","644-2",,"3","24","William WHITEFORD","U","18","M","Glasgow, Lanark, Scotland","Son","Power Loom Tenter"
"Dwelling","56 Marborough St","Glasgow, Lanark, Scotland","0203633","GRO","644-2",,"3","24","Janet WHITEFORD","","16","F","Glasgow, Lanark, Scotland","Daur","Power Loom Cotton Weaver"
"Dwelling","56 Marborough St","Glasgow, Lanark, Scotland","0203633","GRO","644-2",,"3","24","Edward RILEY","U","22","M","Glasgow, Lanark, Scotland","Boarder","Slater"
"Dwelling","Halltown Nemphlar","Lanark, Lanark, Scotland","0203694","GRO","648",,"13","8","William WHITEFORD","M","60","M","Lanark, Lanark, Scotland","Head","Jobbing Gardener"
"Dwelling","Halltown Nemphlar","Lanark, Lanark, Scotland","0203694","GRO","648",,"13","8","Janet WHITEFORD","M","54","F","Lanark, Lanark, Scotland","Wife","Gardeners Wife"
"Dwelling","Halltown Nemphlar","Lanark, Lanark, Scotland","0203694","GRO","648",,"13","8","William WHITEFORD","U","16","M","Lanark, Lanark, Scotland","Son","General Labourer"
"Dwelling","Halltown Nemphlar","Lanark, Lanark, Scotland","0203694","GRO","648",,"13","8","Mary WHITEFORD","U","10","F","Lanark, Lanark, Scotland","Daur","Scholar"
"Dwelling","Halltown Nemphlar","Lanark, Lanark, Scotland","0203694","GRO","648",,"13","8","Robert WHITEFORD","U","11","M","Lanark, Lanark, Scotland","Son","Scholar"
"Dwelling","44 High Patrick St","Hamilton, Lanark, Scotland","0203693","GRO","647",,"16","12","Agnes WHITEFORD","W","59","F","Carluke, Lanark, Scotland","Head",""
"Dwelling","44 High Patrick St","Hamilton, Lanark, Scotland","0203693","GRO","647",,"16","12","Christina WHITEFORD","U","29","F","Hamilton, Lanark, Scotland","Daur","Shopwoman"
"Dwelling","13 Main Street","Cramond, Edinburgh, Scotland","0223986","GRO","679",,"2","9","William WHITEFORD","M","50","M","Kirkliston, Linlithgow, Scotland","Head","Hammerman At Forge"
"Dwelling","13 Main Street","Cramond, Edinburgh, Scotland","0223986","GRO","679",,"2","9","Sophia WHITEFORD","M","59","F","Cramond, Edinburgh, Scotland","Wife",""
"Institution","""Cunningham Combination Poorhouse""","Irvine, Ayr, Scotland","0203599","GRO","595",,"13","8","John STEVENSTON","U","42","M","Stevenston, Ayr, Scotland","Pauper","General Labourer"
"Institution","""Cunningham Combination Poorhouse""","Irvine, Ayr, Scotland","0203599","GRO","595",,"13","8","Joseph ROSS","U","9","M","England","Pauper","Scholar"
"Institution","""Cunningham Combination Poorhouse""","Irvine, Ayr, Scotland","0203599","GRO","595",,"13","8","Mary Jane ROSS","U","6","F","England","Pauper","Scholar"
"Institution","""Cunningham Combination Poorhouse""","Irvine, Ayr, Scotland","0203599","GRO","595",,"13","8","Ann MC LACHLAN","U","9","F","Beith, Ayr, Scotland","Pauper","Scholar"
"Institution","""Cunningham Combination Poorhouse""","Irvine, Ayr, Scotland","0203599","GRO","595",,"13","8","Wm. ROBERTSON","U","12","M","Glasgow, Lanark, Scotland","Pauper","Scholar"
"Institution","""Cunningham Combination Poorhouse""","Irvine, Ayr, Scotland","0203599","GRO","595",,"13","8","Hugh MC DONALD","U","13","M","Beith, Ayr, Scotland","Pauper","Scholar"
"Institution","""Cunningham Combination Poorhouse""","Irvine, Ayr, Scotland","0203599","GRO","595",,"13","8","Wm. GUY","W","66","M","Beith, Ayr, Scotland","Pauper","Cloth Weaver"
"Institution","""Cunningham Combination Poorhouse""","Irvine, Ayr, Scotland","0203599","GRO","595",,"13","8","Henry SCHOLES","W","51","M","Ireland","Pauper","General Labourer"
"Institution","""Cunningham Combination Poorhouse""","Irvine, Ayr, Scotland","0203599","GRO","595",,"13","8","Margaret WILKIE","U","4","F","Paisley, Renfrew, Scotland","Pauper",""
"Institution","""Cunningham Combination Poorhouse""","Irvine, Ayr, Scotland","0203599","GRO","595",,"13","8","Martha LEES","M","38","F","England","Pauper","Domestic Servant"
"Institution","""Cunningham Combination Poorhouse""","Irvine, Ayr, Scotland","0203599","GRO","595",,"13","8","Robert LEES","U","8","m","M	Edinburgh, Edinburgh, Scotland","Pauper",""
"Institution","""Cunningham Combination Poorhouse""","Irvine, Ayr, Scotland","0203599","GRO","595",,"13","8","Thomas LEES","U","2","M","Galashiels, Peeble, Scotland","Pauper",""
"Institution","""Cunningham Combination Poorhouse""","Irvine, Ayr, Scotland","0203599","GRO","595",,"13","8","Andrew LEES","U","8","M","Glasgow, Lanark, Scotland","Pauper","Scholar"
"Institution","""Cunningham Combination Poorhouse""","Irvine, Ayr, Scotland","0203599","GRO","595",,"13","8","Martha LEES","U","10","F","Ireland","Pauper","Scholar"
"Institution","""Cunningham Combination Poorhouse""","Irvine, Ayr, Scotland","0203599","GRO","595",,"13","8","David LOGAN","U","70","M","Kilbirnie, Ayr, Scotland","Pauper","Farm Servant"
"Institution","""Cunningham Combination Poorhouse""","Irvine, Ayr, Scotland","0203599","GRO","595",,"13","8","Marion SMITH","W","70","F","Irvine, Ayr, Scotland","Pauper","Muslin Sewer"
"Institution","""Cunningham Combination Poorhouse""","Irvine, Ayr, Scotland","0203599","GRO","595",,"13","8","John WHITEFORD","U","58","M","Kilbirnie, Ayr, Scotland","Pauper","Shoemaker"
"Institution","""Cunningham Combination Poorhouse""","Irvine, Ayr, Scotland","0203599","GRO","595",,"13","8","Amelia CRAWFORD","U","1","F","","Pauper",""
"Institution","""Cunningham Combination Poorhouse""","Irvine, Ayr, Scotland","0203599","GRO","595",,"13","8","Catherine BARCLAY","U","52","F","Stevenston, Ayr, Scotland","Pauper","None"
"Institution","""Cunningham Combination Poorhouse""","Irvine, Ayr, Scotland","0203599","GRO","595",,"13","8","John WILSON","U","3","M","Stevenston, Ayr, Scotland","Pauper",""
"Institution","""Cunningham Combination Poorhouse""","Irvine, Ayr, Scotland","0203599","GRO","595",,"13","8","Alexander MURCHLAND","W","76","M","Stevenston, Ayr, Scotland","Pauper","Farm Servant"
"Institution","""Cunningham Combination Poorhouse""","Irvine, Ayr, Scotland","0203599","GRO","595",,"13","8","Charles MC WHIRTER","U","6","M","Dundee, Forfar, Scotland","Pauper","Scholar"
"Institution","""Cunningham Combination Poorhouse""","Irvine, Ayr, Scotland","0203599","GRO","595",,"13","8","Thomas GRIER","W","59","M","Glasgow, Lanark, Scotland","Pauper","Coal Miner"
"Institution","""Cunningham Combination Poorhouse""","Irvine, Ayr, Scotland","0203599","GRO","595",,"13","8","Alexander MC DADE","U","8","M","Stevenston, Ayr, Scotland","Pauper","Scholar"
"Institution","""Cunningham Combination Poorhouse""","Irvine, Ayr, Scotland","0203599","GRO","595",,"13","8","David FRASER","U","58","M","Inverness, Inverness, Scotland","Pauper","Shoemaker"
"Dwelling","12 Lyndoch St","West Greenock, Renfrew, Scotland","0203570","GRO","564-1",,"30","11","Robert WHITFORD","M","48","M","Largs, Ayr, Scotland","Head","Baker (Master)"
"Dwelling","12 Lyndoch St","West Greenock, Renfrew, Scotland","0203570","GRO","564-1",,"30","11","Cathrine WHITFORD","M","58","F","Kilmalcolm, Renfrew, Scotland","Wife",""
"Dwelling","12 Lyndoch St","West Greenock, Renfrew, Scotland","0203570","GRO","564-1",,"30","11","Robert WHITFORD","U","23","M","Greenock, Renfrew, Scotland","Son","Baker (Master)"
"Dwelling","85 Pollock St","Govan, Lanark, Scotland","0203682","GRO","644-14",,"20","18","William WHITEFORD","M","56","M","Paisley, Renfrew, Scotland","Head","Spirit Merchant"
"Dwelling","85 Pollock St","Govan, Lanark, Scotland","0203682","GRO","644-14",,"20","18","Agnes WHITEFORD","M","49","F","Govan, Renfrew, Scotland","Wife",""
"Dwelling","85 Pollock St","Govan, Lanark, Scotland","0203682","GRO","644-14",,"20","18","Agnes WHITEFORD","","9","F","Glasgow, Lanark, Scotland","Daur","Scholar"
"Dwelling","85 Pollock St","Govan, Lanark, Scotland","0203682","GRO","644-14",,"20","18","Robert WHITEFORD","","7","M","Glasgow, Lanark, Scotland","Son","Scholar"
"Dwelling","85 Pollock St","Govan, Lanark, Scotland","0203682","GRO","644-14",,"20","18","Isabella CRAWFORD","U","21","F","Kilberry, Argyll, Scotland","Servant","Gen Serv"
"Dwelling","46 Bellfield St","Glasgow, Lanark, Scotland","0203638","GRO","644-3",,"19","16","Edward GIBBON","M","36","M","Rutherglen, Lanark, Scotland","Head","Housejoiner (Employing 7 Men)"
"Dwelling","46 Bellfield St","Glasgow, Lanark, Scotland","0203638","GRO","644-3",,"19","16","Jane GIBBON","M","36","F","Glasgow, Lanark, Scotland","Wife",""
"Dwelling","46 Bellfield St","Glasgow, Lanark, Scotland","0203638","GRO","644-3",,"19","16","Edward GIBBON","","11","M","Glasgow, Lanark, Scotland","Son","Scholar"
"Dwelling","46 Bellfield St","Glasgow, Lanark, Scotland","0203638","GRO","644-3",,"19","16","Thomas GIBBON","","7","M","Glasgow, Lanark, Scotland","Son","Scholar"
"Dwelling","46 Bellfield St","Glasgow, Lanark, Scotland","0203638","GRO","644-3",,"19","16","Jane GIBBON","","2","F","Glasgow, Lanark, Scotland","Daur",""
"Dwelling","46 Bellfield St","Glasgow, Lanark, Scotland","0203638","GRO","644-3",,"19","16","James GIBBON","","1","m","M	Glasgow, Lanark, Scotland","Son",""
"Dwelling","46 Bellfield St","Glasgow, Lanark, Scotland","0203638","GRO","644-3",,"19","16","Grace WHITEFORD OR SCOTT","W","56","F","Lanark, Lanark, Scotland","Visitor","No Occupation"
"Dwelling","38 Fullarton St (Westside) (Blains Land)","Dundonald, Ayr, Scotland","0203599","GRO","595",,"7","59","Thomas DUFF","M","32","M","Ireland","Head","General Labourer"
"Dwelling","38 Fullarton St (Westside) (Blains Land)","Dundonald, Ayr, Scotland","0203599","GRO","595",,"7","59","Sarah DUFF","M","30","F","Ireland","Wife",""
"Dwelling","38 Fullarton St (Westside) (Blains Land)","Dundonald, Ayr, Scotland","0203599","GRO","595",,"7","59","Agnes DUFF","","8","F","Irvine, Ayr, Scotland","Daur","Scholar"
"Dwelling","38 Fullarton St (Westside) (Blains Land)","Dundonald, Ayr, Scotland","0203599","GRO","595",,"7","59","Thomas DUFF","","3","M","Irvine, Ayr, Scotland","Son",""
"Dwelling","38 Fullarton St (Westside) (Blains Land)","Dundonald, Ayr, Scotland","0203599","GRO","595",,"7","59","Samuel DUFF","","1","M","Irvine, Ayr, Scotland","Son",""
"Dwelling","38 Fullarton St (Westside) (Blains Land)","Dundonald, Ayr, Scotland","0203599","GRO","595",,"7","59","Agnes WILSON","W","70","F","Ireland","Mother In Law",""
"Dwelling","38 Fullarton St (Westside) (Blains Land)","Dundonald, Ayr, Scotland","0203599","GRO","595",,"7","59","George RISLEY","M","28","M","England","Lodger","General Labourer"
"Dwelling","38 Fullarton St (Westside) (Blains Land)","Dundonald, Ayr, Scotland","0203599","GRO","595",,"7","59","Jessie MC LELLAND","M","34","F","Maybole, Ayr, Scotland","Lodger","Outdoor Worker"
"Dwelling","38 Fullarton St (Westside) (Blains Land)","Dundonald, Ayr, Scotland","0203599","GRO","595",,"7","59","William MC LAUCHLAND","M","22","M","Ayr, Ayr, Scotland","Lodger","General Labourer"
"Dwelling","38 Fullarton St (Westside) (Blains Land)","Dundonald, Ayr, Scotland","0203599","GRO","595",,"7","59","Hugh MC GILL","U","53","M","Ireland","Lodger","General Labourer"
"Dwelling","38 Fullarton St (Westside) (Blains Land)","Dundonald, Ayr, Scotland","0203599","GRO","595",,"7","59","Francis MULLIN","U","66","M","Ireland","Lodger","Railway Surfaceman"
"Dwelling","38 Fullarton St (Westside) (Blains Land)","Dundonald, Ayr, Scotland","0203599","GRO","595",,"7","59","Patrick MC LEAN","U","38","M","Ireland","Lodger","General Labourer"
"Dwelling","38 Fullarton St (Westside) (Blains Land)","Dundonald, Ayr, Scotland","0203599","GRO","595",,"7","59","John MC CARTNEY","U","64","M","Ireland","Lodger","General Labourer"
"Dwelling","38 Fullarton St (Westside) (Blains Land)","Dundonald, Ayr, Scotland","0203599","GRO","595",,"7","59","Joseph NEWTON","M","52","M","England","Lodger","Shoemaker"
"Dwelling","38 Fullarton St (Westside) (Blains Land)","Dundonald, Ayr, Scotland","0203599","GRO","595",,"7","59","Mary WITFORD","M","54","F","England","Lodger","Street Singer"
"Dwelling","80 Broomlands","Paisley High Church, Renfrew, Scotland","0203582","GRO","573",,"22","18","James WHITEFORD","M","53","M","Paisley, Renfrew, Scotland","Head","House Painter"
"Dwelling","80 Broomlands","Paisley High Church, Renfrew, Scotland","0203582","GRO","573",,"22","18","Mary (Mrs) WHITEFORD","M","45","F","Paisley, Renfrew, Scotland","Wife",""
"Dwelling","80 Broomlands","Paisley High Church, Renfrew, Scotland","0203582","GRO","573",,"22","18","Jane WHITEFORD","U","20","F","Paisley, Renfrew, Scotland","Daur","Mill Worker"
"Dwelling","80 Broomlands","Paisley High Church, Renfrew, Scotland","0203582","GRO","573",,"22","18","John WHITEFORD","U","19","M","Paisley, Renfrew, Scotland","Son","Joiner"
"Dwelling","80 Broomlands","Paisley High Church, Renfrew, Scotland","0203582","GRO","573",,"22","18","Andrew WHITEFORD","U","16","M","Paisley, Renfrew, Scotland","Son","Plumber"
"Dwelling","80 Broomlands","Paisley High Church, Renfrew, Scotland","0203582","GRO","573",,"22","18","Mary WHITEFORD","U","14","F","Paisley, Renfrew, Scotland","Daur","Mill Worker"
"Dwelling","80 Broomlands","Paisley High Church, Renfrew, Scotland","0203582","GRO","573",,"22","18","Hugh WHITEFORD","U","5","M","Paisley, Renfrew, Scotland","Son","Scholar"
"Dwelling","26 Market St","Middle Greenock, Renfrew, Scotland","0203569","GRO","564-1",,"13","5","Jane WHITEFORD","W","52","F","Port Glasgow, Renfrew, Scotland","Head","Grocer"
"Dwelling","26 Market St","Middle Greenock, Renfrew, Scotland","0203569","GRO","564-1",,"13","5","John WHITEFORD","U","23","M","Greenock, Renfrew, Scotland","Son","Brass Finisher"
"Dwelling","Schoolwell St","Stevenston, Ayr, Scotland","0203609","GRO","615",,"2","39","John WHITEFORD","M","51","M","Stevenston, Ayr, Scotland","Head","Coal Miner"
"Dwelling","Schoolwell St","Stevenston, Ayr, Scotland","0203609","GRO","615",,"2","39","Mary WHITEFORD","M","52","F","Stevenston, Ayr, Scotland","Wife","Miners Wife"
"Dwelling","Schoolwell St","Stevenston, Ayr, Scotland","0203609","GRO","615",,"2","39","Bella BORLAND","","6","F","Saltcoats, Ayr, Scotland","Grand Daur","Scholar"
"Dwelling","Schoolwell St","Stevenston, Ayr, Scotland","0203609","GRO","615",,"2","39","Andrew BORLAND","","4","M","Saltcoats, Ayr, Scotland","Grandson",""
"Dwelling","Schoolwell St","Stevenston, Ayr, Scotland","0203609","GRO","615",,"2","39","Robert SMILLIE","U","20","M","Stevenston, Ayr, Scotland","Boarder","Coal Miner"
"Dwelling","Schoolwell St","Stevenston, Ayr, Scotland","0203609","GRO","615",,"2","39","William HAMILTON","U","19","M","Stevenston, Ayr, Scotland","Boarder","Coal Miner"
"Dwelling","6 Seed Hill Road","Paisley Low Church, Renfrew, Scotland","0203584","GRO","573",,"71","3","Thomas WHITEFORD","M","52","M","Dunbarton, Scotland","Head","Foremen Michanic"
"Dwelling","6 Seed Hill Road","Paisley Low Church, Renfrew, Scotland","0203584","GRO","573",,"71","3","Margaret Smith WHITEFORD","M","49","F","Paisley, Renfrew, Scotland","Wife","Foremen Michanic Wife"
"Dwelling","6 Seed Hill Road","Paisley Low Church, Renfrew, Scotland","0203584","GRO","573",,"71","3","Thomas WHITEFORD","U","23","M","Paisley, Renfrew, Scotland","Son","Patren Maker"
"Dwelling","6 Seed Hill Road","Paisley Low Church, Renfrew, Scotland","0203584","GRO","573",,"71","3","Jane Smith WHITEFORD","U","18","F","Paisley, Renfrew, Scotland","Daur","Mill Worker"
"Dwelling","6 Seed Hill Road","Paisley Low Church, Renfrew, Scotland","0203584","GRO","573",,"71","3","Elizabeth Donald WHITEFORD","","16","F","Paisley, Renfrew, Scotland","Daur","Mill Worker"
"Dwelling","6 Seed Hill Road","Paisley Low Church, Renfrew, Scotland","0203584","GRO","573",,"71","3","Joan WHITEFORD","","12","F","Paisley, Renfrew, Scotland","Daur","Scholar"
"Dwelling","6 Seed Hill Road","Paisley Low Church, Renfrew, Scotland","0203584","GRO","573",,"71","3","Catherine Smith WHITEFORD","","11","F","Paisley, Renfrew, Scotland","Daur","Scholar"
"Institution","""Dalry Reformatory School""","Edinburgh St Cuthberts, Edinburgh, Scotland","0223989","GRO","685-1",,"1","49","Ellen WHITEFORD","U","51","F","Newlands, Peeble, Scotland","Matron","Matron"
"Institution","""Dalry Reformatory School""","Edinburgh St Cuthberts, Edinburgh, Scotland","0223989","GRO","685-1",,"1","49","Charlotte ROBERTSON","U","26","F","Leith, Edinburgh, Scotland","Teacher","Teacher"
"Institution","""Dalry Reformatory School""","Edinburgh St Cuthberts, Edinburgh, Scotland","0223989","GRO","685-1",,"1","49","Margaret MUNRO","U","36","F","Edinburgh, Edinburgh, Scotland","Teacher","Teacher"
"Institution","""Dalry Reformatory School""","Edinburgh St Cuthberts, Edinburgh, Scotland","0223989","GRO","685-1",,"1","49","Annie MILLS OR BUDGEON","W","55","F","England","Serv","Laundress"
"Institution","""Dalry Reformatory School""","Edinburgh St Cuthberts, Edinburgh, Scotland","0223989","GRO","685-1",,"1","49","Margaret CRAIGIE","U","21","F","Edinburgh, Edinburgh, Scotland","Serv","Dressmaker"
"Institution","""Dalry Reformatory School""","Edinburgh St Cuthberts, Edinburgh, Scotland","0223989","GRO","685-1",,"1","49","Annie STEWART","","15","F","Leith, Edinburgh, Scotland","Inmate","Scholar"
"Institution","""Dalry Reformatory School""","Edinburgh St Cuthberts, Edinburgh, Scotland","0223989","GRO","685-1",,"1","49","Mary A. DOUGLAS","","16","F","Wooler, England","Inmate","Scholar"
"Institution","""Dalry Reformatory School""","Edinburgh St Cuthberts, Edinburgh, Scotland","0223989","GRO","685-1",,"1","49","Catherine JOHNSTON","","16","F","Norway","Inmate","Scholar"
"Institution","""Dalry Reformatory School""","Edinburgh St Cuthberts, Edinburgh, Scotland","0223989","GRO","685-1",,"1","49","Mary CAMERON","","16","F","Falkirk, Stirling, Scotland","Inmate","Scholar"
"Institution","""Dalry Reformatory School""","Edinburgh St Cuthberts, Edinburgh, Scotland","0223989","GRO","685-1",,"1","49","Mary BOYD","","14","F","Dalry, Ayr, Scotland","Inmate","Scholar"
"Institution","""Dalry Reformatory School""","Edinburgh St Cuthberts, Edinburgh, Scotland","0223989","GRO","685-1",,"1","49","Rachael ADAMSON","","15","F","Leith, Edinburgh, Scotland","Inmate","Scholar"
"Institution","""Dalry Reformatory School""","Edinburgh St Cuthberts, Edinburgh, Scotland","0223989","GRO","685-1",,"1","49","Mary CAMPBELL","","15","F","Edinburgh, Edinburgh, Scotland","Inmate","Scholar"
"Institution","""Dalry Reformatory School""","Edinburgh St Cuthberts, Edinburgh, Scotland","0223989","GRO","685-1",,"1","49","Agnes MC CONNILL","","15","F","Ayr, Ayr, Scotland","Inmate","Scholar"
"Dwelling","7 Bruce St","West Greenock, Renfrew, Scotland","0203574","GRO","564-3",,"14","16","Archd. MC DONALD","M","48","M","Islay Island","Head","Sugarhouse Labourer"
"Dwelling","7 Bruce St","West Greenock, Renfrew, Scotland","0203574","GRO","564-3",,"14","16","Mary MC DONALD","M","52","F","Jura Island","Wife",""
"Dwelling","7 Bruce St","West Greenock, Renfrew, Scotland","0203574","GRO","564-3",,"14","16","Donald MC DONALD","U","20","M","Greenock, Renfrew, Scotland","Son","Lathsplitter"
"Dwelling","7 Bruce St","West Greenock, Renfrew, Scotland","0203574","GRO","564-3",,"14","16","Charles MC DONALD","","14","M","Greenock, Renfrew, Scotland","Son","Lathsplitter"
"Dwelling","7 Bruce St","West Greenock, Renfrew, Scotland","0203574","GRO","564-3",,"14","16","Ann MC DONALD","","12","F","Greenock, Renfrew, Scotland","Daur","Scholar"
"Dwelling","7 Bruce St","West Greenock, Renfrew, Scotland","0203574","GRO","564-3",,"14","16","Archd. MC DONALD","","11","M","Greenock, Renfrew, Scotland","Son","Scholar"
"Dwelling","7 Bruce St","West Greenock, Renfrew, Scotland","0203574","GRO","564-3",,"14","16","Archd. WHITEFORD","U","50","M","Ireland","Boarder","Sugarhouse Labourer"
"Dwelling","7 Bruce St","West Greenock, Renfrew, Scotland","0203574","GRO","564-3",,"14","16","James BARBOUR","U","45","M","Glasgow, Lanark, Scotland","Boarder","Lathsplitter"
"Dwelling","141 George St","Paisley High Church, Renfrew, Scotland","0203581","GRO","573",,"5","19","Janet WHITEFORD","U","50","F","Paisley, Renfrew, Scotland","Head","Annuitant"
"Dwelling","141 George St","Paisley High Church, Renfrew, Scotland","0203581","GRO","573",,"5","19","David E. WHITEFORD","U","35","M","Paisley, Renfrew, Scotland","Relative","Cloth Finisher"
"Dwelling","Garden Park","Cambusnethan, Lanark, Scotland","0203618","GRO","626-B",,"1","54","Adam WHITEFORD","M","48","M","Nemphlar, Lanark, Scotland","Head","Gardener & Coachman"
"Dwelling","Garden Park","Cambusnethan, Lanark, Scotland","0203618","GRO","626-B",,"1","54","Marion WHITEFORD","M","50","F","Liberton, Lanark, Scotland","Wife","Gardener & Coachman Wife"
"Dwelling","Garden Park","Cambusnethan, Lanark, Scotland","0203618","GRO","626-B",,"1","54","Janet WHITEFORD","U","23","F","Nemphlar, Lanark, Scotland","Daur	Handicap: Imbecile","Gardener & Coachman Daur"
"Dwelling","Garden Park","Cambusnethan, Lanark, Scotland","0203618","GRO","626-B",,"1","54","Christina WHITEFORD","U","15","F","Nemphlar, Lanark, Scotland","Daur","Gardener & Coachman Daur"
"Dwelling","93 Roxburgh St","West Greenock, Renfrew, Scotland","0203574","GRO","564-3",,"25","19","William WHITEFORD","M","50","M","Largs, Ayr, Scotland","Head","House Carpenter"
"Dwelling","93 Roxburgh St","West Greenock, Renfrew, Scotland","0203574","GRO","564-3",,"25","19","Helen WHITEFORD","M","43","F","Greenock, Renfrew, Scotland","Wife",""
"Dwelling","93 Roxburgh St","West Greenock, Renfrew, Scotland","0203574","GRO","564-3",,"25","19","Jane WHITEFORD","","6","F","Greenock, Renfrew, Scotland","Daur",""
"Dwelling","93 Roxburgh St","West Greenock, Renfrew, Scotland","0203574","GRO","564-3",,"25","19","Robert WHITEFORD","","4","M","Greenock, Renfrew, Scotland","Son",""
"Dwelling","7 East Lane","Abbey, Renfrew, Scotland","0203585","GRO","573",,"104","5","John H. WHITFORD","M","50","M","Paisley, Renfrew, Scotland","Head","Photographer"
"Dwelling","7 East Lane","Abbey, Renfrew, Scotland","0203585","GRO","573",,"104","5","Elizabeth WHITFORD","M","49","F","Neilston, Renfrew, Scotland","Wife",""
"Dwelling","7 East Lane","Abbey, Renfrew, Scotland","0203585","GRO","573",,"104","5","Fred C. WHITFORD","U","25","M","Paisley, Renfrew, Scotland","Son","Upholsterer"
"Dwelling","7 East Lane","Abbey, Renfrew, Scotland","0203585","GRO","573",,"104","5","Agnes H. WHITFORD","U","18","F","Paisley, Renfrew, Scotland","Daur","Spooler"
"Dwelling","7 East Lane","Abbey, Renfrew, Scotland","0203585","GRO","573",,"104","5","Jessie A. WHITFORD","U","16","F","Paisley, Renfrew, Scotland","Daur","Warehouse Girl"
"Dwelling","7 East Lane","Abbey, Renfrew, Scotland","0203585","GRO","573",,"104","5","Andrew B.L. WHITFORD","","15","M","Paisley, Renfrew, Scotland","Son","Message Boy"
"Dwelling","7 East Lane","Abbey, Renfrew, Scotland","0203585","GRO","573",,"104","5","John H. WHITFORD","","13","M","Paisley, Renfrew, Scotland","Son","Scholar"
"Dwelling","7 East Lane","Abbey, Renfrew, Scotland","0203585","GRO","573",,"104","5","Elizabeth H. WHITFORD","","10","F","Paisley, Renfrew, Scotland","Daur","Scholar"
"Dwelling","7 East Lane","Abbey, Renfrew, Scotland","0203585","GRO","573",,"104","5","William WHITFORD","","8","M","Paisley, Renfrew, Scotland","Son","Scholar"
"Dwelling","7 East Lane","Abbey, Renfrew, Scotland","0203585","GRO","573",,"104","5","Barbara LINDSAY","W","76","F","Dunfermline, Fife, Scotland","Mother In Law","Formerly Warper"
"Dwelling","77 George St","Paisley High Church, Renfrew, Scotland","0203582","GRO","573",,"27","10","John WHITEFORD","M","49","M","Paisley, Renfrew, Scotland","Head","Shawl Weaver"
"Dwelling","77 George St","Paisley High Church, Renfrew, Scotland","0203582","GRO","573",,"27","10","Janet WHITEFORD","M","48","F","Paisley, Renfrew, Scotland","Wife","Shawl Weaver"
"Dwelling","77 George St","Paisley High Church, Renfrew, Scotland","0203582","GRO","573",,"27","10","James WHITEFORD","U","21","M","Paisley, Renfrew, Scotland","Son","Tailor"
"Dwelling","77 George St","Paisley High Church, Renfrew, Scotland","0203582","GRO","573",,"27","10","Cathrine WHITEFORD","","15","F","Paisley, Renfrew, Scotland","Daur","Thread Mill Worker"
"Dwelling","77 George St","Paisley High Church, Renfrew, Scotland","0203582","GRO","573",,"27","10","Sarah MC DIVET","U","18","F","Paisley, Renfrew, Scotland","Step Daur","Web Twister Power Loom"
"Dwelling","77 George St","Paisley High Church, Renfrew, Scotland","0203582","GRO","573",,"27","10","James MC DIVET","","16","M","Paisley, Renfrew, Scotland","Step Son","Blacksmith"
"Dwelling","Mossneuk Farm","Beith, Ayr, Scotland","0203592","GRO","581",,"7","21","Elizabeth HAMILTON","U","60","F","Kilmacolm, Renfrew, Scotland","Head","Farmer Of 80 Acres Arable"
"Dwelling","Mossneuk Farm","Beith, Ayr, Scotland","0203592","GRO","581",,"7","21","Margaret SCOTT","U","40","F","Beith, Ayr, Scotland","Niece","Farmer"
"Dwelling","Mossneuk Farm","Beith, Ayr, Scotland","0203592","GRO","581",,"7","21","David WHITEFORD","U","48","M","Paisley, Renfrew, Scotland","Serv","Farm Servant"
"Dwelling","Mossneuk Farm","Beith, Ayr, Scotland","0203592","GRO","581",,"7","21","Neil MC NEIL","U","33","M","Lochgilphead, Argyll, Scotland","Serv","Farm Servant"
"Dwelling","Riverside Cottages 4 And 5","Cramond, Edinburgh, Scotland","0223986","GRO","679",,"5","21","John WHITEFORD","M","48","M","Corstorphine, Edinburgh, Scotland","Head","Gen Lab"
"Dwelling","Riverside Cottages 4 And 5","Cramond, Edinburgh, Scotland","0223986","GRO","679",,"5","21","Helen WHITEFORD","M","48","F","Cramond, Edinburgh, Scotland","Wife",""
"Dwelling","Riverside Cottages 4 And 5","Cramond, Edinburgh, Scotland","0223986","GRO","679",,"5","21","William WHITEFORD","U","17","M","Cramond, Edinburgh, Scotland","Son","Gen Lab"
"Dwelling","Riverside Cottages 4 And 5","Cramond, Edinburgh, Scotland","0223986","GRO","679",,"5","21","John WHITEFORD","","14","M","Cramond, Edinburgh, Scotland","Son","Gen Lab"
"Dwelling","Riverside Cottages 4 And 5","Cramond, Edinburgh, Scotland","0223986","GRO","679",,"5","21","James WHITEFORD","","12","M","Cramond, Edinburgh, Scotland","Son","Scholar"
"Dwelling","Riverside Cottages 4 And 5","Cramond, Edinburgh, Scotland","0223986","GRO","679",,"5","21","Grace WHITEFORD","","7","F","Cramond, Edinburgh, Scotland","Daur","Scholar"
"Dwelling","4 Lylesland","Abbey, Renfrew, Scotland","0203585","GRO","573",,"95","3","James WHITEFORD","M","48","M","Paisley, Renfrew, Scotland","Head","Fruit Merchant"
"Dwelling","4 Lylesland","Abbey, Renfrew, Scotland","0203585","GRO","573",,"95","3","Elizabeth WHITEFORD","M","46","F","Paisley, Renfrew, Scotland","Wife",""
"Dwelling","4 Lylesland","Abbey, Renfrew, Scotland","0203585","GRO","573",,"95","3","John WHITEFORD","U","17","M","Paisley, Renfrew, Scotland","Son","Fruiterers Assistant"
"Dwelling","4 Lylesland","Abbey, Renfrew, Scotland","0203585","GRO","573",,"95","3","Eliza WHITEFORD","U","14","F","Paisley, Renfrew, Scotland","Daur","Worker At Home"
"Dwelling","4 Lylesland","Abbey, Renfrew, Scotland","0203585","GRO","573",,"95","3","William WHITEFORD","","12","M","Paisley, Renfrew, Scotland","Son","Scholar"
"Dwelling","4 Lylesland","Abbey, Renfrew, Scotland","0203585","GRO","573",,"95","3","Robert C. WHITEFORD","","4","M","Paisley, Renfrew, Scotland","Son",""
"Dwelling","4 Lylesland","Abbey, Renfrew, Scotland","0203585","GRO","573",,"95","3","Mary WHITEFORD","","2","F","Paisley, Renfrew, Scotland","Daur",""
"Dwelling","6 Forsyth St","West Greenock, Renfrew, Scotland","0203575","GRO","564-3",,"35","11","James WHITEFORD","W","48","M","Newlands, Peeble, Scotland","Head","Dr Of Medicine Univ Edin L.R.C.S. Edin"
"Dwelling","6 Forsyth St","West Greenock, Renfrew, Scotland","0203575","GRO","564-3",,"35","11","Jane MACRAE","U","22","F","Lochalsh, Ross and Cromarty, Scotland","Servt","Cook Domestic Servt"
"Dwelling","6 Forsyth St","West Greenock, Renfrew, Scotland","0203575","GRO","564-3",,"35","11","Elizabeth LINDSEY","U","21","F","Edinburgh, Edinburgh, Scotland","Servt","Housemaid Domestic Servt"
"Dwelling","17 Castle Street","Paisley High Church, Renfrew, Scotland","0203581","GRO","573",,"17","19","Jane WHITEFORD","W","48","F","Echeljohn, Dumfries, Scotland","Head","Housekeeper"
"Dwelling","17 Castle Street","Paisley High Church, Renfrew, Scotland","0203581","GRO","573",,"17","19","Alexander WHITEFORD","U","24","M","Paisley, Renfrew, Scotland","Son","Printing Machine Worker"
"Dwelling","17 Castle Street","Paisley High Church, Renfrew, Scotland","0203581","GRO","573",,"17","19","Jessie Campbell WHITEFORD","U","19","F","Paisley, Renfrew, Scotland","Daur","Thread Mill Worker"
"Dwelling","17 Castle Street","Paisley High Church, Renfrew, Scotland","0203581","GRO","573",,"17","19","Agnes Harper WHITEFORD","U","16","F","Paisley, Renfrew, Scotland","Daur","Thread Mill Worker"
"Dwelling","17 Castle Street","Paisley High Church, Renfrew, Scotland","0203581","GRO","573",,"17","19","William James WHITEFORD","","3","M","Paisley, Renfrew, Scotland","Grandson",""
"Dwelling","17 Castle Street","Paisley High Church, Renfrew, Scotland","0203581","GRO","573",,"17","19","Catherine Graham WHITEFORD","","1","F","Paisley, Renfrew, Scotland","Grand Daur",""
"Dwelling","5 Watt St","West Greenock, Renfrew, Scotland","0203574","GRO","564-3",,"28","26","John WHITEFORD","M","48","M","Lanark, Lanark, Scotland","Head","Gardener"
"Dwelling","5 Watt St","West Greenock, Renfrew, Scotland","0203574","GRO","564-3",,"28","26","Marion WHITEFORD","M","46","F","Lanark, Lanark, Scotland","Wife",""
"Dwelling","5 Watt St","West Greenock, Renfrew, Scotland","0203574","GRO","564-3",,"28","26","John WHITEFORD","U","15","M","Rutherglen, Lanark, Scotland","Son","Message Boy"
"Dwelling","5 Watt St","West Greenock, Renfrew, Scotland","0203574","GRO","564-3",,"28","26","Jessie WHITEFORD","U","13","F","Greenock, Renfrew, Scotland","Daur","Scholar"
"Dwelling","5 Watt St","West Greenock, Renfrew, Scotland","0203574","GRO","564-3",,"28","26","Alex Forbes WHITEFORD","U","8","M","Greenock, Renfrew, Scotland","Son","Scholar"
"Dwelling","5 Watt St","West Greenock, Renfrew, Scotland","0203574","GRO","564-3",,"28","26","Minnie WHITEFORD","U","4","F","Greenock, Renfrew, Scotland","Daur",""
"Dwelling","5 Watt St","West Greenock, Renfrew, Scotland","0203574","GRO","564-3",,"28","26","May WHITEFORD","U","2","F","Greenock, Renfrew, Scotland","Daur",""
"Dwelling","Bridge Street","Kilbirnie, Ayr, Scotland","0203600","GRO","596",,"8","25","Robert WHITEFORD","M","48","M","Kilbirnie, Ayr, Scotland","Head","Iron Miner"
"Dwelling","Bridge Street","Kilbirnie, Ayr, Scotland","0203600","GRO","596",,"8","25","Marion WHITEFORD","M","47","F","New Cumnock, Ayr, Scotland","Wife",""
"Dwelling","Bridge Street","Kilbirnie, Ayr, Scotland","0203600","GRO","596",,"8","25","Jane WHITEFORD","U","24","F","Kilbirnie, Ayr, Scotland","Daug","Fishing Net Worker"
"Dwelling","Bridge Street","Kilbirnie, Ayr, Scotland","0203600","GRO","596",,"8","25","Esther M. WHITEFORD","U","15","F","Kilbirnie, Ayr, Scotland","Daug","Fishing Net Worker"
"Dwelling","Bridge Street","Kilbirnie, Ayr, Scotland","0203600","GRO","596",,"8","25","Matthew WHITEFORD","","10","M","Kilbirnie, Ayr, Scotland","Son","Scholar"
"Dwelling","Bridge Street","Kilbirnie, Ayr, Scotland","0203600","GRO","596",,"8","25","John WHITEFORD","","8","M","Kilbirnie, Ayr, Scotland","Son","Scholar"
"Dwelling","1 Reid St","Shettleston, Lanark, Scotland","0203614","GRO","622-2",,"6","21","Isabella WHITEFORD","U","47","F","Lanark, Lanark, Scotland","Head","Cotton Damask Weaver"
"Dwelling","Driffenbeg","Mearns, Renfrew, Scotland","0203578","GRO","571",,"9","3","John WHITEFORD","M","47","M","Stewarton, Ayr, Scotland","Head","Farmer 440 Acres 250 Arable Employs 1 Man 1 Boy 2 Women"
"Dwelling","Driffenbeg","Mearns, Renfrew, Scotland","0203578","GRO","571",,"9","3","Agnes WHITEFORD","M","32","F","Mearns, Renfrew, Scotland","Wife","Farmers Wife"
"Dwelling","Driffenbeg","Mearns, Renfrew, Scotland","0203578","GRO","571",,"9","3","Robert WHITEFORD","","9","M","Mearns, Renfrew, Scotland","Son","Scholar"
"Dwelling","Driffenbeg","Mearns, Renfrew, Scotland","0203578","GRO","571",,"9","3","James WHITEFORD","","7","M","Mearns, Renfrew, Scotland","Son","Scholar"
"Dwelling","Driffenbeg","Mearns, Renfrew, Scotland","0203578","GRO","571",,"9","3","Margaret WHITEFORD","","5","F","Mearns, Renfrew, Scotland","Daur","Farmers Daur"
"Dwelling","Driffenbeg","Mearns, Renfrew, Scotland","0203578","GRO","571",,"9","3","Agnes WHITEFORD","","3","F","Mearns, Renfrew, Scotland","Daur","Farmers Daur"
"Dwelling","Driffenbeg","Mearns, Renfrew, Scotland","0203578","GRO","571",,"9","3","Alexander WHITEFORD","","1","M","Mearns, Renfrew, Scotland","Son","Farmers Son"
"Dwelling","Driffenbeg","Mearns, Renfrew, Scotland","0203578","GRO","571",,"9","3","Mary Jane MC CARTNEY","U","13","F","Donegal, Ireland","Serv","Domestic Serv"
"Dwelling","Driffenbeg","Mearns, Renfrew, Scotland","0203578","GRO","571",,"9","3","Catherine MC DAIRMID","U","17","F","East Kilbride, Lanark, Scotland","Serv","General Serv"
"Dwelling","Driffenbeg","Mearns, Renfrew, Scotland","0203578","GRO","571",,"9","3","Edward HAGGARTY","U","19","M","Glasgow, Lanark, Scotland","Serv","Farm Serv"
"Dwelling","Driffenbeg","Mearns, Renfrew, Scotland","0203578","GRO","571",,"9","3","William ALLISON","U","16","M","Mearns, Renfrew, Scotland","Serv","Farm Boy"
"Dwelling","Elba Lane Whinning Park Pl","Barony, Lanark, Scotland","0203635","GRO","644-2",,"48","11","Joseph WHITEFORD","M","46","M","Kilbirnie, Ayr, Scotland","Head","Cotton Yarn Draper"
"Dwelling","Elba Lane Whinning Park Pl","Barony, Lanark, Scotland","0203635","GRO","644-2",,"48","11","Christn. WHITEFORD","M","42","F","Luss, Dunbarton, Scotland","Wife",""
"Dwelling","Elba Lane Whinning Park Pl","Barony, Lanark, Scotland","0203635","GRO","644-2",,"48","11","Joseph WHITEFORD","U","17","M","Glasgow, Lanark, Scotland","Son","Plane Maker"
"Dwelling","Elba Lane Whinning Park Pl","Barony, Lanark, Scotland","0203635","GRO","644-2",,"48","11","Janet WHITEFORD","","15","F","Glasgow, Lanark, Scotland","Daur","Silk Winder"
"Dwelling","Elba Lane Whinning Park Pl","Barony, Lanark, Scotland","0203635","GRO","644-2",,"48","11","John WHITEFORD","","13","M","Glasgow, Lanark, Scotland","Son","Scholar"
"Dwelling","Elba Lane Whinning Park Pl","Barony, Lanark, Scotland","0203635","GRO","644-2",,"48","11","David WHITEFORD","","10","M","Glasgow, Lanark, Scotland","Son","Scholar"
"Dwelling","Elba Lane Whinning Park Pl","Barony, Lanark, Scotland","0203635","GRO","644-2",,"48","11","Margaret WHITEFORD","","8","F","Glasgow, Lanark, Scotland","Daur","Scholar"
"Dwelling","Elba Lane Whinning Park Pl","Barony, Lanark, Scotland","0203635","GRO","644-2",,"48","11","Thomas WHITEFORD","","2","M","Glasgow, Lanark, Scotland","Son",""
"Dwelling","11 Scarlow St","Port Glasgow, Renfrew, Scotland","0203586","GRO","574",,"15","20","John WHITEFORD","M","40","M","Campbeltown, Argyll, Scotland","Head","Blacksmith"
"Dwelling","11 Scarlow St","Port Glasgow, Renfrew, Scotland","0203586","GRO","574",,"15","20","Mary WHITEFORD","M","46","F","Campbeltown, Argyll, Scotland","Wife",""
"Dwelling","11 Scarlow St","Port Glasgow, Renfrew, Scotland","0203586","GRO","574",,"15","20","Agnes K. WHITEFORD","U","16","F","Port Glasgow, Renfrew, Scotland","Daur","Millworker"
"Dwelling","11 Scarlow St","Port Glasgow, Renfrew, Scotland","0203586","GRO","574",,"15","20","Alexander K. WHITEFORD","U","14","M","Port Glasgow, Renfrew, Scotland","Son","Scholar"
"Dwelling","11 Scarlow St","Port Glasgow, Renfrew, Scotland","0203586","GRO","574",,"15","20","Flora WHITEFORD","U","11","F","Port Glasgow, Renfrew, Scotland","Daur","Scholar"
"Dwelling","11 Scarlow St","Port Glasgow, Renfrew, Scotland","0203586","GRO","574",,"15","20","John WHITEFORD","U","6","M","Port Glasgow, Renfrew, Scotland","Son",""
"Dwelling","11 Scarlow St","Port Glasgow, Renfrew, Scotland","0203586","GRO","574",,"15","20","James WHITEFORD","U","4","M","Port Glasgow, Renfrew, Scotland","Son",""
"Dwelling","11 Scarlow St","Port Glasgow, Renfrew, Scotland","0203586","GRO","574",,"15","20","Marion ROY","W","76","F","Campbeltown, Argyll, Scotland","Mother In Law","Gen Servant"
"Dwelling","11 Scarlow St","Port Glasgow, Renfrew, Scotland","0203586","GRO","574",,"15","20","Samuel TATE","U","22","M","Ireland","Lodger","Coachman"
"Dwelling","11 Scarlow St","Port Glasgow, Renfrew, Scotland","0203586","GRO","574",,"15","20","James MC FADYEN","U","26","M","Ireland","Lodger","Gen Labourer"
"Dwelling","11 Scarlow St","Port Glasgow, Renfrew, Scotland","0203586","GRO","574",,"15","20","George EASDAL","U","19","M","Ireland","Lodger","Gen Labourer"
"Dwelling","11 Scarlow St","Port Glasgow, Renfrew, Scotland","0203586","GRO","574",,"15","20","John MC LEAN","U","25","M","Ireland","Lodger","Brass Finisher"
"Dwelling","Rhone Cottage","Lesmahagow, Lanark, Scotland","0203695","GRO","649",,"14","6","Ebenezer WHITEFORD","M","44","M","Lanark, Lanark, Scotland","Head","Gen Labr"
"Dwelling","Rhone Cottage","Lesmahagow, Lanark, Scotland","0203695","GRO","649",,"14","6","Elizabeth WHITEFORD","M","45","F","Carmichael, Lanark, Scotland","Wife","Gen L Wife"
"Dwelling","Rhone Cottage","Lesmahagow, Lanark, Scotland","0203695","GRO","649",,"14","6","Robert WHITEFORD","","16","M","Carluke, Lanark, Scotland","Son","Gen Labr"
"Dwelling","Rhone Cottage","Lesmahagow, Lanark, Scotland","0203695","GRO","649",,"14","6","John WHITEFORD","","14","M","Carluke, Lanark, Scotland","Son","Gen Labr"
"Dwelling","Rhone Cottage","Lesmahagow, Lanark, Scotland","0203695","GRO","649",,"14","6","Adam WHITEFORD","","10","M","Lesmahagow, Lanark, Scotland","Son","Scholar"
"Dwelling","10 Old Fish Market Close","Edinburgh New North, Edinburgh, Scotland","0224004","GRO","685-4",,"12","8","Stuart RODGERS","M","30","M","Edinburgh, Scotland","Head","Shoemaker"
"Dwelling","10 Old Fish Market Close","Edinburgh New North, Edinburgh, Scotland","0224004","GRO","685-4",,"12","8","Isabella RODGERS","M","28","F","Edinburgh, Scotland","Wife",""
"Dwelling","10 Old Fish Market Close","Edinburgh New North, Edinburgh, Scotland","0224004","GRO","685-4",,"12","8","Isabella RODGERS","","9","F","Edinburgh, Scotland","Daur","Scholar"
"Dwelling","10 Old Fish Market Close","Edinburgh New North, Edinburgh, Scotland","0224004","GRO","685-4",,"12","8","Martha Jane RODGERS","","2","F","Edinburgh, Scotland","Daur",""
"Dwelling","10 Old Fish Market Close","Edinburgh New North, Edinburgh, Scotland","0224004","GRO","685-4",,"12","8","Margaret RODGERS","","10","m","F	Edinburgh, Scotland","Daur",""
"Dwelling","10 Old Fish Market Close","Edinburgh New North, Edinburgh, Scotland","0224004","GRO","685-4",,"12","8","Isabella WHITEFORD","W","45","F","Glasgow","Mother In Law","Formerly Charwoman"
"Dwelling","10 Old Fish Market Close","Edinburgh New North, Edinburgh, Scotland","0224004","GRO","685-4",,"12","8","Thos. WHITEFORD","U","16","M","Edinburgh, Scotland","Brother In Law","Tailor"
"Dwelling","45 Burnfoothill","Dalmellington, Ayr, Scotland","0203594","GRO","586",,"1","10","Thomas WHITEFORD","M","43","M","Ireland","Head","Ironstone Miner"
"Dwelling","45 Burnfoothill","Dalmellington, Ayr, Scotland","0203594","GRO","586",,"1","10","Mary WHITEFORD","M","45","F","Ireland","Wife",""
"Dwelling","45 Burnfoothill","Dalmellington, Ayr, Scotland","0203594","GRO","586",,"1","10","Mary WHITEFORD","U","19","F","Northrigs, Lanark, Scotland","Daur","Domestic Serv"
"Dwelling","45 Burnfoothill","Dalmellington, Ayr, Scotland","0203594","GRO","586",,"1","10","Janet WHITEFORD","U","17","F","Whitburn, Linlithgow, Scotland","Daur","Domestic Serv"
"Dwelling","45 Burnfoothill","Dalmellington, Ayr, Scotland","0203594","GRO","586",,"1","10","James WHITEFORD","","13","M","Armadale, Linlithgow, Scotland","Son","Ironstone Miner"
"Dwelling","45 Burnfoothill","Dalmellington, Ayr, Scotland","0203594","GRO","586",,"1","10","Thomas WHITEFORD","","11","M","Blarighead, Lanark, Scotland","Son","Scholar"
"Dwelling","45 Burnfoothill","Dalmellington, Ayr, Scotland","0203594","GRO","586",,"1","10","Ann WHITEFORD","","4","F","Harthill, Lanark, Scotland","Daur","Scholar"
"Dwelling","Burnbank Villa","Beith, Ayr, Scotland","0203592","GRO","581",,"11","8","Robert WHITEFORD","M","45","M","Stewarton, Ayr, Scotland","Head","Merchant & Farmer 160 Acres"
"Dwelling","Burnbank Villa","Beith, Ayr, Scotland","0203592","GRO","581",,"11","8","Jessie WHITEFORD","M","35","F","Campbelton, Argyll, Scotland","Wife",""
"Dwelling","Burnbank Villa","Beith, Ayr, Scotland","0203592","GRO","581",,"11","8","Agnes WHITEFORD","U","14","F","Beith, Ayr, Scotland","Daur","Scholar"
"Dwelling","Burnbank Villa","Beith, Ayr, Scotland","0203592","GRO","581",,"11","8","Jessie WHITEFORD","","13","M","Beith, Ayr, Scotland","Daur","Scholar"
"Dwelling","Burnbank Villa","Beith, Ayr, Scotland","0203592","GRO","581",,"11","8","Robert WHITEFORD","","9","M","Beith, Ayr, Scotland","Son","Scholar"
"Dwelling","Burnbank Villa","Beith, Ayr, Scotland","0203592","GRO","581",,"11","8","Sarah WHITEFORD","","7","F","Beith, Ayr, Scotland","Daur","Scholar"
"Dwelling","Burnbank Villa","Beith, Ayr, Scotland","0203592","GRO","581",,"11","8","Maggie WHITEFORD","","5","F","Beith, Ayr, Scotland","Daur","Scholar"
"Dwelling","Burnbank Villa","Beith, Ayr, Scotland","0203592","GRO","581",,"11","8","Jimimia WHITEFORD","","3","F","Beith, Ayr, Scotland","Daur",""
"Dwelling","Burnbank Villa","Beith, Ayr, Scotland","0203592","GRO","581",,"11","8","Kate A. WHITEFORD","","11","m","F	Beith, Ayr, Scotland","Daur",""
"Dwelling","Burnbank Villa","Beith, Ayr, Scotland","0203592","GRO","581",,"11","8","Margaret MC CLEAN","U","27","F","Mist, Argyll, Scotland","Serv",""
"Dwelling","Burnbank Villa","Beith, Ayr, Scotland","0203592","GRO","581",,"11","8","Richard DYKES","U","20","M","Galston, Ayr, Scotland","Serv","General Ser"
"Dwelling","Oldbar Cottages","Abbey, Renfrew, Scotland","0203580","GRO","572-2",,"11","30","Alexander WHITEFORD","M","44","M","West Kilbride, Ayr, Scotland","Head","Carter"
"Dwelling","Oldbar Cottages","Abbey, Renfrew, Scotland","0203580","GRO","572-2",,"11","30","Margaret WHITEFORD","M","39","F","Largs, Ayr, Scotland","Wife",""
"Dwelling","Oldbar Cottages","Abbey, Renfrew, Scotland","0203580","GRO","572-2",,"11","30","Ann WHITEFORD","U","19","F","Largs, Ayr, Scotland","Daur","Saleswoman"
"Dwelling","Oldbar Cottages","Abbey, Renfrew, Scotland","0203580","GRO","572-2",,"11","30","Margaret WHITEFORD","U","17","F","Largs, Ayr, Scotland","Daur","Saleswoman"
"Dwelling","Twin Houses Bankhead","Lanark, Lanark, Scotland","0203694","GRO","648",,"15","10","James WHITEFORD","M","44","M","Lanark, Lanark, Scotland","Head","Railway Engine Cleaner"
"Dwelling","Twin Houses Bankhead","Lanark, Lanark, Scotland","0203694","GRO","648",,"15","10","Mary Jane WHITEFORD","M","43","F","Ireland","Wife",""
"Dwelling","Twin Houses Bankhead","Lanark, Lanark, Scotland","0203694","GRO","648",,"15","10","Letitia Kemp WHITEFORD","U","19","F","Lanark, Lanark, Scotland","Daur","Cotton Spinner"
"Dwelling","Twin Houses Bankhead","Lanark, Lanark, Scotland","0203694","GRO","648",,"15","10","Grace WHITEFORD","U","16","F","Lanark, Lanark, Scotland","Daur","Cotton Spinner"
"Dwelling","Twin Houses Bankhead","Lanark, Lanark, Scotland","0203694","GRO","648",,"15","10","Walter FANNAN","U","12","M","Edinburgh, Edinburgh, Scotland","Boarder","Scholar"
"Dwelling","Twin Houses Bankhead","Lanark, Lanark, Scotland","0203694","GRO","648",,"15","10","William ELLIS","U","12","M","Edinburgh, Edinburgh, Scotland","Boarder","Scholar"
"Dwelling","Twin Houses Bankhead","Lanark, Lanark, Scotland","0203694","GRO","648",,"15","10","John DEVINE","U","11","M","Edinburgh, Edinburgh, Scotland","Boarder","Scholar"
"Dwelling","Twin Houses Bankhead","Lanark, Lanark, Scotland","0203694","GRO","648",,"15","10","John HARRIGAN","U","9","M","Edinburgh, Edinburgh, Scotland","Boarder","Scholar"
"Dwelling","109 Broomloan Rd","Govan, Lanark, Scotland","0203686","GRO","646-1",,"27","36","John WHITEFORD","M","44","M","Paisley, Renfrew, Scotland","Head","Patternmaker Engine"
"Dwelling","109 Broomloan Rd","Govan, Lanark, Scotland","0203686","GRO","646-1",,"27","36","Janet WHITEFORD","M","38","F","Kilmalcolm, Renfrew, Scotland","Wife",""
"Dwelling","109 Broomloan Rd","Govan, Lanark, Scotland","0203686","GRO","646-1",,"27","36","William WHITEFORD","U","17","M","Govan, Lanark, Scotland","Son","Small Boat Builder (App)"
"Dwelling","109 Broomloan Rd","Govan, Lanark, Scotland","0203686","GRO","646-1",,"27","36","Elizabeth WHITEFORD","","12","F","Govan, Lanark, Scotland","Daur","Scholar"
"Dwelling","Uddington","Douglas, Lanark, Scotland","0203628","GRO","641",,"3","4","William WHITEFORD","M","41","M","Nemphlar, Lanark, Scotland","Head","Quarrier"
"Dwelling","Uddington","Douglas, Lanark, Scotland","0203628","GRO","641",,"3","4","Euphemia WHITEFORD","M","43","F","Colonsay, Argyll, Scotland","Wife",""
"Dwelling","Uddington","Douglas, Lanark, Scotland","0203628","GRO","641",,"3","4","James WHITEFORD","U","20","M","Nemphlar, Lanark, Scotland","Son","Coal Miner"
"Dwelling","Uddington","Douglas, Lanark, Scotland","0203628","GRO","641",,"3","4","Euphemia WHITEFORD","","12","F","Douglas, Lanark, Scotland","Daur","Scholar"
"Dwelling","Uddington","Douglas, Lanark, Scotland","0203628","GRO","641",,"3","4","Alexander WHITEFORD","","10","M","Douglas, Lanark, Scotland","Son","Scholar"
"Dwelling","Uddington","Douglas, Lanark, Scotland","0203628","GRO","641",,"3","4","Flora WHITEFORD","","7","F","Lesmahagow, Lanark, Scotland","Daur","Scholar"
"Dwelling","Uddington","Douglas, Lanark, Scotland","0203628","GRO","641",,"3","4","William WHITEFORD","","5","M","Douglas, Lanark, Scotland","Son","Scholar"
"Dwelling","Uddington","Douglas, Lanark, Scotland","0203628","GRO","641",,"3","4","Mary WHITEFORD","","2","F","Douglas, Lanark, Scotland","Daur",""
"Dwelling","39 Trafalgar Street","West Greenock, Renfrew, Scotland","0203570","GRO","564-1",,"26","29","Andrew WHITEFORD","M","42","M","Paisley, Renfrew, Scotland","Head","Tinsmith"
"Dwelling","39 Trafalgar Street","West Greenock, Renfrew, Scotland","0203570","GRO","564-1",,"26","29","Rachael WHITEFORD","M","43","F","Paisley, Renfrew, Scotland","Wife",""
"Dwelling","39 Trafalgar Street","West Greenock, Renfrew, Scotland","0203570","GRO","564-1",,"26","29","Andrew WHITEFORD","U","17","M","Rothesay, Bute, Scotland","Son","Engineer (Apprentice)"
"Dwelling","39 Trafalgar Street","West Greenock, Renfrew, Scotland","0203570","GRO","564-1",,"26","29","Martha WHITEFORD","U","15","F","Paisley, Renfrew, Scotland","Daur","Office Girl"
"Dwelling","39 Trafalgar Street","West Greenock, Renfrew, Scotland","0203570","GRO","564-1",,"26","29","James WHITEFORD","","14","M","Paisley, Renfrew, Scotland","Son","Painter (Apprentice)"
"Dwelling","39 Trafalgar Street","West Greenock, Renfrew, Scotland","0203570","GRO","564-1",,"26","29","John WHITEFORD","","13","M","Paisley, Renfrew, Scotland","Son","Scholar"
"Dwelling","39 Trafalgar Street","West Greenock, Renfrew, Scotland","0203570","GRO","564-1",,"26","29","William WHITEFORD","","8","M","Greenock, Renfrew, Scotland","Son","Scholar"
"Dwelling","39 Trafalgar Street","West Greenock, Renfrew, Scotland","0203570","GRO","564-1",,"26","29","Mary WHITEFORD","","6","F","Greenock, Renfrew, Scotland","Daur","Scholar"
"Dwelling","39 Trafalgar Street","West Greenock, Renfrew, Scotland","0203570","GRO","564-1",,"26","29","Alfred WHITEFORD","","4","M","Greenock, Renfrew, Scotland","Son","Scholar"
"Dwelling","39 Trafalgar Street","West Greenock, Renfrew, Scotland","0203570","GRO","564-1",,"26","29","Alexander WHITEFORD","","3","M","Greenock, Renfrew, Scotland","Son","Scholar"
"Dwelling","39 Trafalgar Street","West Greenock, Renfrew, Scotland","0203570","GRO","564-1",,"26","29","Andrew WHITEFORD","M","42","M","Paisley, Renfrew, Scotland","Head","Tinsmith"
"Dwelling","39 Trafalgar Street","West Greenock, Renfrew, Scotland","0203570","GRO","564-1",,"26","29","Rachael WHITEFORD","M","43","F","Paisley, Renfrew, Scotland","Wife",""
"Dwelling","39 Trafalgar Street","West Greenock, Renfrew, Scotland","0203570","GRO","564-1",,"26","29","Andrew WHITEFORD","U","17","M","Rothesay, Bute, Scotland","Son","Engineer (Apprentice)"
"Dwelling","39 Trafalgar Street","West Greenock, Renfrew, Scotland","0203570","GRO","564-1",,"26","29","Martha WHITEFORD","U","15","F","Paisley, Renfrew, Scotland","Daur","Office Girl"
"Dwelling","39 Trafalgar Street","West Greenock, Renfrew, Scotland","0203570","GRO","564-1",,"26","29","James WHITEFORD","","14","M","Paisley, Renfrew, Scotland","Son","Painter (Apprentice)"
"Dwelling","39 Trafalgar Street","West Greenock, Renfrew, Scotland","0203570","GRO","564-1",,"26","29","John WHITEFORD","","13","M","Paisley, Renfrew, Scotland","Son","Scholar"
"Dwelling","39 Trafalgar Street","West Greenock, Renfrew, Scotland","0203570","GRO","564-1",,"26","29","William WHITEFORD","","8","M","Greenock, Renfrew, Scotland","Son","Scholar"
"Dwelling","39 Trafalgar Street","West Greenock, Renfrew, Scotland","0203570","GRO","564-1",,"26","29","Mary WHITEFORD","","6","F","Greenock, Renfrew, Scotland","Daur","Scholar"
"Dwelling","39 Trafalgar Street","West Greenock, Renfrew, Scotland","0203570","GRO","564-1",,"26","29","Alfred WHITEFORD","","4","M","Greenock, Renfrew, Scotland","Son","Scholar"
"Dwelling","39 Trafalgar Street","West Greenock, Renfrew, Scotland","0203570","GRO","564-1",,"26","29","Alexander WHITEFORD","","3","M","Greenock, Renfrew, Scotland","Son","Scholar"
"Dwelling","55 Broomlands St","Paisley High Church, Renfrew, Scotland","0203582","GRO","573",,"28","1","John WHITEFORD","M","42","M","Paisley, Renfrew, Scotland","Head","General Labourer"
"Dwelling","55 Broomlands St","Paisley High Church, Renfrew, Scotland","0203582","GRO","573",,"28","1","Catherine WHITEFORD","M","42","F","Edinburgh, Scotland","Wife","Dressmaker"
"Dwelling","136 Nelson Street","Govan, Lanark, Scotland","0203678","GRO","644-13",,"10","18","Christine CUTHILL","W","50","F","Glasgow, Lanark, Scotland","Head","Housewife"
"Dwelling","136 Nelson Street","Govan, Lanark, Scotland","0203678","GRO","644-13",,"10","18","Janet CUTHILL","U","17","F","Govan, Renfrew, Scotland","Daur","Calenderer"
"Dwelling","136 Nelson Street","Govan, Lanark, Scotland","0203678","GRO","644-13",,"10","18","Mary CUTHILL","U","14","F","Renfrew, Renfrew, Scotland","Daur","Calenderer"
"Dwelling","136 Nelson Street","Govan, Lanark, Scotland","0203678","GRO","644-13",,"10","18","Agnes SINCLAIR","W","69","F","Masterton, Fife, Scotland","Boarder","Annuitant"
"Dwelling","136 Nelson Street","Govan, Lanark, Scotland","0203678","GRO","644-13",,"10","18","John WHITEFORD","M","42","M","Largo, Ayr, Scotland","Boarder","Coopers"
"Dwelling","136 Nelson Street","Govan, Lanark, Scotland","0203678","GRO","644-13",,"10","18","John WHITEFORD","U","17","M","Greenock, Renfrew, Scotland","Son","Apprentice Joiner"
"Dwelling","136 Nelson Street","Govan, Lanark, Scotland","0203678","GRO","644-13",,"10","18","Robt. WHITEFORD","U","16","M","Greenock, Renfrew, Scotland","Son","Apprentice Joiner"
"Dwelling","136 Nelson Street","Govan, Lanark, Scotland","0203678","GRO","644-13",,"10","18","Andrew MILLER","U","22","M","England","Boarder","Painter"
"Dwelling","4 West Salisbury Pl","Edinburgh St Cuthberts, Edinburgh, Scotland","0224010","GRO","685-5",,"80","5","Isabella WHITEFORD","W","41","F","Leith, Edinburgh, Scotland","Head","Mangle Woman"
"Dwelling","4 West Salisbury Pl","Edinburgh St Cuthberts, Edinburgh, Scotland","0224010","GRO","685-5",,"80","5","Walter WHITEFORD","U","22","M","Edinburgh, Edinburgh, Scotland","Son","Joiner"
"Dwelling","4 West Salisbury Pl","Edinburgh St Cuthberts, Edinburgh, Scotland","0224010","GRO","685-5",,"80","5","Isabella WHITEFORD","U","20","F","Edinburgh, Edinburgh, Scotland","Daur","Dressmaker"
"Dwelling","4 West Salisbury Pl","Edinburgh St Cuthberts, Edinburgh, Scotland","0224010","GRO","685-5",,"80","5","James MONFRIES","U","27","M","Venturefair, Peeble, Scotland","Boarder","Joiner"
"Dwelling","3 Westmoreland St","Govan, Lanark, Scotland","0203677","GRO","644-12",,"91","1","Isabella WHITEFORD","W","41","F","Elgin, Elgin, Scotland","Head",""
"Dwelling","3 Westmoreland St","Govan, Lanark, Scotland","0203677","GRO","644-12",,"91","1","John WHITEFORD","U","16","M","Glasgow, Lanark, Scotland","Son","Warehouseman"
"Dwelling","3 Westmoreland St","Govan, Lanark, Scotland","0203677","GRO","644-12",,"91","1","Barbara WHITEFORD","","13","F","Glasgow, Lanark, Scotland","Daur","Scholar"
"Dwelling","3 Westmoreland St","Govan, Lanark, Scotland","0203677","GRO","644-12",,"91","1","James E. GRANT","U","38","M","Strathdoune, Banff, Scotland","Lodger","Merchant"
"Dwelling","3 Westmoreland St","Govan, Lanark, Scotland","0203677","GRO","644-12",,"91","1","Samuel L. NEWTON","U","19","M","England","Lodger","Apprentice Locomotive Engineer"
"Dwelling","Fortissat Row","Shotts, Lanark, Scotland","0203704","GRO","655-1",,"7","3","James WHITEFORD","M","41","M","Lanark, Lanark, Scotland","Head","Pitheadman"
"Dwelling","Fortissat Row","Shotts, Lanark, Scotland","0203704","GRO","655-1",,"7","3","Jane WHITEFORD","","32","F","Whitburn, Linlithgow, Scotland","Wife",""
"Dwelling","Fortissat Row","Shotts, Lanark, Scotland","0203704","GRO","655-1",,"7","3","James WHITEFORD","U","17","M","Whitburn, Linlithgow, Scotland","Son","Coal Miner"
"Dwelling","Fortissat Row","Shotts, Lanark, Scotland","0203704","GRO","655-1",,"7","3","Marion WHITEFORD","U","13","F","Whitburn, Linlithgow, Scotland","Daur","Scholar"
"Dwelling","Fortissat Row","Shotts, Lanark, Scotland","0203704","GRO","655-1",,"7","3","Robert WHITEFORD","","2","M","Shotts, Lanark, Scotland","Son",""
"Dwelling","82 Main St","Barony, Lanark, Scotland","0203644","GRO","644-4",,"80","3","Allan WHITEFORD","M","40","M","Lanark, Lanark, Scotland","Head","Muslin Calenderers (Foreman)"
"Dwelling","82 Main St","Barony, Lanark, Scotland","0203644","GRO","644-4",,"80","3","Mary WHITEFORD","","28","F","Darvel, Ayr, Scotland","Wife",""
"Dwelling","82 Main St","Barony, Lanark, Scotland","0203644","GRO","644-4",,"80","3","John WHITEFORD","","13","M","Lanark, Lanark, Scotland","Son","Drapers Messanger"
"Dwelling","82 Main St","Barony, Lanark, Scotland","0203644","GRO","644-4",,"80","3","Margaret WHITEFORD","","11","F","Lanark, Lanark, Scotland","Daur","Scholar"
"Dwelling","82 Main St","Barony, Lanark, Scotland","0203644","GRO","644-4",,"80","3","Janet WHITEFORD","","5","F","Glasgow, Lanark, Scotland","Daur",""
"Dwelling","82 Main St","Barony, Lanark, Scotland","0203644","GRO","644-4",,"80","3","David WHITEFORD","","3","M","Glasgow, Lanark, Scotland","Son",""
"Dwelling","82 Main St","Barony, Lanark, Scotland","0203644","GRO","644-4",,"80","3","Mary WHITEFORD","","1","F","Glasgow, Lanark, Scotland","Daur",""
"Dwelling","2 Patersons Entry","Cramond, Edinburgh, Scotland","0223986","GRO","679",,"2","8","Andrew WHITEFORD","W","40","M","Cramond, Edinburgh, Scotland","Head","Engineer At Ink Works"
"Dwelling","2 Patersons Entry","Cramond, Edinburgh, Scotland","0223986","GRO","679",,"2","8","Andrew WHITEFORD","U","16","M","Cramond, Edinburgh, Scotland","Son","Moulder At Foundry"
"Dwelling","2 Patersons Entry","Cramond, Edinburgh, Scotland","0223986","GRO","679",,"2","8","David WHITEFORD","","15","M","West Calder, Edinburgh, Scotland","Son","Paper Maker (Out Of Employ)"
"Dwelling","2 Patersons Entry","Cramond, Edinburgh, Scotland","0223986","GRO","679",,"2","8","William WHITEFORD","","10","M","Cramond, Edinburgh, Scotland","Son","Scholar"
"Dwelling","2 Patersons Entry","Cramond, Edinburgh, Scotland","0223986","GRO","679",,"2","8","Jane WHITEFORD","","7","F","Cramond, Edinburgh, Scotland","Daur","Scholar"
"Dwelling","2 Patersons Entry","Cramond, Edinburgh, Scotland","0223986","GRO","679",,"2","8","Charles WHITEFORD","","4","M","Cramond, Edinburgh, Scotland","Son",""
"Dwelling","Netherburn...","Dalserf, Lanark, Scotland","0203625","GRO","638-2",,"3","13","James WHITEFORD","M","34","M","Lanark, Lanark, Scotland","Head","Hammerman"
"Dwelling","Netherburn...","Dalserf, Lanark, Scotland","0203625","GRO","638-2",,"3","13","Jessie WHITEFORD","M","40","F","Carluke, Lanark, Scotland","Wife",""
"Dwelling","Netherburn...","Dalserf, Lanark, Scotland","0203625","GRO","638-2",,"3","13","William WHITEFORD","","13","M","Lanark, Lanark, Scotland","Son","Coalminer"
"Dwelling","Netherburn...","Dalserf, Lanark, Scotland","0203625","GRO","638-2",,"3","13","Catherine WHITEFORD","","9","F","Carluke, Lanark, Scotland","Daur","Scholar"
"Dwelling","Netherburn...","Dalserf, Lanark, Scotland","0203625","GRO","638-2",,"3","13","Margaret WHITEFORD","","7","F","Carluke, Lanark, Scotland","Daur","Scholar"
"Dwelling","Netherburn...","Dalserf, Lanark, Scotland","0203625","GRO","638-2",,"3","13","Elizabeth WHITEFORD","","5","F","Carluke, Lanark, Scotland","Daur","Scholar"
"Dwelling","Netherburn...","Dalserf, Lanark, Scotland","0203625","GRO","638-2",,"3","13","Jane WHITEFORD","","3","F","Carluke, Lanark, Scotland","Daur",""
"Dwelling","90 Dean St","Kilmarnock, Ayr, Scotland","0203602","GRO","597",,"20","30","William WHITEFORD","M","40","M","Old Kilpatrick, Dunbarton, Scotland","Head","Shovel Plater"
"Dwelling","90 Dean St","Kilmarnock, Ayr, Scotland","0203602","GRO","597",,"20","30","Jessie WHITEFORD","M","38","F","Old Kilpatrick, Dunbarton, Scotland","Wife",""
"Dwelling","Crichton St Crichtons Buildings","Old Monkland, Lanark, Scotland","0203700","GRO","652-2",,"20","27","William WHITEFORD","M","40","M","Lanark, Lanark, Scotland","Head","Labourer In Rly Workshops"
"Dwelling","Crichton St Crichtons Buildings","Old Monkland, Lanark, Scotland","0203700","GRO","652-2",,"20","27","Matilda WHITEFORD","M","39","F","Lanark, Lanark, Scotland","Wife",""
"Dwelling","Crichton St Crichtons Buildings","Old Monkland, Lanark, Scotland","0203700","GRO","652-2",,"20","27","William WHITEFORD","","15","M","Lanark, Lanark, Scotland","Son","Labour In Iron Works"
"Dwelling","Crichton St Crichtons Buildings","Old Monkland, Lanark, Scotland","0203700","GRO","652-2",,"20","27","Margaret WHITEFORD","","14","F","Lanark, Lanark, Scotland","Daur",""
"Dwelling","Crichton St Crichtons Buildings","Old Monkland, Lanark, Scotland","0203700","GRO","652-2",,"20","27","Hugh WHITEFORD","","12","M","Coatbridge, Lanark, Scotland","Son","Scholar"
"Dwelling","Crichton St Crichtons Buildings","Old Monkland, Lanark, Scotland","0203700","GRO","652-2",,"20","27","Thomas WHITEFORD","","7","M","Coatbridge, Lanark, Scotland","Son","Scholar"
"Dwelling","Crichton St Crichtons Buildings","Old Monkland, Lanark, Scotland","0203700","GRO","652-2",,"20","27","James WHITEFORD","","4","M","Coatbridge, Lanark, Scotland","Son",""
"Dwelling","Crichton St Crichtons Buildings","Old Monkland, Lanark, Scotland","0203700","GRO","652-2",,"20","27","Walter WHITEFORD","","1","M","Coatbridge, Lanark, Scotland","Son",""
"Dwelling","Crichton St Crichtons Buildings","Old Monkland, Lanark, Scotland","0203700","GRO","652-2",,"20","27","John MITCHELL","U","24","M","Greenock, Renfrew, Scotland","Boarder","Stonemason"
"Dwelling","Crichton St Crichtons Buildings","Old Monkland, Lanark, Scotland","0203700","GRO","652-2",,"20","27","Patrick MILLIGAN","U","54","M","Ireland","Boarder","General Labourer"
"Dwelling","Crichton St Crichtons Buildings","Old Monkland, Lanark, Scotland","0203700","GRO","652-2",,"20","27","John POURIE","U","23","M","Perth, Perth, Scotland","Boarder","Bazaar Man Fancy Goods"
"Dwelling","No 11 Regent St","East Greenock, Renfrew, Scotland","0203570","GRO","564-1",,"33","21","William WHITEFORD","M","40","M","Ayr, Ayr, Scotland","Head","Wood Turner"
"Dwelling","No 11 Regent St","East Greenock, Renfrew, Scotland","0203570","GRO","564-1",,"33","21","Elizabeth WHITEFORD","M","25","F","Houston, Renfrew, Scotland","Wife",""
"Dwelling","No 11 Regent St","East Greenock, Renfrew, Scotland","0203570","GRO","564-1",,"33","21","James WHITEFORD","","6","M","Greenock, Renfrew, Scotland","Son",""
"Dwelling","No 11 Regent St","East Greenock, Renfrew, Scotland","0203570","GRO","564-1",,"33","21","Robert B. WHITEFORD","","5","M","Greenock, Renfrew, Scotland","Son",""
"Dwelling","No 11 Regent St","East Greenock, Renfrew, Scotland","0203570","GRO","564-1",,"33","21","William P. WHITEFORD","","2","M","Greenock, Renfrew, Scotland","Son",""
"Dwelling","No 11 Regent St","East Greenock, Renfrew, Scotland","0203570","GRO","564-1",,"33","21","Bowman WHITEFORD","","1","m","M	Greenock, Renfrew, Scotland","Son",""
"Dwelling","33 Cableswynd","South Leith, Edinburgh, Scotland","0224019","GRO","692-2",,"22","4","Grace STARK","W","87","F","Coulter, Lanark, Scotland","Head",""
"Dwelling","33 Cableswynd","South Leith, Edinburgh, Scotland","0224019","GRO","692-2",,"22","4","William STARK","M","43","M","Cramond, Edinburgh, Scotland","Son","Flour Miller"
"Dwelling","33 Cableswynd","South Leith, Edinburgh, Scotland","0224019","GRO","692-2",,"22","4","William STARK","U","15","M","Leith, Edinburgh, Scotland","Grandson","Apprentice cooper"
"Dwelling","33 Cableswynd","South Leith, Edinburgh, Scotland","0224019","GRO","692-2",,"22","4","George WHITEFORD","U","39","M","Cramond, Edinburgh, Scotland","Boarder","Engineers M...ger"
"Dwelling","46 High Patrick St","Hamilton, Lanark, Scotland","0203693","GRO","647",,"16","12","James WHITEFORD","M","39","M","Hamilton, Lanark, Scotland","Head","Joiner Journeyman"
"Dwelling","46 High Patrick St","Hamilton, Lanark, Scotland","0203693","GRO","647",,"16","12","Janet WHITEFORD","M","37","F","Hamilton, Lanark, Scotland","Wife",""
"Dwelling","46 High Patrick St","Hamilton, Lanark, Scotland","0203693","GRO","647",,"16","12","Janet WHITEFORD","U","16","F","Hamilton, Lanark, Scotland","Daur","Machinist"
"Dwelling","46 High Patrick St","Hamilton, Lanark, Scotland","0203693","GRO","647",,"16","12","Agnes P. WHITEFORD","U","14","F","Hamilton, Lanark, Scotland","Daur","Servt Domestic"
"Dwelling","46 High Patrick St","Hamilton, Lanark, Scotland","0203693","GRO","647",,"16","12","Jane WHITEFORD","U","11","F","Hamilton, Lanark, Scotland","Daur","Scholar"
"Dwelling","46 High Patrick St","Hamilton, Lanark, Scotland","0203693","GRO","647",,"16","12","Isaac WHITEFORD","","9","M","Hamilton, Lanark, Scotland","Son","Scholar"
"Dwelling","46 High Patrick St","Hamilton, Lanark, Scotland","0203693","GRO","647",,"16","12","Maggie WHITEFORD","","4","F","Hamilton, Lanark, Scotland","Daur	Handicap: Deaf & Dumb",""
"Dwelling","46 High Patrick St","Hamilton, Lanark, Scotland","0203693","GRO","647",,"16","12","Annie WHITEFORD","","1","F","Hamilton, Lanark, Scotland","Daur",""
"Dwelling","8 Harbour Lane","Ardrossan, Ayr, Scotland","0203588","GRO","576-2",,"4","20","Robert WHITEFORD","M","39","M","W Kilbride, Ayr, Scotland","Head","Carter"
"Dwelling","8 Harbour Lane","Ardrossan, Ayr, Scotland","0203588","GRO","576-2",,"4","20","Jane WHITEFORD","M","38","F","Tarbolton, Ayr, Scotland","Wife",""
"Dwelling","8 Harbour Lane","Ardrossan, Ayr, Scotland","0203588","GRO","576-2",,"4","20","John WHITEFORD","U","20","M","Ochiltree, Ayr, Scotland","Son","Journeyman Baker"
"Dwelling","8 Harbour Lane","Ardrossan, Ayr, Scotland","0203588","GRO","576-2",,"4","20","William WHITEFORD","U","16","M","Ardrossan, Ayr, Scotland","Son","Sculptor Appr"
"Dwelling","8 Harbour Lane","Ardrossan, Ayr, Scotland","0203588","GRO","576-2",,"4","20","Jane WHITEFORD","","9","F","Ardrossan, Ayr, Scotland","Daur","Scholar"
"Dwelling","8 Harbour Lane","Ardrossan, Ayr, Scotland","0203588","GRO","576-2",,"4","20","Margaret WHITEFORD","","7","M","Ardrossan, Ayr, Scotland","Daur","Scholar"
"Dwelling","8 Harbour Lane","Ardrossan, Ayr, Scotland","0203588","GRO","576-2",,"4","20","Alexander WHITEFORD","","5","M","Ardrossan, Ayr, Scotland","Son",""
"Dwelling","8 Harbour Lane","Ardrossan, Ayr, Scotland","0203588","GRO","576-2",,"4","20","Marion WHITEFORD","","3","F","Ardrossan, Ayr, Scotland","Daur",""
"Dwelling","533 Dumbarton Rd","Govan, Lanark, Scotland","0203689","GRO","646-2",,"13","29","William WHITEFORD","M","39","M","Paisley, Renfrew, Scotland","Head","Iron Ship Builder"
"Dwelling","533 Dumbarton Rd","Govan, Lanark, Scotland","0203689","GRO","646-2",,"13","29","Margaret WHITEFORD","M","37","F","Partick, Lancashire, England","Wife",""
"Dwelling","533 Dumbarton Rd","Govan, Lanark, Scotland","0203689","GRO","646-2",,"13","29","Jane N. WHITEFORD","","14","F","Partick, Lancashire, England","Daur","Scholar"
"Vessel","""Union""","Inveresk, Edinburgh, Great Britain","0224065","GRO","689",,,"5","Thomas SANDERS","M","65","M","England","Head","Master"
"Vessel","""Union""","Inveresk, Edinburgh, Great Britain","0224065","GRO","689",,,"5","John WHITFORD","M","39","M","England","","Mate"
"Vessel","""Union""","Inveresk, Edinburgh, Great Britain","0224065","GRO","689",,,"5","John WEBB","U","21","M","England","","A B Seaman"
"Vessel","""Union""","Inveresk, Edinburgh, Great Britain","0224065","GRO","689",,,"5","Henry BEALS","U","21","M","England","","Cook"
"Dwelling","41 West Blackhall St","West Greenock, Renfrew, Scotland","0203574","GRO","564-3",,"19","10","James WHITEFORD","M","38","M","Ayr, Ayr, Scotland","Head","Joiner"
"Dwelling","41 West Blackhall St","West Greenock, Renfrew, Scotland","0203574","GRO","564-3",,"19","10","Janet S. WHITEFORD","M","32","F","Greenock, Renfrew, Scotland","Wife","Tobacconist"
"Dwelling","41 West Blackhall St","West Greenock, Renfrew, Scotland","0203574","GRO","564-3",,"19","10","Wilson S. WHITEFORD","","9","M","Greenock, Renfrew, Scotland","Son","Scholar"
"Dwelling","41 West Blackhall St","West Greenock, Renfrew, Scotland","0203574","GRO","564-3",,"19","10","Margt. WHITEFORD","","7","F","Greenock, Renfrew, Scotland","Daur","Scholar"
"Dwelling","41 West Blackhall St","West Greenock, Renfrew, Scotland","0203574","GRO","564-3",,"19","10","James WHITEFORD","","6","M","Greenock, Renfrew, Scotland","Son","Scholar"
"Dwelling","41 West Blackhall St","West Greenock, Renfrew, Scotland","0203574","GRO","564-3",,"19","10","Janet S. WHITEFORD","","3","F","Greenock, Renfrew, Scotland","Daur",""
"Dwelling","41 West Blackhall St","West Greenock, Renfrew, Scotland","0203574","GRO","564-3",,"19","10","Joan S. WHITEFORD","","9","m","F	Greenock, Renfrew, Scotland","Daur",""
"Dwelling","41 West Blackhall St","West Greenock, Renfrew, Scotland","0203574","GRO","564-3",,"19","10","Teresa STEWART","U","18","F","Greenock, Renfrew, Scotland","Servt","Domestic Servant"
"Dwelling","Gateside","Whitburn, Linlithgow, Scotland","0203709","GRO","673-1",,"1","3","Harry LIND","M","37","M","Whitburn, Linlithgow, Scotland","Head","Slater & Plasterer Emp 3 Men & 1 Boy"
"Dwelling","Gateside","Whitburn, Linlithgow, Scotland","0203709","GRO","673-1",,"1","3","Jane LIND","M","31","F","Whithorn, Wigtown, Scotland","Wife",""
"Dwelling","Gateside","Whitburn, Linlithgow, Scotland","0203709","GRO","673-1",,"1","3","Archibald LIND","U","11","m","M	Whitburn, Linlithgow, Scotland","Son",""
"Dwelling","Gateside","Whitburn, Linlithgow, Scotland","0203709","GRO","673-1",,"1","3","Jams. WHITEFORD","U","38","M","Whithorn, Wigtown, Scotland","Boarder","Pasterers (Appr)"
"Dwelling","4 Pitt Street","Barony, Lanark, Scotland","0203654","GRO","644-7",,"65","15","Janet WHITEFORD","M","38","F","Campbelton, Argyll, Scotland","Head",""
"Dwelling","4 Pitt Street","Barony, Lanark, Scotland","0203654","GRO","644-7",,"65","15","Mary WHITEFORD","","9","F","Glasgow, Lanark, Scotland","Daur","Scholar"
"Dwelling","Bannatyne Street","Lanark, Lanark, Scotland","0203694","GRO","648",,"8","4","Marion WHITEFORD","U","38","F","Lanark, Lanark, Scotland","Head","Grocer"
"Dwelling","Bannatyne Street","Lanark, Lanark, Scotland","0203694","GRO","648",,"8","4","Christina FISHER","U","39","F","Lanark, Lanark, Scotland","Boarder","Grocer"
"Dwelling","Bank St","Kilbirnie, Ayr, Scotland","0203600","GRO","596",,"6","30","William WHITEFORD","M","38","M","Kilbirnie, Ayr, Scotland","Head","Flax Dresser"
"Dwelling","Bank St","Kilbirnie, Ayr, Scotland","0203600","GRO","596",,"6","30","Jane WHITEFORD","M","35","F","Kilbirnie, Ayr, Scotland","Wife",""
"Dwelling","Bank St","Kilbirnie, Ayr, Scotland","0203600","GRO","596",,"6","30","William WHITEFORD","U","15","M","Kilbirnie, Ayr, Scotland","Son","Flax Thread Worker"
"Dwelling","Bank St","Kilbirnie, Ayr, Scotland","0203600","GRO","596",,"6","30","Robert WHITEFORD","","13","M","Kilbirnie, Ayr, Scotland","Son","Scholar"
"Dwelling","Bank St","Kilbirnie, Ayr, Scotland","0203600","GRO","596",,"6","30","John D. WHITEFORD","","11","M","Kilbirnie, Ayr, Scotland","Son","Scholar"
"Dwelling","Bank St","Kilbirnie, Ayr, Scotland","0203600","GRO","596",,"6","30","James WHITEFORD","","5","M","Kilbirnie, Ayr, Scotland","Son",""
"Dwelling","Bank St","Kilbirnie, Ayr, Scotland","0203600","GRO","596",,"6","30","Matthew WHITEFORD","","3","M","Kilbirnie, Ayr, Scotland","Son",""
"Dwelling","Bank St","Kilbirnie, Ayr, Scotland","0203600","GRO","596",,"6","30","Margaret WHITEFORD","","8","m","F	Kilbirnie, Ayr, Scotland","Daur",""
"Dwelling","Russells Land","Cambusnethan, Lanark, Scotland","0203620","GRO","628",,"6","51","Helen WHITEFORD","W","37","F","Crossford, Lanark, Scotland","Head","Seamstress"
"Dwelling","Russells Land","Cambusnethan, Lanark, Scotland","0203620","GRO","628",,"6","51","William MC GOWAN","U","29","M","Carluke, Lanark, Scotland","Lodger","Pit Engineman"
"Dwelling","Russells Land","Cambusnethan, Lanark, Scotland","0203620","GRO","628",,"6","51","William FRASER","U","18","M","Inverness, Scotland","Lodger","Moulder"
"Vessel","""Raven""","At Sea or in a Domestic or Foreign Port","0203620","GRO","628",,"6","51","Robt ARCHIBALD","M","52","M","Kincardine, Perth, Scotland","Head","Master"
"Vessel","""Raven""","At Sea or in a Domestic or Foreign Port","0203620","GRO","628",,"6","51","Peter MCCONNEL","M","48","M","Kircolm, Wigtown, Scotland","","Mate"
"Vessel","""Raven""","At Sea or in a Domestic or Foreign Port","0203620","GRO","628",,"6","51","Malm MCINTYRE","M","38","M","Argyll, Scotland","","Carpenter"
"Vessel","""Raven""","At Sea or in a Domestic or Foreign Port","0203620","GRO","628",,"6","51","Hugh LIVINGSTONE","M","39","M","Morven, Scotland","","AB"
"Vessel","""Raven""","At Sea or in a Domestic or Foreign Port","0203620","GRO","628",,"6","51","Jas MCINNES","M","30","M","Glassaly, Argyll, Scotland","","AB"
"Vessel","""Raven""","At Sea or in a Domestic or Foreign Port","0203620","GRO","628",,"6","51","Peter MCLAREN","","28","M","Kilfinin, Argyll, Scotland","","AB"
"Vessel","""Raven""","At Sea or in a Domestic or Foreign Port","0203620","GRO","628",,"6","51","Jno MATHIES","M","42","M","Clackmannan, Scotland","","AB"
"Vessel","""Raven""","At Sea or in a Domestic or Foreign Port","0203620","GRO","628",,"6","51","Alexr BLOCK","M","27","M","Glasgow","","AB"
"Vessel","""Raven""","At Sea or in a Domestic or Foreign Port","0203620","GRO","628",,"6","51","Thos JOHNSTONE","M","32","M","Norway","","AB"
"Vessel","""Raven""","At Sea or in a Domestic or Foreign Port","0203620","GRO","628",,"6","51","Allan MCKINNON","","27","M","Glasgow","","AB"
"Vessel","""Raven""","At Sea or in a Domestic or Foreign Port","0203620","GRO","628",,"6","51","Alexr WHITFORD","M","37","M","Campbell Town, Argyll, Scotland","","AB"
"Dwelling","48 Bay St Well Close","Port Glasgow, Renfrew, Scotland","0203586","GRO","574",,"5","10","Alexander WHITEFORD","M","36","M","Pt Glasgow, Renfrew, Scotland","Head","Sawyer"
"Dwelling","48 Bay St Well Close","Port Glasgow, Renfrew, Scotland","0203586","GRO","574",,"5","10","Jane WHITEFORD","M","36","F","Pt Glasgow, Renfrew, Scotland","Wife",""
"Dwelling","48 Bay St Well Close","Port Glasgow, Renfrew, Scotland","0203586","GRO","574",,"5","10","William WHITEFORD","","11","M","Pt Glasgow, Renfrew, Scotland","Son","Scholar"
"Dwelling","48 Bay St Well Close","Port Glasgow, Renfrew, Scotland","0203586","GRO","574",,"5","10","Alexander WHITEFORD","","7","M","Pt Glasgow, Renfrew, Scotland","Son","Scholar"
"Dwelling","48 Bay St Well Close","Port Glasgow, Renfrew, Scotland","0203586","GRO","574",,"5","10","John COLGAN","U","27","M","Ireland","Boarder","Sawyer"
"Dwelling","48 Bay St Well Close","Port Glasgow, Renfrew, Scotland","0203586","GRO","574",,"5","10","William CRAIG","U","30","M","Ireland","Boarder","Iron Worker"
"Dwelling","Steels Cross","Lanark, Lanark, Scotland","0203694","GRO","648",,"4","15","Catherine WHITEFORD","W","36","F","Lanark, Lanark, Scotland","Head","Steam Loom Weaver"
"Dwelling","Steels Cross","Lanark, Lanark, Scotland","0203694","GRO","648",,"4","15","Helen WHITEFORD","U","16","F","Lanark, Lanark, Scotland","Daur","Steam Loom Weaver"
"Dwelling","Caldcoats (Farm)","Mearns, Renfrew, Scotland","0203578","GRO","571",,"8","9","John WHITEFORD","M","36","M","Mearns, Renfrew, Scotland","Head","Farmer Of 120 Acres Of Which 40 Arable Emp 2 Men & 2 Girls"
"Dwelling","Caldcoats (Farm)","Mearns, Renfrew, Scotland","0203578","GRO","571",,"8","9","Maggie WHITEFORD","M","26","F","Stonehouse, Lanark, Scotland","Wife","Farmers Wife"
"Dwelling","Caldcoats (Farm)","Mearns, Renfrew, Scotland","0203578","GRO","571",,"8","9","John WHITEFORD","","3","M","Mearns, Renfrew, Scotland","Son",""
"Dwelling","Caldcoats (Farm)","Mearns, Renfrew, Scotland","0203578","GRO","571",,"8","9","Daniel WHITEFORD","","1","M","Mearns, Renfrew, Scotland","Son",""
"Dwelling","Caldcoats (Farm)","Mearns, Renfrew, Scotland","0203578","GRO","571",,"8","9","Jean JOHNSTON","U","16","F","Avondale, Lanark, Scotland","Servant","Dairymaid"
"Dwelling","Caldcoats (Farm)","Mearns, Renfrew, Scotland","0203578","GRO","571",,"8","9","Janet BAIRD","U","20","F","Baileston, Lanark, Scotland","Servant","Servant Domestic"
"Dwelling","Caldcoats (Farm)","Mearns, Renfrew, Scotland","0203578","GRO","571",,"8","9","William MAXWELL","U","14","M","Cambusnethan, Lanark, Scotland","Servant","Farm Servant"
"Dwelling","Caldcoats (Farm)","Mearns, Renfrew, Scotland","0203578","GRO","571",,"8","9","Alexander GILBRAITH","U","32","M","North Knapdale, Argyll, Scotland","Servant","Farm Servant"
"Dwelling","Grass Market No 32","Edinburgh New Greyfriars, Edinburgh, Scotland","0224006","GRO","685-4",,"78","17","Robert WHITEFORD","U","36","M","Edinburgh, Scotland","Head","Cooper"
"Dwelling","15 Roxburgh St","Galashiels, Selkirk, Scotland","0224036","GRO","775",,"6","3","Robert WHITEFORD","M","36","M","Lanark, Scotland","Head","Dyers Lab"
"Dwelling","15 Roxburgh St","Galashiels, Selkirk, Scotland","0224036","GRO","775",,"6","3","Mary WHITEFORD","M","32","F","Lanark, Scotland","Wife",""
"Dwelling","15 Roxburgh St","Galashiels, Selkirk, Scotland","0224036","GRO","775",,"6","3","Margaret WHITEFORD","","5","F","Lanark, Scotland","Dau","Scholar"
"Dwelling","15 Roxburgh St","Galashiels, Selkirk, Scotland","0224036","GRO","775",,"6","3","David WHITEFORD","","4","M","Lanark, Scotland","Son",""
"Dwelling","15 Roxburgh St","Galashiels, Selkirk, Scotland","0224036","GRO","775",,"6","3","Daniel WHITEFORD","","6","m","M	Lanark, Scotland","Son",""
"Dwelling","15 Roxburgh St","Galashiels, Selkirk, Scotland","0224036","GRO","775",,"6","3","James MACKAY","U","25","M","Lanark, Scotland","Boarder","Tweed Finisher"
"Dwelling","15 Roxburgh St","Galashiels, Selkirk, Scotland","0224036","GRO","775",,"6","3","Jane A. KING","U","19","F","Troon, Ayr, Scotland","Boarder","Power Loom Weaver"
"Dwelling","61 Maclean St","Govan, Lanark, Scotland","0203684","GRO","646-1",,"7","42","Allan WHITEFORD","M","35","M","Greenock, Renfrew, Scotland","Head","Plumber"
"Dwelling","61 Maclean St","Govan, Lanark, Scotland","0203684","GRO","646-1",,"7","42","Lillian WHITEFORD","M","34","F","Greenock, Renfrew, Scotland","Wife",""
"Dwelling","61 Maclean St","Govan, Lanark, Scotland","0203684","GRO","646-1",,"7","42","William WHITEFORD","","11","M","Greenock, Renfrew, Scotland","Son","Scholar"
"Dwelling","61 Maclean St","Govan, Lanark, Scotland","0203684","GRO","646-1",,"7","42","Lillian WHITEFORD","","6","F","Govan, Renfrew, Scotland","Daur","Scholar"
"Dwelling","61 Maclean St","Govan, Lanark, Scotland","0203684","GRO","646-1",,"7","42","Jane WHITEFORD","","4","F","Govan, Renfrew, Scotland","Daur",""
"Dwelling","63 Dalmarnock Rd","Barony, Lanark, Scotland","0203629","GRO","644-1",,"14","8","Malcolm WHITEFORD","M","35","M","Kilburrie, Ayr, Scotland","Head","P Loom Tenter (Unemployed)"
"Dwelling","63 Dalmarnock Rd","Barony, Lanark, Scotland","0203629","GRO","644-1",,"14","8","Hannah WHITEFORD","M","34","F","Muirkirk, Ayr, Scotland","Wife",""
"Dwelling","63 Dalmarnock Rd","Barony, Lanark, Scotland","0203629","GRO","644-1",,"14","8","Malcolm WHITEFORD","","13","M","Glasgow, Lanark, Scotland","Son","Office Boy"
"Dwelling","63 Dalmarnock Rd","Barony, Lanark, Scotland","0203629","GRO","644-1",,"14","8","John WHITEFORD","","8","M","Glasgow, Lanark, Scotland","Son","Scholar"
"Dwelling","63 Dalmarnock Rd","Barony, Lanark, Scotland","0203629","GRO","644-1",,"14","8","Robert WHITEFORD","","4","M","Glasgow, Lanark, Scotland","Son",""
"Dwelling","63 Dalmarnock Rd","Barony, Lanark, Scotland","0203629","GRO","644-1",,"14","8","William SINCLAIR","U","25","M","Glasgow, Lanark, Scotland","Boarder","Mechanic"
"Dwelling","Millburn Smithy","Tarbolton, Ayr, Scotland","0203610","GRO","619",,"3","4","James WHITEFORD","M","","M","Campbeltown, Argyll, Scotland","Head","Blacksmith"
"Dwelling","Millburn Smithy","Tarbolton, Ayr, Scotland","0203610","GRO","619",,"3","4","Isabella WHITEFORD","M","34","F","Riccarton, Ayr, Scotland","Wife",""
"Dwelling","Millburn Smithy","Tarbolton, Ayr, Scotland","0203610","GRO","619",,"3","4","William WHITEFORD","","10","M","Stair, Ayr, Scotland","Son","Scholar"
"Dwelling","Millburn Smithy","Tarbolton, Ayr, Scotland","0203610","GRO","619",,"3","4","Allan WHITEFORD","","8","M","Stair, Ayr, Scotland","Son","Scholar"
"Dwelling","Millburn Smithy","Tarbolton, Ayr, Scotland","0203610","GRO","619",,"3","4","Jane McGavin WHITEFORD","","6","F","Riccarton, Ayr, Scotland","Daur","Scholar"
"Dwelling","Millburn Smithy","Tarbolton, Ayr, Scotland","0203610","GRO","619",,"3","4","Mary WHITEFORD","","5","F","Riccarton, Ayr, Scotland","Daur","Scholar"
"Dwelling","Millburn Smithy","Tarbolton, Ayr, Scotland","0203610","GRO","619",,"3","4","Isabella Walker WHITEFORD","","3","F","Riccarton, Ayr, Scotland","Daur",""
"Dwelling","Millburn Smithy","Tarbolton, Ayr, Scotland","0203610","GRO","619",,"3","4","Jessie WHITEFORD","","5","m","F	Tarbolton, Ayr, Scotland","Daur",""
"Dwelling","Millburn Smithy","Tarbolton, Ayr, Scotland","0203610","GRO","619",,"3","4","Elizabeth TRAVERS","","14","F","Irvine, Ayr, Scotland","Serv","Serv"
"Dwelling","Albert Street","Paisley Middle Church, Renfrew, Scotland","0203583","GRO","573",,"46","16","John WHITEFORD","M","33","M","Paisley, Renfrew, Scotland","Head","Joiner"
"Dwelling","Albert Street","Paisley Middle Church, Renfrew, Scotland","0203583","GRO","573",,"46","16","Mary WHITEFORD","M","32","F","Paisley, Renfrew, Scotland","Wife",""
"Dwelling","Albert Street","Paisley Middle Church, Renfrew, Scotland","0203583","GRO","573",,"46","16","Maggie W. WHITEFORD","","8","F","Paisley, Renfrew, Scotland","Daur","Scholar"
"Dwelling","Albert Street","Paisley Middle Church, Renfrew, Scotland","0203583","GRO","573",,"46","16","Robert J. WHITEFORD","","6","M","Paisley, Renfrew, Scotland","Son","Scholar"
"Dwelling","Albert Street","Paisley Middle Church, Renfrew, Scotland","0203583","GRO","573",,"46","16","Thomas B. WHITEFORD","","3","M","Paisley, Renfrew, Scotland","Son",""
"Dwelling","Albert Street","Paisley Middle Church, Renfrew, Scotland","0203583","GRO","573",,"46","16","Agnes J. WHITEFORD","","1","F","Paisley, Renfrew, Scotland","Daur",""
"Dwelling","59 Belville St","East Greenock, Renfrew, Scotland","0203571","GRO","564-2",,"13","7","Robert WHITEFORD","M","33","M","Ayr, Ayr, Scotland","Head","Fitter Of Ships Engines & Boilers"
"Dwelling","59 Belville St","East Greenock, Renfrew, Scotland","0203571","GRO","564-2",,"13","7","Margaret WHITEFORD","","32","F","Glasgow, Lanark, Scotland","Wife",""
"Dwelling","59 Belville St","East Greenock, Renfrew, Scotland","0203571","GRO","564-2",,"13","7","Margaret C. WHITEFORD","","10","F","Greenock, Renfrew, Scotland","Daur","Scholar"
"Dwelling","59 Belville St","East Greenock, Renfrew, Scotland","0203571","GRO","564-2",,"13","7","Edward H. WHITEFORD","","9","M","Greenock, Renfrew, Scotland","Son","Scholar"
"Dwelling","59 Belville St","East Greenock, Renfrew, Scotland","0203571","GRO","564-2",,"13","7","Agnes Mc A. WHITEFORD","","7","F","Greenock, Renfrew, Scotland","Daur","Scholar"
"Dwelling","59 Belville St","East Greenock, Renfrew, Scotland","0203571","GRO","564-2",,"13","7","William Mc A. WHITEFORD","","6","M","Greenock, Renfrew, Scotland","Son","Scholar"
"Dwelling","59 Belville St","East Greenock, Renfrew, Scotland","0203571","GRO","564-2",,"13","7","Janet Mc A. WHITEFORD","","1","F","Greenock, Renfrew, Scotland","Daur",""
"Dwelling","59 Belville St","East Greenock, Renfrew, Scotland","0203571","GRO","564-2",,"13","7","Jane WHITEFORD","","4","m","F	Greenock, Renfrew, Scotland","Daur",""
"Dwelling","2 Hope St","Hamilton, Lanark, Scotland","0203692","GRO","647",,"9","22","Andrew WHITEFORD","M","32","M","Lanark, Lanark, Scotland","Head","Water Works Labourer"
"Dwelling","2 Hope St","Hamilton, Lanark, Scotland","0203692","GRO","647",,"9","22","Mary Ann WHITEFORD","M","31","F","Hamilton, Lanark, Scotland","Wife","Dealer In Groceries"
"Vessel","""Moravian""","At Sea or in a Domestic or Foreign Port","0203692","GRO","647",,"9","22","Danl WHITEFORD","M","32","M","Greenock","","3rd Engineer"
"Vessel","""Moravian""","At Sea or in a Domestic or Foreign Port","0203692","GRO","647",,"9","22","Jno MCKENZIE","M","38","M","Glasgow","","4th Engineer"
"Vessel","""Moravian""","At Sea or in a Domestic or Foreign Port","0203692","GRO","647",,"9","22","Henry HART","M","36","M","Kilmarnock","","5th Engineer"
"Vessel","""Moravian""","At Sea or in a Domestic or Foreign Port","0203692","GRO","647",,"9","22","Jas MCQUEEN","M","34","M","Glasgow","","6th Engineer"
"Vessel","""Moravian""","At Sea or in a Domestic or Foreign Port","0203692","GRO","647",,"9","22","Wm PRIMROSE","","25","M","Dunbarton, Scotland","-","7th Engineer"
"Vessel","""Moravian""","At Sea or in a Domestic or Foreign Port","0203692","GRO","647",,"9","22","Jas COUSINS","M","40","M","Milford, Pembroke, Wales","","Storekeeper"
"Vessel","""Moravian""","At Sea or in a Domestic or Foreign Port","0203692","GRO","647",,"9","22","Jas GUNN","M","43","M","Glasgow","","Donkeyman"
"Vessel","""Moravian""","At Sea or in a Domestic or Foreign Port","0203692","GRO","647",,"9","22","David ALLAN","M","32","M","Glasgow","","Greaser"
"Vessel","""Moravian""","At Sea or in a Domestic or Foreign Port","0203692","GRO","647",,"9","22","Jas ANDERSON","M","24","M","Birkenhead, Cheshire, England","","Greaser"
"Vessel","""Moravian""","At Sea or in a Domestic or Foreign Port","0203692","GRO","647",,"9","22","Jno ULRICH","M","30","M","Hamburgh","","Greaser"
"Vessel","""Moravian""","At Sea or in a Domestic or Foreign Port","0203692","GRO","647",,"9","22","Nicholas FURLONG","M","31","M","Wexford","","Fireman"
"Vessel","""Moravian""","At Sea or in a Domestic or Foreign Port","0203692","GRO","647",,"9","22","Phillip DUGGAN","M","24","M","Liverpool","","Fireman"
"Vessel","""Moravian""","At Sea or in a Domestic or Foreign Port","0203692","GRO","647",,"9","22","Patk MCRAE","M","39","M","Queensbo', Ireland","","Fireman"
"Vessel","""Moravian""","At Sea or in a Domestic or Foreign Port","0203692","GRO","647",,"9","22","David WRIGHT","","36","M","Belfast","","Fireman"
"Vessel","""Moravian""","At Sea or in a Domestic or Foreign Port","0203692","GRO","647",,"9","22","Jno BENNETT","M","48","M","Glasgow","","Fireman"
"Vessel","""Moravian""","At Sea or in a Domestic or Foreign Port","0203692","GRO","647",,"9","22","Patk BRADY","M","30","M","Dundalk, Ireland","","Fireman"
"Vessel","""Moravian""","At Sea or in a Domestic or Foreign Port","0203692","GRO","647",,"9","22","Jno BODEN","","35","M","Dublin, Ireland","-","Fireman"
"Vessel","""Moravian""","At Sea or in a Domestic or Foreign Port","0203692","GRO","647",,"9","22","Peter KEARNEY","","37","M","Wicklow","","Fireman"
"Vessel","""Moravian""","At Sea or in a Domestic or Foreign Port","0203692","GRO","647",,"9","22","Fredk DETHLOFF","M","41","M","Roscork, Germany","","Fireman"
"Vessel","""Moravian""","At Sea or in a Domestic or Foreign Port","0203692","GRO","647",,"9","22","Jas LLOYD","M","41","M","Aberystwith, Cardigan, Wales","","AB"
"Vessel","""Moravian""","At Sea or in a Domestic or Foreign Port","0203692","GRO","647",,"9","22","Alfd JONES","","23","M","Birkenhead, Cheshire, England","","AB"
"Vessel","""Moravian""","At Sea or in a Domestic or Foreign Port","0203692","GRO","647",,"9","22","Jackson HULL","M","26","M","Whitehaven, Cumberland, England","","AB"
"Vessel","""Moravian""","At Sea or in a Domestic or Foreign Port","0203692","GRO","647",,"9","22","Thos W BROOMFIELD","","20","M","Knotty Ash, Lancashire, England","","AB"
"Vessel","""Moravian""","At Sea or in a Domestic or Foreign Port","0203692","GRO","647",,"9","22","Jas. Hy. AMBREY","","24","M","Liverpool, Lancashire, England","","AB"
"Dwelling","17 Rigg Street","Stewarton, Ayr, Scotland","0203609","GRO","616",,"12","5","David WHITEFORD","M","32","M","Glasgow, Ayr, Scotland","Head","Ham Curer Employing 4 Men & 2 Boys"
"Dwelling","17 Rigg Street","Stewarton, Ayr, Scotland","0203609","GRO","616",,"12","5","Jane WHITEFORD","M","30","F","Barrhead, Renfrew, Scotland","Wife",""
"Dwelling","17 Rigg Street","Stewarton, Ayr, Scotland","0203609","GRO","616",,"12","5","Robert WHITEFORD","","8","M","Stewarton, Ayr, Scotland","Son","Scholar"
"Dwelling","17 Rigg Street","Stewarton, Ayr, Scotland","0203609","GRO","616",,"12","5","George WHITEFORD","","6","M","Stewarton, Ayr, Scotland","Son","Scholar"
"Dwelling","17 Rigg Street","Stewarton, Ayr, Scotland","0203609","GRO","616",,"12","5","James WHITEFORD","","5","M","Stewarton, Ayr, Scotland","Son","Scholar"
"Dwelling","17 Rigg Street","Stewarton, Ayr, Scotland","0203609","GRO","616",,"12","5","Jane WHITEFORD","","9","F","Stewarton, Ayr, Scotland","Daur","Scholar"
"Dwelling","17 Rigg Street","Stewarton, Ayr, Scotland","0203609","GRO","616",,"12","5","Agnes WHITEFORD","","2","F","Stewarton, Ayr, Scotland","Daur",""
"Dwelling","17 Rigg Street","Stewarton, Ayr, Scotland","0203609","GRO","616",,"12","5","Margaret GRAHAM","U","18","F","Lugton, Ayr, Scotland","Serv","General Servant (Domestic)"
"Dwelling","Bank St","Kilbirnie, Ayr, Scotland","0203600","GRO","596",,"6","31","James WHITEFORD","M","30","M","Kilbirnie, Ayr, Scotland","Head","Huckle Maker"
"Dwelling","Bank St","Kilbirnie, Ayr, Scotland","0203600","GRO","596",,"6","31","Margaret WHITEFORD","M","32","F","Kilbirnie, Ayr, Scotland","Wife",""
"Dwelling","Bank St","Kilbirnie, Ayr, Scotland","0203600","GRO","596",,"6","31","Jane H. WHITEFORD","","11","F","Kilbirnie, Ayr, Scotland","Daur","Scholar"
"Dwelling","Bank St","Kilbirnie, Ayr, Scotland","0203600","GRO","596",,"6","31","Robert WHITEFORD","","6","M","Kilbirnie, Ayr, Scotland","Son",""
"Dwelling","586 Dobbies Loan","Glasgow, Lanark, Scotland","0203657","GRO","644-8",,"27","1","Hugh MC DOUGALL","M","33","M","Glasgow, Lanark, Scotland","Head","Master Saddler"
"Dwelling","586 Dobbies Loan","Glasgow, Lanark, Scotland","0203657","GRO","644-8",,"27","1","Helen MC DOUGALL","M","30","F","Glasgow, Lanark, Scotland","Wife","Saddlers Wife"
"Dwelling","586 Dobbies Loan","Glasgow, Lanark, Scotland","0203657","GRO","644-8",,"27","1","Marion MC DOUGALL","U","3","F","Glasgow, Lanark, Scotland","Daur",""
"Dwelling","586 Dobbies Loan","Glasgow, Lanark, Scotland","0203657","GRO","644-8",,"27","1","Hugh MC DOUGALL","","1","M","Glasgow, Lanark, Scotland","Son",""
"Dwelling","586 Dobbies Loan","Glasgow, Lanark, Scotland","0203657","GRO","644-8",,"27","1","John WHITEFORD","W","31","M","Ayr, Ayr, Scotland","Bord","Jobbing Smith (Unemp)"
"Dwelling","Bent Rows","Hamilton, Lanark, Scotland","0203693","GRO","647",,"13","16","Joseph WHITEFORD","M","31","M","Dalry, Ayr, Scotland","Head","Coal Pit Fireman"
"Dwelling","Bent Rows","Hamilton, Lanark, Scotland","0203693","GRO","647",,"13","16","Isabella WHITEFORD","M","30","F","Dalry, Ayr, Scotland","Wife",""
"Dwelling","Bent Rows","Hamilton, Lanark, Scotland","0203693","GRO","647",,"13","16","Robert WHITEFORD","","6","M","Wishaw, Lanark, Scotland","Son","Scholar"
"Dwelling","Bent Rows","Hamilton, Lanark, Scotland","0203693","GRO","647",,"13","16","Margt. WHITEFORD","","2","F","Hamilton, Lanark, Scotland","Daur",""
"Dwelling","Bent Rows","Hamilton, Lanark, Scotland","0203693","GRO","647",,"13","16","Agnes WHITEFORD","","1","F","Hamilton, Lanark, Scotland","Daur",""
"Dwelling","Bent Rows","Hamilton, Lanark, Scotland","0203693","GRO","647",,"13","16","Ann WHITEFORD","","16","F","Dalry, Ayr, Scotland","Sister In Law","Dressmaker"
"Dwelling","Meadow Park Cottages","Dailly, Ayr, Scotland","0203594","GRO","585",,"4","3","John RENNIE","M","38","M","Dailly, Ayr, Scotland","Head","Garden Carter"
"Dwelling","Meadow Park Cottages","Dailly, Ayr, Scotland","0203594","GRO","585",,"4","3","Janet RENNIE","M","41","F","Barr, Ayr, Scotland","Wife","Garden Carters Wife"
"Dwelling","Meadow Park Cottages","Dailly, Ayr, Scotland","0203594","GRO","585",,"4","3","William RENNIE","","1","M","Dailly, Ayr, Scotland","Son",""
"Dwelling","Meadow Park Cottages","Dailly, Ayr, Scotland","0203594","GRO","585",,"4","3","William WHITEFORD","M","31","M","Paisley, Renfrew, Scotland","Boarder","Joiner"
"Dwelling","Meadow Park Cottages","Dailly, Ayr, Scotland","0203594","GRO","585",,"4","3","Robert K. HARVEY","U","27","M","Paisley, Renfrew, Scotland","Boarder","Joiner"
"Dwelling","3 Bishopton Farm House","Whithorn, Wigtown, Scotland","0224064","GRO","900",,"5","10","Alexander DINNELL","W","64","M","Whithorn, Wigtown, Scotland","Head","Farmer 50 Acres Emp 2 M"
"Dwelling","3 Bishopton Farm House","Whithorn, Wigtown, Scotland","0224064","GRO","900",,"5","10","Alexander DINNELL","U","27","M","Whithorn, Wigtown, Scotland","S","Farmers Son"
"Dwelling","3 Bishopton Farm House","Whithorn, Wigtown, Scotland","0224064","GRO","900",,"5","10","John WHITEFORD","M","26","M","Whithorn, Wigtown, Scotland","Son In Law","Farm Serv"
"Dwelling","3 Bishopton Farm House","Whithorn, Wigtown, Scotland","0224064","GRO","900",,"5","10","Jane WHITEFORD","M","30","F","Whithorn, Wigtown, Scotland","Daur",""
"Dwelling","3 Bishopton Farm House","Whithorn, Wigtown, Scotland","0224064","GRO","900",,"5","10","Janet G. WHITEFORD","","5","F","Whithorn, Wigtown, Scotland","Granddaur",""
"Dwelling","3 Bishopton Farm House","Whithorn, Wigtown, Scotland","0224064","GRO","900",,"5","10","John WHITEFORD","","3","M","Whithorn, Wigtown, Scotland","Grandson",""
"Dwelling","3 Bishopton Farm House","Whithorn, Wigtown, Scotland","0224064","GRO","900",,"5","10","Alexandrina R. WHITEFORD","","1","F","Whithorn, Wigtown, Scotland","Grandaur",""
"Dwelling","3 Bishopton Farm House","Whithorn, Wigtown, Scotland","0224064","GRO","900",,"5","10","Jane D. WHITEFORD","","1","m","F	Whithorn, Wigtown, Scotland","Granddaughter",""
"Dwelling","5 Stanley Road","Duddingston, Edinburgh, Scotland","0223988","GRO","684-2",,"2","13","David MC KIE","M","39","M","England","Head","Bank Clerk"
"Dwelling","5 Stanley Road","Duddingston, Edinburgh, Scotland","0223988","GRO","684-2",,"2","13","Elizabeth A. MC KIE","M","35","F","England","Wife","Clerks Wife"
"Dwelling","5 Stanley Road","Duddingston, Edinburgh, Scotland","0223988","GRO","684-2",,"2","13","Margaret MC KIE","W","64","F","Whithorn, Wigtown, Scotland","Mother","Annuitant"
"Dwelling","5 Stanley Road","Duddingston, Edinburgh, Scotland","0223988","GRO","684-2",,"2","13","Margaret WHITEFORD","U","30","F","Whithorn, Wigtown, Scotland","Servant","Domestic Serv General"
"Dwelling","Burnhouse","East Kilbride, Lanark, Scotland","0203628","GRO","643",,"10","5","Rob. WHITEFORD","M","30","M","Neilston, Renfrew, Scotland","Head","Farmer Of 81 Acres All Arable"
"Dwelling","Burnhouse","East Kilbride, Lanark, Scotland","0203628","GRO","643",,"10","5","Jennie WHITEFORD","M","22","F","Cambuslang, Lanark, Scotland","Wife",""
"Dwelling","Burnhouse","East Kilbride, Lanark, Scotland","0203628","GRO","643",,"10","5","Ellen FOY","U","19","F","Shotts, Lanark, Scotland","Serv","Gen Serv"
"Dwelling","Burnhouse","East Kilbride, Lanark, Scotland","0203628","GRO","643",,"10","5","Robert STEEL","U","18","M","East Kilbride, Lanark, Scotland","Serv","Farm Sevt"
"Dwelling","2 Thread Street","Abbey, Renfrew, Scotland","0203584","GRO","573",,"88","1","James B. WHITEFORD","M","29","M","Paisley, Renfrew, Scotland","Head","Coach Builder"
"Dwelling","2 Thread Street","Abbey, Renfrew, Scotland","0203584","GRO","573",,"88","1","Margaret WHITEFORD","M","28","F","Paisley, Renfrew, Scotland","Wife",""
"Dwelling","2 Thread Street","Abbey, Renfrew, Scotland","0203584","GRO","573",,"88","1","John H. WHITEFORD","","3","M","Paisley, Renfrew, Scotland","Son",""
"Dwelling","2 Thread Street","Abbey, Renfrew, Scotland","0203584","GRO","573",,"88","1","Allan C. WHITEFORD","","1","M","Paisley, Renfrew, Scotland","Son",""
"Dwelling","5 Mossvale St","Paisley Middle Church, Renfrew, Scotland","0203583","GRO","573",,"48","4","Margaret WHITEFORD","M","29","F","Paisley, Renfrew, Scotland","Head",""
"Dwelling","5 Mossvale St","Paisley Middle Church, Renfrew, Scotland","0203583","GRO","573",,"48","4","James WHITEFORD","","6","M","Paisley, Renfrew, Scotland","Son","Scholar"
"Dwelling","5 Mossvale St","Paisley Middle Church, Renfrew, Scotland","0203583","GRO","573",,"48","4","William WHITEFORD","","4","M","Paisley, Renfrew, Scotland","Son","Scholar"
"Dwelling","5 Mossvale St","Paisley Middle Church, Renfrew, Scotland","0203583","GRO","573",,"48","4","John WHITEFORD","","2","M","Paisley, Renfrew, Scotland","Son",""
"Dwelling","O Neills Land","Old Monkland, Lanark, Scotland","0203701","GRO","652-3",,"4","12","Robert WHITEFORD","M","29","M","Campbelltown, Ayr, Scotland","Head","Iron Works Stocktaker"
"Dwelling","O Neills Land","Old Monkland, Lanark, Scotland","0203701","GRO","652-3",,"4","12","Jessie WHITEFORD","M","26","F","Baillieston, Lanark, Scotland","Wife",""
"Dwelling","O Neills Land","Old Monkland, Lanark, Scotland","0203701","GRO","652-3",,"4","12","Barbara McL. WHITEFORD","","4","F","Bothwell, Lanark, Scotland","Daur",""
"Dwelling","O Neills Land","Old Monkland, Lanark, Scotland","0203701","GRO","652-3",,"4","12","Mary M. WHITEFORD","","2","F","Coatbridge, Lanark, Scotland","Daur",""
"Dwelling","O Neills Land","Old Monkland, Lanark, Scotland","0203701","GRO","652-3",,"4","12","James WHITEFORD","","11","m","M	Coatbridge, Lanark, Scotland","Son",""
"Dwelling","2 Castle Street","Paisley High Church, Renfrew, Scotland","0203581","GRO","573",,"17","2","Ann MC KAY","W","58","F","Ireland","Head","Weavers Pirn Winder"
"Dwelling","2 Castle Street","Paisley High Church, Renfrew, Scotland","0203581","GRO","573",,"17","2","Catherine DOUGLAS","U","26","F","Ireland","Lodger","Thread Mill Worker"
"Dwelling","2 Castle Street","Paisley High Church, Renfrew, Scotland","0203581","GRO","573",,"17","2","Amelia FRASER","U","24","F","Paisley, Renfrew, Scotland","Lodger","Thread Mill Worker"
"Dwelling","2 Castle Street","Paisley High Church, Renfrew, Scotland","0203581","GRO","573",,"17","2","Charlotte WHITEFORD","U","28","F","Paisley, Renfrew, Scotland","Lodger","Cotton & Wool Shawl Weaver"
"Dwelling","113 Glasgow St","Ardrossan, Ayr, Scotland","0203588","GRO","576-2",,"1","17","Jessie WHITEFORD","M","28","F","Ardrossan, Ayr, Scotland","Wife (Head)","Ship Carpenters Wife"
"Dwelling","113 Glasgow St","Ardrossan, Ayr, Scotland","0203588","GRO","576-2",,"1","17","Alexander WHITEFORD","","5","M","Ardrossan, Ayr, Scotland","Son","Scholar"
"Dwelling","113 Glasgow St","Ardrossan, Ayr, Scotland","0203588","GRO","576-2",,"1","17","William WHITEFORD","","2","M","Ardrossan, Ayr, Scotland","Son",""
"Dwelling","113 Glasgow St","Ardrossan, Ayr, Scotland","0203588","GRO","576-2",,"1","17","Thomas WHITEFORD","","3","m","M	Ardrossan, Ayr, Scotland","Son",""
"Dwelling","16 Glen Street","Paisley Middle Church, Renfrew, Scotland","0203583","GRO","573",,"50","21","Robert T. WHITEFORD","M","28","M","Paisley, Renfrew, Scotland","Head","Joiner"
"Dwelling","16 Glen Street","Paisley Middle Church, Renfrew, Scotland","0203583","GRO","573",,"50","21","Annie WHITEFORD","M","24","F","Paisley, Renfrew, Scotland","Wife",""
"Dwelling","16 Glen Street","Paisley Middle Church, Renfrew, Scotland","0203583","GRO","573",,"50","21","Maggie WHITEFORD","","3","F","Paisley, Renfrew, Scotland","Daur",""
"Dwelling","16 Glen Street","Paisley Middle Church, Renfrew, Scotland","0203583","GRO","573",,"50","21","Andrew WHITEFORD","","1","M","Paisley, Renfrew, Scotland","Son",""
"Dwelling","1 Harpers Entry","Cramond, Edinburgh, Scotland","0223986","GRO","679",,"2","9","Andrew WHITEFORD","M","27","M","Cramond, Edinburgh, Scotland","Head","Steam Hammer Driver In Forge"
"Dwelling","1 Harpers Entry","Cramond, Edinburgh, Scotland","0223986","GRO","679",,"2","9","Hannah WHITEFORD","M","26","F","Cramond, Edinburgh, Scotland","Wife",""
"Dwelling","1 Harpers Entry","Cramond, Edinburgh, Scotland","0223986","GRO","679",,"2","9","William WHITEFORD","","7","M","Cramond, Edinburgh, Scotland","Son","Scholar"
"Dwelling","1 Harpers Entry","Cramond, Edinburgh, Scotland","0223986","GRO","679",,"2","9","James WHITEFORD","","5","M","Cramond, Edinburgh, Scotland","Son","Scholar"
"Dwelling","1 Harpers Entry","Cramond, Edinburgh, Scotland","0223986","GRO","679",,"2","9","Mary WHITEFORD","","3","F","Cramond, Edinburgh, Scotland","Daur",""
"Dwelling","1 Harpers Entry","Cramond, Edinburgh, Scotland","0223986","GRO","679",,"2","9","Sophia WHITEFORD","","1","F","Cramond, Edinburgh, Scotland","Daur",""
"Dwelling","12 Stable Row","New Cumnock, Ayr, Scotland","0203606","GRO","608",,"8","6","John WHITEFORD","M","27","M","Muirkirk, Ayr, Scotland","Head","Coal Miner"
"Dwelling","12 Stable Row","New Cumnock, Ayr, Scotland","0203606","GRO","608",,"8","6","Mary WHITEFORD","M","27","F","Kirkcowan, Wigtown, Scotland","Wife",""
"Dwelling","12 Stable Row","New Cumnock, Ayr, Scotland","0203606","GRO","608",,"8","6","Grace WHITEFORD","","1","F","New Cumnock, Ayr, Scotland","Daur",""
"Dwelling","East Town Cottage Nemphlar","Lanark, Lanark, Scotland","0203694","GRO","648",,"13","6","John WHITEFORD","M","27","M","Lanark, Lanark, Scotland","Head","Stone Mason"
"Dwelling","East Town Cottage Nemphlar","Lanark, Lanark, Scotland","0203694","GRO","648",,"13","6","Esther WHITEFORD","M","21","F","Carluke, Lanark, Scotland","Wife","Wife Of Mason"
"Dwelling","East Town Cottage Nemphlar","Lanark, Lanark, Scotland","0203694","GRO","648",,"13","6","Grace WHITEFORD","U","4","m","F	Lanark, Lanark, Scotland","Daur","Daur"
"Dwelling","39 Tylefield St","Glasgow, Lanark, Scotland","0203633","GRO","644-2",,"9","9","Mathew WHITEFORD","M","27","M","Glasgow, Lanark, Scotland","Head","Brassfounder & Finisher"
"Dwelling","39 Tylefield St","Glasgow, Lanark, Scotland","0203633","GRO","644-2",,"9","9","Margaret WHITEFORD","M","26","F","Glasgow, Lanark, Scotland","Wife",""
"Dwelling","39 Tylefield St","Glasgow, Lanark, Scotland","0203633","GRO","644-2",,"9","9","Malcolm WHITEFORD","","6","M","Glasgow, Lanark, Scotland","Son",""
"Dwelling","39 Tylefield St","Glasgow, Lanark, Scotland","0203633","GRO","644-2",,"9","9","Agnes WHITEFORD","","4","F","Glasgow, Lanark, Scotland","Daughter",""
"Dwelling","39 Tylefield St","Glasgow, Lanark, Scotland","0203633","GRO","644-2",,"9","9","Jane WHITEFORD","","2","F","Glasgow, Lanark, Scotland","Daughter",""
"Dwelling","39 Tylefield St","Glasgow, Lanark, Scotland","0203633","GRO","644-2",,"9","9","Margaret WHITEFORD","","1","F","Glasgow, Lanark, Scotland","Daughter",""
"Dwelling","Rachan Bothy","Glenholm, Peeble, Scotland","0224034","GRO","763",,"4","5","William ELLIS","U","24","M","Orwell, Kinross, Scotland","Head","Gardener Foreman"
"Dwelling","Rachan Bothy","Glenholm, Peeble, Scotland","0224034","GRO","763",,"4","5","John THOMSON","U","20","M","Drumezzier, Peeble, Scotland","Fel Serv","Gardener Apprentice"
"Dwelling","Rachan Bothy","Glenholm, Peeble, Scotland","0224034","GRO","763",,"4","5","James WHITEFORD","U","26","M","Nemphler, Lanark, Scotland","Fel Serv","Gardener App (Do Serv)"
"Dwelling","Main Street","Whitburn, Linlithgow, Scotland","0203709","GRO","673-1",,"1","9","Isaac WHITEFORD","M","25","M","Nemplar, Lanark, Scotland","Head","Bricklayer (Journeyman"
"Dwelling","Main Street","Whitburn, Linlithgow, Scotland","0203709","GRO","673-1",,"1","9","Jessie WHITEFORD","M","26","F","Whitburn, Linlithgow, Scotland","Wife",""
"Dwelling","Main Street","Whitburn, Linlithgow, Scotland","0203709","GRO","673-1",,"1","9","James WHITEFORD","","5","M","Whitburn, Linlithgow, Scotland","Son","Scholar"
"Dwelling","Main Street","Whitburn, Linlithgow, Scotland","0203709","GRO","673-1",,"1","9","Jessie WHITEFORD","","3","F","Whitburn, Linlithgow, Scotland","Dau",""
"Dwelling","Main Street","Whitburn, Linlithgow, Scotland","0203709","GRO","673-1",,"1","9","Alexander WHITEFORD","","1","M","Whitburn, Linlithgow, Scotland","Son",""
"Dwelling","5 Camphill Street","Paisley High Church, Renfrew, Scotland","0203581","GRO","573",,"13","9","John WHITEFORD","M","26","M","Kilbirnie, Ayr, Scotland","Head","School Master"
"Dwelling","5 Camphill Street","Paisley High Church, Renfrew, Scotland","0203581","GRO","573",,"13","9","May WHITEFORD","M","23","F","Kilbirnie, Ayr, Scotland","Wife",""
"Dwelling","42 Mc Lellan Street","Govan, Lanark, Scotland","0203685","GRO","646-1",,"22","27","John MARTIN","M","40","M","Colonsay (G), Argyll, Scotland","Head","Stone Mason"
"Dwelling","42 Mc Lellan Street","Govan, Lanark, Scotland","0203685","GRO","646-1",,"22","27","Catherine MARTIN","M","37","F","Laivers? (G), Perth, Scotland","Wife",""
"Dwelling","42 Mc Lellan Street","Govan, Lanark, Scotland","0203685","GRO","646-1",,"22","27","Malcolm MARTIN","","4","M","Govan, Lanark, Scotland","Son",""
"Dwelling","42 Mc Lellan Street","Govan, Lanark, Scotland","0203685","GRO","646-1",,"22","27","Colin MARTIN","U","22","M","Greenock, Renfrew, Scotland","Lodger","Photographer"
"Dwelling","42 Mc Lellan Street","Govan, Lanark, Scotland","0203685","GRO","646-1",,"22","27","Robert WHITEFORD","U","25","M","Greenock, Renfrew, Scotland","Lodger","Works Engineer"
"Dwelling","11 School Rd","Cramond, Edinburgh, Scotland","0223986","GRO","679",,"2","32","James WHITEFORD","M","22","M","Cram, Edinburgh, Scotland","Head","Steam Crane Driver On Pier"
"Dwelling","11 School Rd","Cramond, Edinburgh, Scotland","0223986","GRO","679",,"2","32","Louisa H. WHITEFORD","M","24","F","Edin, Edinburgh, Scotland","Wife",""
"Dwelling","11 School Rd","Cramond, Edinburgh, Scotland","0223986","GRO","679",,"2","32","Louisa A. M. WHITEFORD","","3","F","Cram, Edinburgh, Scotland","Daur",""
"Dwelling","11 School Rd","Cramond, Edinburgh, Scotland","0223986","GRO","679",,"2","32","William WHITEFORD","","10","m","M	Cram, Edinburgh, Scotland","Son",""
"Dwelling","52 Prince Albert Buildings","Edinburgh St Cuthberts, Edinburgh, Scotland","0224001","GRO","685-3",,"54","15","Jessie PATERSON","M","41","F","Latheron, Caithness, Scotland","Head","Lodging House Keeper"
"Dwelling","52 Prince Albert Buildings","Edinburgh St Cuthberts, Edinburgh, Scotland","0224001","GRO","685-3",,"54","15","John MACKIE","U","24","M","Latheron, Caithness, Scotland","Boarder","Policeman"
"Dwelling","52 Prince Albert Buildings","Edinburgh St Cuthberts, Edinburgh, Scotland","0224001","GRO","685-3",,"54","15","Donald MACKIE","U","20","M","Latheron, Caithness, Scotland","Boarder","Waiter"
"Dwelling","52 Prince Albert Buildings","Edinburgh St Cuthberts, Edinburgh, Scotland","0224001","GRO","685-3",,"54","15","Marion WAINWRIGHT","U","17","F","Dunblane, Perth, Scotland","Visitor","Pupil Teacher"
"Dwelling","52 Prince Albert Buildings","Edinburgh St Cuthberts, Edinburgh, Scotland","0224001","GRO","685-3",,"54","15","James DONALDSON","U","19","M","Edinburgh","Lodger","Ironmongers Salesman"
"Dwelling","52 Prince Albert Buildings","Edinburgh St Cuthberts, Edinburgh, Scotland","0224001","GRO","685-3",,"54","15","Allan WHITEFORD","U","23","M","Whithorn, Wigtown, Scotland","Lodger","Plasterer"
"Dwelling","9 Stow Place","Paisley High Church, Renfrew, Scotland","0203581","GRO","573",,"12","2","James WHITEFORD","M","23","M","Paisley, Renfrew, Scotland","Head","Fruit Dealer"
"Dwelling","9 Stow Place","Paisley High Church, Renfrew, Scotland","0203581","GRO","573",,"12","2","Jeanie WHITEFORD","M","22","F","Paisley, Renfrew, Scotland","Wife",""
"Dwelling","9 Stow Place","Paisley High Church, Renfrew, Scotland","0203581","GRO","573",,"12","2","Janet WHITEFORD","","6","m","F	Paisley, Renfrew, Scotland","Daur",""
"Dwelling","33 Burnbank Gardens","Barony, Lanark, Scotland","0203663","GRO","644-9",,"61","22","Mary O. ORMISTON","U","36","F","St Ninians, Stirling, Scotland","Daur (Head)","Housekeeper"
"Dwelling","33 Burnbank Gardens","Barony, Lanark, Scotland","0203663","GRO","644-9",,"61","22","Nelly B. ORMISTON","U","27","F","Saltcoats, Ayr, Scotland","Daur","Art Scholar"
"Dwelling","33 Burnbank Gardens","Barony, Lanark, Scotland","0203663","GRO","644-9",,"61","22","Georgina W. ORMISTON","U","35","F","Stevenston, Ayr, Scotland","Daur","Art Scholar"
"Dwelling","33 Burnbank Gardens","Barony, Lanark, Scotland","0203663","GRO","644-9",,"61","22","Jeannie WHITEFORD","U","22","F","Nemphlar, Lanark, Scotland","Serv","Gen Serv Dom"
"Dwelling","78 Ann Street Florentine Terrace","Govan, Lanark, Scotland","0203690","GRO","646-2",,"30","28","David MACLANE","M","52","M","Glasgow, Lanark, Scotland","Head","Letter Press Printer Master Employing 2 Men & 2 Boys"
"Dwelling","78 Ann Street Florentine Terrace","Govan, Lanark, Scotland","0203690","GRO","646-2",,"30","28","Mary MACLANE","M","45","F","England","Wife",""
"Dwelling","78 Ann Street Florentine Terrace","Govan, Lanark, Scotland","0203690","GRO","646-2",,"30","28","Elizabeth M. MACLANE","","16","F","Glasgow, Lanark, Scotland","Daur","Scholar"
"Dwelling","78 Ann Street Florentine Terrace","Govan, Lanark, Scotland","0203690","GRO","646-2",,"30","28","Marion J. MACLANE","","15","F","Glasgow, Lanark, Scotland","Daur","Scholar"
"Dwelling","78 Ann Street Florentine Terrace","Govan, Lanark, Scotland","0203690","GRO","646-2",,"30","28","Annie G. MACLANE","","15","F","Glasgow, Lanark, Scotland","Daur","Scholar"
"Dwelling","78 Ann Street Florentine Terrace","Govan, Lanark, Scotland","0203690","GRO","646-2",,"30","28","David E. MACLANE","","14","M","Glasgow, Lanark, Scotland","Son","Scholar"
"Dwelling","78 Ann Street Florentine Terrace","Govan, Lanark, Scotland","0203690","GRO","646-2",,"30","28","John G. MACLANE","","12","M","Glasgow, Lanark, Scotland","Son","Scholar"
"Dwelling","78 Ann Street Florentine Terrace","Govan, Lanark, Scotland","0203690","GRO","646-2",,"30","28","Robert R. MACLANE","","9","M","Glasgow, Lanark, Scotland","Son","Scholar"
"Dwelling","78 Ann Street Florentine Terrace","Govan, Lanark, Scotland","0203690","GRO","646-2",,"30","28","Margaret WHITEFORD","U","22","F","Portree Skye","Serv","Housemaid D S"
"Dwelling","78 Ann Street Florentine Terrace","Govan, Lanark, Scotland","0203690","GRO","646-2",,"30","28","Elizabeth ANGUS","U","21","F","Olrig, Caithness, Scotland","Serv","Cook D S"
"Dwelling","1 Grenby Terrace","Govan, Lanark, Scotland","0203690","GRO","646-2",,"31","1","James MARSHALL","M","43","M","Rothesay, Bute, Scotland","Head","Miller Master 11 Men & 1 Boy"
"Dwelling","1 Grenby Terrace","Govan, Lanark, Scotland","0203690","GRO","646-2",,"31","1","Mary MARSHALL","M","37","F","Glasgow, Lanark, Scotland","Wife",""
"Dwelling","1 Grenby Terrace","Govan, Lanark, Scotland","0203690","GRO","646-2",,"31","1","James P. MARSHALL","U","14","M","Glasgow, Lanark, Scotland","Son","Scholar"
"Dwelling","1 Grenby Terrace","Govan, Lanark, Scotland","0203690","GRO","646-2",,"31","1","Mary B.G. MARSHALL","","3","F","Glasgow, Lanark, Scotland","Daur",""
"Dwelling","1 Grenby Terrace","Govan, Lanark, Scotland","0203690","GRO","646-2",,"31","1","Allan G. MARSHALL","","9","m","M	Denny, Stirling, Scotland","Son",""
"Dwelling","1 Grenby Terrace","Govan, Lanark, Scotland","0203690","GRO","646-2",,"31","1","Ellen MACKAY","U","26","F","Olashoumore, Sunderland, Durham, England","Servant","Cook Domestic Serv"
"Dwelling","1 Grenby Terrace","Govan, Lanark, Scotland","0203690","GRO","646-2",,"31","1","Anne DAWSON","","29","F","Craighead, Perth, Scotland","Servant","Housemaid Domestic Serv"
"Dwelling","1 Grenby Terrace","Govan, Lanark, Scotland","0203690","GRO","646-2",,"31","1","Marion WHITEFORD","","21","F","Campbeltoun, Argyll, Scotland","Servant","Nurse Domestic Serv"
"Dwelling","Village Of Dunlop","Dunlop, Ayr, Scotland","0203597","GRO","591",,"4","6","Jane COOK","M","36","F","Dunlop, Ayr, Scotland","Wife (Head)","Masons Wife"
"Dwelling","Village Of Dunlop","Dunlop, Ayr, Scotland","0203597","GRO","591",,"4","6","John MC LEOD","","7","M","Govan Glasgow, Lanark, Scotland","Son","Scholar"
"Dwelling","Village Of Dunlop","Dunlop, Ayr, Scotland","0203597","GRO","591",,"4","6","Robert WHITEFORD","U","21","M","Kilbirnie, Ayr, Scotland","Boarder","Baker"
"Dwelling","School House","Shotts, Lanark, Scotland","0203618","GRO","626-B",,"5","13","Donald MACKINTOSH","M","49","M","Dochgarroch, Inverness, Scotland","Head","Schoolmaster"
"Dwelling","School House","Shotts, Lanark, Scotland","0203618","GRO","626-B",,"5","13","Marion MACKINTOSH","M","37","F","Irvine, Ayr, Scotland","Wife","Schoolmaster Wife"
"Dwelling","School House","Shotts, Lanark, Scotland","0203618","GRO","626-B",,"5","13","Eliz. WHITEFORD","U","20","F","Nemphlar, Lanark, Scotland","Servant","General Servant"
"Dwelling","Gordon Bk Lothian Street","Cockpen, Edinburgh, Scotland","0223985","GRO","676",,"2","16","Andrew RAE","M","45","M","Gordon, Berwick, Scotland","Head","Market Gardener"
"Dwelling","Gordon Bk Lothian Street","Cockpen, Edinburgh, Scotland","0223985","GRO","676",,"2","16","Janet RAE","M","49","F","Lauder, Berwick, Scotland","Wife",""
"Dwelling","Gordon Bk Lothian Street","Cockpen, Edinburgh, Scotland","0223985","GRO","676",,"2","16","Thomas RAE","U","26","M","Earlston, Berwick, Scotland","Son","Market Gardener"
"Dwelling","Gordon Bk Lothian Street","Cockpen, Edinburgh, Scotland","0223985","GRO","676",,"2","16","John WHITEFORD","U","20","M","St Cuthberts, Edinburgh, Scotland","Serv","Gardener"
"Dwelling","33 Regent Place","Edinburgh Greenside, Edinburgh, Scotland","0223996","GRO","685-2",,"32","19","Robert COXON","M","26","M","England","Head","Tailor"
"Dwelling","33 Regent Place","Edinburgh Greenside, Edinburgh, Scotland","0223996","GRO","685-2",,"32","19","Mary COXON","M","27","F","Comrie, Perth, Scotland","Wife",""
"Dwelling","33 Regent Place","Edinburgh Greenside, Edinburgh, Scotland","0223996","GRO","685-2",,"32","19","Christina C. COXON","","2","F","Edinr, Edinburgh, Scotland","Daur",""
"Dwelling","33 Regent Place","Edinburgh Greenside, Edinburgh, Scotland","0223996","GRO","685-2",,"32","19","John COXON","U","24","M","England","Brother","Groom"
"Dwelling","33 Regent Place","Edinburgh Greenside, Edinburgh, Scotland","0223996","GRO","685-2",,"32","19","John WHITEFORD","U","20","M","Lanark, Lanark, Scotland","Boarder","Tailor"
"Dwelling","12 Regents Park Terrace","Govan, Lanark, Scotland","0203682","GRO","644-14",,"34","12","James G. JENKINS","M","32","M","England","Head","Iron Merchant"
"Dwelling","12 Regents Park Terrace","Govan, Lanark, Scotland","0203682","GRO","644-14",,"34","12","Maggie G. JENKINS","M","25","F","England","Wife","Wife"
"Dwelling","12 Regents Park Terrace","Govan, Lanark, Scotland","0203682","GRO","644-14",,"34","12","Marion WHITEFORD","U","20","F","Nemphlar, Lanark, Scotland","Servant","General Servant"
"Vessel","""Llama""","Stranraer, Wigtown, Great Britain","0224065","GRO","899",,,"9","John BARBOUR","M","30","M","Kilbride, Ayr, Scotland","Head","Diver"
"Vessel","""Llama""","Stranraer, Wigtown, Great Britain","0224065","GRO","899",,,"9","Charles LINDSAY","M","30","M","Glasgow, Lanark, Scotland","","Fireman Engineer"
"Vessel","""Llama""","Stranraer, Wigtown, Great Britain","0224065","GRO","899",,,"9","R. AITKEN","M","31","M","Ardrossan, Ayr, Scotland","","Carpenter"
"Vessel","""Llama""","Stranraer, Wigtown, Great Britain","0224065","GRO","899",,,"9","A. FULLARTON","M","40","M","Ardrossan, Ayr, Scotland","","Carpenter"
"Vessel","""Llama""","Stranraer, Wigtown, Great Britain","0224065","GRO","899",,,"9","W. CRAWFORD","M","25","M","Ardrossan, Ayr, Scotland","","Carpenter"
"Vessel","""Llama""","Stranraer, Wigtown, Great Britain","0224065","GRO","899",,,"9","S. MILNE","M","30","M","Ardrossan, Ayr, Scotland","","Carpenter"
"Vessel","""Llama""","Stranraer, Wigtown, Great Britain","0224065","GRO","899",,,"9","B. CAMPBELL","M","25","M","Ardrossan, Ayr, Scotland","","Carpenter"
"Vessel","""Llama""","Stranraer, Wigtown, Great Britain","0224065","GRO","899",,,"9","J. STEUART","M","40","M","Ardrossan, Ayr, Scotland","","Carpenter"
"Vessel","""Llama""","Stranraer, Wigtown, Great Britain","0224065","GRO","899",,,"9","John DUN","M","35","M","Ardrossan, Ayr, Scotland","","Engineer"
"Vessel","""Llama""","Stranraer, Wigtown, Great Britain","0224065","GRO","899",,,"9","J. WATT","M","20","M","Ardrossan, Ayr, Scotland","","Carpenter"
"Vessel","""Llama""","Stranraer, Wigtown, Great Britain","0224065","GRO","899",,,"9","J. MILLART","U","29","M","Ardrossan, Ayr, Scotland","","Carpenter"
"Vessel","""Llama""","Stranraer, Wigtown, Great Britain","0224065","GRO","899",,,"9","J. SHIRROT","U","35","M","Ardrossan, Ayr, Scotland","","Carpenter"
"Vessel","""Llama""","Stranraer, Wigtown, Great Britain","0224065","GRO","899",,,"9","W. HUGHES","U","45","M","Ardrossan, Ayr, Scotland","","Carpenter"
"Vessel","""Llama""","Stranraer, Wigtown, Great Britain","0224065","GRO","899",,,"9","J. WHITFORD","U","20","M","Ardrossan, Ayr, Scotland","","Carpenter"
"Dwelling","13 Annfield Pl","Barony, Lanark, Scotland","0203639","GRO","644-3",,"37","6","William Mc G. BURNS","W","46","M","Dunkeld, Perth, Scotland","Head","M R C S Engrcp Ed M D Laisvile General Practicener"
"Dwelling","13 Annfield Pl","Barony, Lanark, Scotland","0203639","GRO","644-3",,"37","6","John B. BURNS","U","20","M","Ayr, Ayr, Scotland","Son","3rd Year Student Of Medicine"
"Dwelling","13 Annfield Pl","Barony, Lanark, Scotland","0203639","GRO","644-3",,"37","6","Rebecca N. BURNS","U","19","F","Ayr, Ayr, Scotland","Daur","Housekeeper"
"Dwelling","13 Annfield Pl","Barony, Lanark, Scotland","0203639","GRO","644-3",,"37","6","William Mc G. BURNS","","16","M","Ayr, Ayr, Scotland","Son","Apprentice Engineer"
"Dwelling","13 Annfield Pl","Barony, Lanark, Scotland","0203639","GRO","644-3",,"37","6","Jessie Jane D. BURNS","","14","F","Ayr, Ayr, Scotland","Daur","Scholar"
"Dwelling","13 Annfield Pl","Barony, Lanark, Scotland","0203639","GRO","644-3",,"37","6","James M. BURNS","","12","M","Ayr, Ayr, Scotland","Son","Scholar"
"Dwelling","13 Annfield Pl","Barony, Lanark, Scotland","0203639","GRO","644-3",,"37","6","Charles BURNS","","10","M","Glasgow, Lanark, Scotland","Son","Scholar"
"Dwelling","13 Annfield Pl","Barony, Lanark, Scotland","0203639","GRO","644-3",,"37","6","Christina BURNS","","8","F","Glasgow, Lanark, Scotland","Daur","Scholar"
"Dwelling","13 Annfield Pl","Barony, Lanark, Scotland","0203639","GRO","644-3",,"37","6","Annie Mc G. BURNS","","6","F","Glasgow, Lanark, Scotland","Daur","Scholar"
"Dwelling","13 Annfield Pl","Barony, Lanark, Scotland","0203639","GRO","644-3",,"37","6","Norman BURNS","","4","M","Glasgow, Lanark, Scotland","Son",""
"Dwelling","13 Annfield Pl","Barony, Lanark, Scotland","0203639","GRO","644-3",,"37","6","Ann (Mrs) DUNLOP","W","70","F","Luncarty, Perth, Scotland","Visitor",""
"Dwelling","13 Annfield Pl","Barony, Lanark, Scotland","0203639","GRO","644-3",,"37","6","Agnes WHITEFORD","U","19","F","Greenock, Renfrew, Scotland","Serv","Kitchen Maid"
"Dwelling","13 Annfield Pl","Barony, Lanark, Scotland","0203639","GRO","644-3",,"37","6","Ellen LARKIN","","16","F","Motherwell, Lanark, Scotland","Serv","Kitchen Maid"
"Dwelling","Church Place 2nd Floor","Kilmalcolm, Renfrew, Scotland","0203577","GRO","569",,"1","6","John LOCHHEAD","M","24","M","Cadder, Lanark, Scotland","Head","Joiner"
"Dwelling","Church Place 2nd Floor","Kilmalcolm, Renfrew, Scotland","0203577","GRO","569",,"1","6","Mary LOCHHEAD","M","21","F","West Kilbride, Ayr, Scotland","Wife","Joiners Wife"
"Dwelling","Church Place 2nd Floor","Kilmalcolm, Renfrew, Scotland","0203577","GRO","569",,"1","6","Janet LOCHHEAD","","2","F","Kilmalcolm, Renfrew, Scotland","Daur",""
"Dwelling","Church Place 2nd Floor","Kilmalcolm, Renfrew, Scotland","0203577","GRO","569",,"1","6","Thomas LOCHHEAD","","9","m","M	Kilmalcolm, Renfrew, Scotland","Son",""
"Dwelling","Church Place 2nd Floor","Kilmalcolm, Renfrew, Scotland","0203577","GRO","569",,"1","6","Alex. WHITEFORD","U","19","M","West Kilbride, Ayr, Scotland","Brother In Law","Joiner"
"Dwelling","25 Haddington Place","Edinburgh St Cuthberts, Edinburgh, Scotland","0223997","GRO","685-2",,"48","10","Alexander MITCHELL","M","30","M","Carrington, Edinburgh, Scotland","Head","Saw Mill Master & Timber Mcht Jr Partner In Firm"
"Dwelling","25 Haddington Place","Edinburgh St Cuthberts, Edinburgh, Scotland","0223997","GRO","685-2",,"48","10","Annie MITCHELL","M","32","F","Edinburgh, Edinburgh, Scotland","Wife",""
"Dwelling","25 Haddington Place","Edinburgh St Cuthberts, Edinburgh, Scotland","0223997","GRO","685-2",,"48","10","Catherine MITCHELL","","5","F","Leith, Edinburgh, Scotland","Daur",""
"Dwelling","25 Haddington Place","Edinburgh St Cuthberts, Edinburgh, Scotland","0223997","GRO","685-2",,"48","10","Christina MITCHELL","","4","F","Leith, Edinburgh, Scotland","Daur",""
"Dwelling","25 Haddington Place","Edinburgh St Cuthberts, Edinburgh, Scotland","0223997","GRO","685-2",,"48","10","Archibald MITCHELL","","2","M","Leith, Edinburgh, Scotland","Son",""
"Dwelling","25 Haddington Place","Edinburgh St Cuthberts, Edinburgh, Scotland","0223997","GRO","685-2",,"48","10","Annie MITCHELL","","1","F","Edinburgh, Edinburgh, Scotland","Daur",""
"Dwelling","25 Haddington Place","Edinburgh St Cuthberts, Edinburgh, Scotland","0223997","GRO","685-2",,"48","10","Isabella WHITEFORD","U","19","F","Cramond, Edinburgh, Scotland","Sert","Gen Serv"
"Dwelling","15 Belmont Crescent","Govan, Lanark, Scotland","0203690","GRO","646-2",,"33","31","David D. LEISK","M","45","M","Lerwick, Shetland, Scotland","Head","Warehouseman Draper"
"Dwelling","15 Belmont Crescent","Govan, Lanark, Scotland","0203690","GRO","646-2",,"33","31","Rebecca R. LEISK","M","32","F","Glasgow, Lanark, Scotland","Wife",""
"Dwelling","15 Belmont Crescent","Govan, Lanark, Scotland","0203690","GRO","646-2",,"33","31","Elsie D. LEISK","","6","F","Glasgow, Lanark, Scotland","Daur",""
"Dwelling","15 Belmont Crescent","Govan, Lanark, Scotland","0203690","GRO","646-2",,"33","31","James R. LEISK","","4","M","Glasgow, Lanark, Scotland","Son",""
"Dwelling","15 Belmont Crescent","Govan, Lanark, Scotland","0203690","GRO","646-2",,"33","31","Edith A. LEISK","","18","m","F	Glasgow, Lanark, Scotland","Daur",""
"Dwelling","15 Belmont Crescent","Govan, Lanark, Scotland","0203690","GRO","646-2",,"33","31","Eliza MC GARNGILL","U","29","F","Ireland","Serv","Domestic Serv Cook"
"Dwelling","15 Belmont Crescent","Govan, Lanark, Scotland","0203690","GRO","646-2",,"33","31","Margaret MILLER","U","22","F","Denny, Stirling, Scotland","Serv","Domestic Serv Housemaid"
"Dwelling","15 Belmont Crescent","Govan, Lanark, Scotland","0203690","GRO","646-2",,"33","31","Annie WHITEFORD","U","18","F","Raspay, Inverness, Scotland","Serv","Nurse"
"Dwelling","11 St James Ter","Govan, Lanark, Scotland","0203690","GRO","646-2",,"33","12","Mary A.L. DILL","W","50","F","(British Subject), Italy","Head",""
"Dwelling","11 St James Ter","Govan, Lanark, Scotland","0203690","GRO","646-2",,"33","12","Annabella F. MC BEAN","U","60","F","(British Subject), Italy","Sister",""
"Dwelling","11 St James Ter","Govan, Lanark, Scotland","0203690","GRO","646-2",,"33","12","Edith C. MC BEAN","U","24","F","(British Subject), Italy","Neice",""
"Dwelling","11 St James Ter","Govan, Lanark, Scotland","0203690","GRO","646-2",,"33","12","Williamina DILL","","13","F","Colmonell, Ayr, Scotland","Neice","Scholar"
"Dwelling","11 St James Ter","Govan, Lanark, Scotland","0203690","GRO","646-2",,"33","12","Janet S. LACEY","U","22","F","Hillhead, Lanark, Scotland","Visitor",""
"Dwelling","11 St James Ter","Govan, Lanark, Scotland","0203690","GRO","646-2",,"33","12","Christina WHITFORD","U","18","F","Ardrossan, Ayr, Scotland","Serv","Domestic Serv Housemaid"
"Dwelling","11 St James Ter","Govan, Lanark, Scotland","0203690","GRO","646-2",,"33","12","Margaret BRYDEN","W","39","F","Kilkerran, Ayr, Scotland","Serv","Domestic Serv Cook"
"Dwelling","22 Monteith Row","Glasgow, Lanark, Scotland","0203643","GRO","644-4",,"28","18","William Graham YOUNG","M","43","M","Glasgow, Lanark, Scotland","Head","Generl Practitioner M.D. Glasgow University Licbtide Faulty"
"Dwelling","22 Monteith Row","Glasgow, Lanark, Scotland","0203643","GRO","644-4",,"28","18","Mary Reid YOUNG","M","40","F","Glasgow, Lanark, Scotland","Wife",""
"Dwelling","22 Monteith Row","Glasgow, Lanark, Scotland","0203643","GRO","644-4",,"28","18","Margaret F. YOUNG","","14","F","Glasgow, Lanark, Scotland","Daur","Scholar"
"Dwelling","22 Monteith Row","Glasgow, Lanark, Scotland","0203643","GRO","644-4",,"28","18","Bessie D. YOUNG","","11","F","Glasgow, Lanark, Scotland","Daur","Scholar"
"Dwelling","22 Monteith Row","Glasgow, Lanark, Scotland","0203643","GRO","644-4",,"28","18","William YOUNG","","7","M","Glasgow, Lanark, Scotland","Son","Scholar"
"Dwelling","22 Monteith Row","Glasgow, Lanark, Scotland","0203643","GRO","644-4",,"28","18","Elizabeth Mc M. WHITEFORD","U","17","F","Lesmahagow, Lanark, Scotland","Servant","General Servant"
"Dwelling","22 Monteith Row","Glasgow, Lanark, Scotland","0203643","GRO","644-4",,"28","18","Margaret STEVENSON","U","16","F","Cumbelnauld, Dunbarton, Scotland","Servant","General Servant"
"Vessel","""Venture""","Campbeltown, Argyll, Great Britain","0224065","GRO","507",,,"4","Dugald MC PHERSON","U","23","M","Campbeltown, Argyll, Scotland","Head","Mariner"
"Vessel","""Venture""","Campbeltown, Argyll, Great Britain","0224065","GRO","507",,,"4","Bernard WHITEFORD","U","16","M","Campbeltown, Argyll, Scotland","","Mariner"
"Dwelling","Merchiston School","Edinburgh St Cuthberts, Edinburgh, Scotland","0224012","GRO","685-5",,"119","7","John Johnston MC GOVON","U","49","M","Moffat, Dumfries, Scotland","Head","Teacher D D"
"Dwelling","Merchiston School","Edinburgh St Cuthberts, Edinburgh, Scotland","0224012","GRO","685-5",,"119","7","Clara PRINCE","U","27","F","England","Lady Housekeeper","Lady Housekeeper"
"Dwelling","Merchiston School","Edinburgh St Cuthberts, Edinburgh, Scotland","0224012","GRO","685-5",,"119","7","Mary MC KILLOP","U","40","F","Edinburgh, Scotland","Matron","Matron"
"Dwelling","Merchiston School","Edinburgh St Cuthberts, Edinburgh, Scotland","0224012","GRO","685-5",,"119","7","Catherine MANSON","U","65","F","Wick, Caithness, Scotland","Servant","Cook"
"Dwelling","Merchiston School","Edinburgh St Cuthberts, Edinburgh, Scotland","0224012","GRO","685-5",,"119","7","Betsy MC GILLIVRAY","U","27","F","Elgin, Scotland","Servant","Kitchen Maid"
"Dwelling","Merchiston School","Edinburgh St Cuthberts, Edinburgh, Scotland","0224012","GRO","685-5",,"119","7","Jane YOUNG","U","42","F","Ayr, Scotland","Servant","Table Maid"
"Dwelling","Merchiston School","Edinburgh St Cuthberts, Edinburgh, Scotland","0224012","GRO","685-5",,"119","7","Mary CHALMERS","U","19","F","Edinburgh, Scotland","Servant","Table Maid"
"Dwelling","Merchiston School","Edinburgh St Cuthberts, Edinburgh, Scotland","0224012","GRO","685-5",,"119","7","Margt. BUCHAN","U","41","F","Crieff, Perth, Scotland","Servant","Table Maid"
"Dwelling","Merchiston School","Edinburgh St Cuthberts, Edinburgh, Scotland","0224012","GRO","685-5",,"119","7","Isabella MC ADDIE","U","28","F","Caithness, Scotland","Servant","House Maid"
"Dwelling","Merchiston School","Edinburgh St Cuthberts, Edinburgh, Scotland","0224012","GRO","685-5",,"119","7","Lilias FYFE","U","19","F","Clackmannan, Scotland","Servant","Maid ((Table))"
"Dwelling","Merchiston School","Edinburgh St Cuthberts, Edinburgh, Scotland","0224012","GRO","685-5",,"119","7","Helen MITCHELL","U","18","F","Clackmannan, Scotland","Servant","Maid"
"Dwelling","Merchiston School","Edinburgh St Cuthberts, Edinburgh, Scotland","0224012","GRO","685-5",,"119","7","Thomson WHYTE","U","31","M","St Andrews, Fife, Scotland","Master","Teacher Of English N A"
"Dwelling","Merchiston School","Edinburgh St Cuthberts, Edinburgh, Scotland","0224012","GRO","685-5",,"119","7","Sleight Arthur MORTLOCK","U","23","M","England","Asst Master","Asst Classical Master B.A. Cantab"
"Dwelling","Merchiston School","Edinburgh St Cuthberts, Edinburgh, Scotland","0224012","GRO","685-5",,"119","7","James Jamieson MUIR","U","29","M","Kilmarnock, Ayr, Scotland","Master","Comml Master"
"Dwelling","Merchiston School","Edinburgh St Cuthberts, Edinburgh, Scotland","0224012","GRO","685-5",,"119","7","Robert Napier ADIE","","14","M","Glasgow, Lanark, Scotland","Scholar","Scholar"
"Dwelling","Merchiston School","Edinburgh St Cuthberts, Edinburgh, Scotland","0224012","GRO","685-5",,"119","7","Thomas ANDERSON","","17","M","New Kilpatrick, Lanark, Scotland","Scholar","Scholar"
"Dwelling","Merchiston School","Edinburgh St Cuthberts, Edinburgh, Scotland","0224012","GRO","685-5",,"119","7","Hugh Mc Leod BURNS","","17","M","England","Scholar","Scholar"
"Dwelling","Merchiston School","Edinburgh St Cuthberts, Edinburgh, Scotland","0224012","GRO","685-5",,"119","7","Colin Young CAIRD","","15","M","Australia","","Scholar"
"Dwelling","Merchiston School","Edinburgh St Cuthberts, Edinburgh, Scotland","0224012","GRO","685-5",,"119","7","Colin CAMPBELL","","13","M","England","","Scholar"
"Dwelling","Merchiston School","Edinburgh St Cuthberts, Edinburgh, Scotland","0224012","GRO","685-5",,"119","7","Glenlyon A. CAMPBELL","","17","M","Canada","","Scholar"
"Dwelling","Merchiston School","Edinburgh St Cuthberts, Edinburgh, Scotland","0224012","GRO","685-5",,"119","7","Samuel CARSON","","17","M","Glasgow, Lanark, Scotland","","Scholar"
"Dwelling","Merchiston School","Edinburgh St Cuthberts, Edinburgh, Scotland","0224012","GRO","685-5",,"119","7","Alexr. CLARK","","16","M","Errol, Perth, Scotland","","Scholar"
"Dwelling","Merchiston School","Edinburgh St Cuthberts, Edinburgh, Scotland","0224012","GRO","685-5",,"119","7","Jno.Stewart CLARK","","16","M","Paisley, Renfrew, Scotland","","Scholar"
"Dwelling","Merchiston School","Edinburgh St Cuthberts, Edinburgh, Scotland","0224012","GRO","685-5",,"119","7","Malcolm A. COCKBURN","","15","M","Falkirk, Stirling, Scotland","","Scholar"
"Dwelling","Merchiston School","Edinburgh St Cuthberts, Edinburgh, Scotland","0224012","GRO","685-5",,"119","7","Boswell S. DONALDSON","","13","M","Edinr, Edinburgh, Scotland","","Scholar"
"Dwelling","Merchiston School","Edinburgh St Cuthberts, Edinburgh, Scotland","0224012","GRO","685-5",,"119","7","Robt.M. DONALDSON","","14","M","Glasgow, Lanark, Scotland","","Scholar"
"Dwelling","Merchiston School","Edinburgh St Cuthberts, Edinburgh, Scotland","0224012","GRO","685-5",,"119","7","Robt.J. DOUGLAS","","16","M","England","","Scholar"
"Dwelling","Merchiston School","Edinburgh St Cuthberts, Edinburgh, Scotland","0224012","GRO","685-5",,"119","7","Edwd.John DUFFUS","","15","M","Nova Scotia","","Scholar"
"Dwelling","Merchiston School","Edinburgh St Cuthberts, Edinburgh, Scotland","0224012","GRO","685-5",,"119","7","Wm.A. DUFFUS","","13","M","Nova Scotia","","Scholar"
"Dwelling","Merchiston School","Edinburgh St Cuthberts, Edinburgh, Scotland","0224012","GRO","685-5",,"119","7","Robert DUNCAN","","15","M","England","","Scholar"
"Dwelling","Merchiston School","Edinburgh St Cuthberts, Edinburgh, Scotland","0224012","GRO","685-5",,"119","7","William PARKS","","16","M","New Brunswick","","Scholar"
"Dwelling","Merchiston School","Edinburgh St Cuthberts, Edinburgh, Scotland","0224012","GRO","685-5",,"119","7","Andrew GIBSON","","16","M","England","","Scholar"
"Dwelling","Merchiston School","Edinburgh St Cuthberts, Edinburgh, Scotland","0224012","GRO","685-5",,"119","7","Wm. Smith GILL","","16","M","Aberdeen, Aberdeen, Scotland","","Scholar"
"Dwelling","Merchiston School","Edinburgh St Cuthberts, Edinburgh, Scotland","0224012","GRO","685-5",,"119","7","James A. GILMOUR","","16","M","Kilmarnock, Ayr, Scotland","","Scholar"
"Dwelling","Merchiston School","Edinburgh St Cuthberts, Edinburgh, Scotland","0224012","GRO","685-5",,"119","7","Fred.W.N. GOODHUE","","13","M","Canada","","Scholar"
"Dwelling","Merchiston School","Edinburgh St Cuthberts, Edinburgh, Scotland","0224012","GRO","685-5",,"119","7","Davd.Lyall GRANT","","15","M","Aberdeen, Aberdeen, Scotland","","Scholar"
"Dwelling","Merchiston School","Edinburgh St Cuthberts, Edinburgh, Scotland","0224012","GRO","685-5",,"119","7","Henry H. HALL","","17","M","New Brunswick","","Scholar"
"Dwelling","Merchiston School","Edinburgh St Cuthberts, Edinburgh, Scotland","0224012","GRO","685-5",,"119","7","Benjamine J. HARDING","","16","M","England","","Scholar"
"Dwelling","Merchiston School","Edinburgh St Cuthberts, Edinburgh, Scotland","0224012","GRO","685-5",,"119","7","Charles F. HARRISON","","15","M","New Brunswick","","Scholar"
"Dwelling","Merchiston School","Edinburgh St Cuthberts, Edinburgh, Scotland","0224012","GRO","685-5",,"119","7","Wm.A. HENRY","","18","M","Canada","","Scholar"
"Dwelling","Merchiston School","Edinburgh St Cuthberts, Edinburgh, Scotland","0224012","GRO","685-5",,"119","7","Alexr.C. HOUSTON","","14","M","India","","Scholar"
"Dwelling","Merchiston School","Edinburgh St Cuthberts, Edinburgh, Scotland","0224012","GRO","685-5",,"119","7","Clifford K. JEFFRAY","","15","M","Barbados","","Scholar"
"Dwelling","Merchiston School","Edinburgh St Cuthberts, Edinburgh, Scotland","0224012","GRO","685-5",,"119","7","Wm.G. JOHNSTONE","","13","M","Moffat, Dumfries, Scotland","","Scholar"
"Dwelling","Merchiston School","Edinburgh St Cuthberts, Edinburgh, Scotland","0224012","GRO","685-5",,"119","7","George West JONES","","16","M","New Brunswick","","Scholar"
"Dwelling","Merchiston School","Edinburgh St Cuthberts, Edinburgh, Scotland","0224012","GRO","685-5",,"119","7","Robert K. JONES","","19","M","New Brunswick","","Scholar"
"Dwelling","Merchiston School","Edinburgh St Cuthberts, Edinburgh, Scotland","0224012","GRO","685-5",,"119","7","Jno.G. KENNEDY","","15","M","Glasgow, Lanark, Scotland","","Scholar"
"Dwelling","Merchiston School","Edinburgh St Cuthberts, Edinburgh, Scotland","0224012","GRO","685-5",,"119","7","Hugh T. KER","","15","M","Glasgow, Lanark, Scotland","","Scholar"
"Dwelling","Merchiston School","Edinburgh St Cuthberts, Edinburgh, Scotland","0224012","GRO","685-5",,"119","7","Rob.C. KERR","","17","M","Paisley, Renfrew, Scotland","","Scholar"
"Dwelling","Merchiston School","Edinburgh St Cuthberts, Edinburgh, Scotland","0224012","GRO","685-5",,"119","7","Graham KINLOCH","","14","M","England","","Scholar"
"Dwelling","Merchiston School","Edinburgh St Cuthberts, Edinburgh, Scotland","0224012","GRO","685-5",,"119","7","Alexr.F. MACDONALD","","14","M","Cape of Good Hope, South Africa","","Scholar"
"Dwelling","Merchiston School","Edinburgh St Cuthberts, Edinburgh, Scotland","0224012","GRO","685-5",,"119","7","Dugald A. MAC MILLAN","","14","M","Edinburgh, Edinburgh, Scotland","","Scholar"
"Dwelling","Merchiston School","Edinburgh St Cuthberts, Edinburgh, Scotland","0224012","GRO","685-5",,"119","7","Robt.G. MAC MILLAN","","16","M","Edinburgh, Edinburgh, Scotland","","Scholar"
"Dwelling","Merchiston School","Edinburgh St Cuthberts, Edinburgh, Scotland","0224012","GRO","685-5",,"119","7","Thomas MC MILLAN","","13","M","Moniave, Dumfries, Scotland","","Scholar"
"Dwelling","Merchiston School","Edinburgh St Cuthberts, Edinburgh, Scotland","0224012","GRO","685-5",,"119","7","Wm.W. MC CRIE","","15","M","Edinr, Edinburgh, Scotland","","Scholar"
"Dwelling","Merchiston School","Edinburgh St Cuthberts, Edinburgh, Scotland","0224012","GRO","685-5",,"119","7","Walter N.T. MIDDLETON","","14","M","Invergordon, Ross and Cromarty, Scotland","","Scholar"
"Dwelling","Merchiston School","Edinburgh St Cuthberts, Edinburgh, Scotland","0224012","GRO","685-5",,"119","7","Graham MUNN","","14","M","Newfoundland","","Scholar"
"Dwelling","Merchiston School","Edinburgh St Cuthberts, Edinburgh, Scotland","0224012","GRO","685-5",,"119","7","Dugald MUNN","","18","M","Newfoundland","","Scholar"
"Dwelling","Merchiston School","Edinburgh St Cuthberts, Edinburgh, Scotland","0224012","GRO","685-5",,"119","7","Wm.A. MUNN","","16","M","Newfoundland","","Scholar"
"Dwelling","Merchiston School","Edinburgh St Cuthberts, Edinburgh, Scotland","0224012","GRO","685-5",,"119","7","Hary U. PATERSON","","15","M","Arran Lamlash, Bute, Scotland","","Scholar"
"Dwelling","Merchiston School","Edinburgh St Cuthberts, Edinburgh, Scotland","0224012","GRO","685-5",,"119","7","George PATERSON","","17","M","Newfoundland","","Scholar"
"Dwelling","Merchiston School","Edinburgh St Cuthberts, Edinburgh, Scotland","0224012","GRO","685-5",,"119","7","James PATERSON","","15","M","Newfoundland","","Scholar"
"Dwelling","Merchiston School","Edinburgh St Cuthberts, Edinburgh, Scotland","0224012","GRO","685-5",,"119","7","Jno. Henry PITCAIRN","","16","M","St Andrews, Fife, Scotland","","Scholar"
"Dwelling","Merchiston School","Edinburgh St Cuthberts, Edinburgh, Scotland","0224012","GRO","685-5",,"119","7","Peter Greig PYE","","16","M","Dysart, Fife, Scotland","","Scholar"
"Dwelling","Merchiston School","Edinburgh St Cuthberts, Edinburgh, Scotland","0224012","GRO","685-5",,"119","7","Harold A. REDBURN","","15","M","Edinr, Edinburgh, Scotland","","Scholar"
"Dwelling","Merchiston School","Edinburgh St Cuthberts, Edinburgh, Scotland","0224012","GRO","685-5",,"119","7","Wm. ROBSON","","15","M","Northumberland, England","","Scholar"
"Dwelling","Merchiston School","Edinburgh St Cuthberts, Edinburgh, Scotland","0224012","GRO","685-5",,"119","7","John David ROGER","","14","M","Aberdeen, Aberdeen, Scotland","","Scholar"
"Dwelling","Merchiston School","Edinburgh St Cuthberts, Edinburgh, Scotland","0224012","GRO","685-5",,"119","7","Ernest J. ROLAND","","16","M","Edinr, Edinburgh, Scotland","","Scholar"
"Dwelling","Merchiston School","Edinburgh St Cuthberts, Edinburgh, Scotland","0224012","GRO","685-5",,"119","7","Alexr. RUSSEL","","16","M","Elgin, Elgin, Scotland","Scholar","Scholar"
"Dwelling","Merchiston School","Edinburgh St Cuthberts, Edinburgh, Scotland","0224012","GRO","685-5",,"119","7","Goldie Darcy A. L. SCOT","","10","M","Moniaive, Dumfries, Scotland","","Scholar"
"Dwelling","Merchiston School","Edinburgh St Cuthberts, Edinburgh, Scotland","0224012","GRO","685-5",,"119","7","Andrew G. SCOTT","","16","M","South America","","Scholar"
"Dwelling","Merchiston School","Edinburgh St Cuthberts, Edinburgh, Scotland","0224012","GRO","685-5",,"119","7","William M. SCOTT","","16","M","Nova Scotia","","Scholar"
"Dwelling","Merchiston School","Edinburgh St Cuthberts, Edinburgh, Scotland","0224012","GRO","685-5",,"119","7","Cheamley SMITH","","15","M","Nova Scotia","","Scholar"
"Dwelling","Merchiston School","Edinburgh St Cuthberts, Edinburgh, Scotland","0224012","GRO","685-5",,"119","7","H.F.D. SMITH","","13","M","Nova Scotia","","Scholar"
"Dwelling","Merchiston School","Edinburgh St Cuthberts, Edinburgh, Scotland","0224012","GRO","685-5",,"119","7","Douglas SYMINGTON","","17","M","England","","Scholar"
"Dwelling","Merchiston School","Edinburgh St Cuthberts, Edinburgh, Scotland","0224012","GRO","685-5",,"119","7","N.P. SWINBURNE","","12","M","England","","Scholar"
"Dwelling","Merchiston School","Edinburgh St Cuthberts, Edinburgh, Scotland","0224012","GRO","685-5",,"119","7","Jno.Hunter TAIT","","16","M","Glasgow, Lanark, Scotland","","Scholar"
"Dwelling","Merchiston School","Edinburgh St Cuthberts, Edinburgh, Scotland","0224012","GRO","685-5",,"119","7","L.R. THOMSON","","16","M","Nova Scotia","","Scholar"
"Dwelling","Merchiston School","Edinburgh St Cuthberts, Edinburgh, Scotland","0224012","GRO","685-5",,"119","7","Arthur TILLIE","","17","M","Ireland","","Scholar"
"Dwelling","Merchiston School","Edinburgh St Cuthberts, Edinburgh, Scotland","0224012","GRO","685-5",,"119","7","John TURNBULL","","15","M","Hawick, Roxburgh, Scotland","","Scholar"
"Dwelling","Merchiston School","Edinburgh St Cuthberts, Edinburgh, Scotland","0224012","GRO","685-5",,"119","7","Thos.W. WATSON","","16","M","Glasgow, Lanark, Scotland","","Scholar"
"Dwelling","Merchiston School","Edinburgh St Cuthberts, Edinburgh, Scotland","0224012","GRO","685-5",,"119","7","Harry C. WEBSTER","","18","M","Australia","","Scholar"
"Dwelling","Merchiston School","Edinburgh St Cuthberts, Edinburgh, Scotland","0224012","GRO","685-5",,"119","7","Robie W. WEST","","18","M","Nova Scotia","","Scholar"
"Dwelling","Merchiston School","Edinburgh St Cuthberts, Edinburgh, Scotland","0224012","GRO","685-5",,"119","7","James H.G. WHITEFORD","","16","M","Edinr, Edinburgh, Scotland","","Scholar"
"Dwelling","Merchiston School","Edinburgh St Cuthberts, Edinburgh, Scotland","0224012","GRO","685-5",,"119","7","Thomas D. WILSON","","18","M","Dunoon, Argyll, Scotland","","Scholar"
"Dwelling","Merchiston School","Edinburgh St Cuthberts, Edinburgh, Scotland","0224012","GRO","685-5",,"119","7","William TARNE","U","31","M","England","Master","Classical Master"
"Dwelling","Merchiston School","Edinburgh St Cuthberts, Edinburgh, Scotland","0224012","GRO","685-5",,"119","7","James Rose BURGESS","U","26","M","Grantown, Elgin, Scotland","Master","Math Master B.A.(Cam)"
"Dwelling","Merchiston School","Edinburgh St Cuthberts, Edinburgh, Scotland","0224012","GRO","685-5",,"119","7","John MC DONALD","M","35","M","Torryburn, Fife, Scotland","Serv","House Servant"
"Dwelling","Merchiston School","Edinburgh St Cuthberts, Edinburgh, Scotland","0224012","GRO","685-5",,"119","7","Christina MC DONALD","M","35","F","Orwell, Kinross, Scotland","Serv","House Servant"
"Dwelling","Merchiston School","Edinburgh St Cuthberts, Edinburgh, Scotland","0224012","GRO","685-5",,"119","7","Wm. HAIN","U","14","M","Cupar, Fife, Scotland","Serv","House Servant"
"Dwelling","10 Old Fish Market Close","Edinburgh New North, Edinburgh, Scotland","0224004","GRO","685-4",,"12","8","Stuart RODGERS","M","30","M","Edinburgh, Scotland","Head","Shoemaker"
"Dwelling","10 Old Fish Market Close","Edinburgh New North, Edinburgh, Scotland","0224004","GRO","685-4",,"12","8","Isabella RODGERS","M","28","F","Edinburgh, Scotland","Wife",""
"Dwelling","10 Old Fish Market Close","Edinburgh New North, Edinburgh, Scotland","0224004","GRO","685-4",,"12","8","Isabella RODGERS","","9","F","Edinburgh, Scotland","Daur","Scholar"
"Dwelling","10 Old Fish Market Close","Edinburgh New North, Edinburgh, Scotland","0224004","GRO","685-4",,"12","8","Martha Jane RODGERS","","2","F","Edinburgh, Scotland","Daur",""
"Dwelling","10 Old Fish Market Close","Edinburgh New North, Edinburgh, Scotland","0224004","GRO","685-4",,"12","8","Margaret RODGERS","","10","m","F	Edinburgh, Scotland","Daur",""
"Dwelling","10 Old Fish Market Close","Edinburgh New North, Edinburgh, Scotland","0224004","GRO","685-4",,"12","8","Isabella WHITEFORD","W","45","F","Glasgow","Mother In Law","Formerly Charwoman"
"Dwelling","10 Old Fish Market Close","Edinburgh New North, Edinburgh, Scotland","0224004","GRO","685-4",,"12","8","Thos. WHITEFORD","U","16","M","Edinburgh, Scotland","Brother In Law","Tailor"
"Dwelling","49 Brisbane St","West Greenock, Renfrew, Scotland","0203575","GRO","564-3",,"33","27","Hugh CRAWFORD","M","40","M","Largs, Ayr, Scotland","Head","Flesher"
"Dwelling","49 Brisbane St","West Greenock, Renfrew, Scotland","0203575","GRO","564-3",,"33","27","M. CRAWFORD","M","38","F","Greenock, Renfrew, Scotland","Wife",""
"Dwelling","49 Brisbane St","West Greenock, Renfrew, Scotland","0203575","GRO","564-3",,"33","27","Bessie WHITEFORD","","15","F","Greenock, Renfrew, Scotland","Niece","Scholar"
"Dwelling","49 Brisbane St","West Greenock, Renfrew, Scotland","0203575","GRO","564-3",,"33","27","Robina MC INTYRE","U","19","F","Greenock, Renfrew, Scotland","Servant","General Servant"
"Dwelling","Polnoon Street","Eaglesham, Renfrew, Scotland","0203567","GRO","561",,"3","13","Flora BLUE","U","54","F","Colonsay, Argyll, Scotland","Head","Grocer"
"Dwelling","Polnoon Street","Eaglesham, Renfrew, Scotland","0203567","GRO","561",,"3","13","Margaret WHITEFORD","","15","F","Douglas, Lanark, Scotland","Niece","Scholar"
"Dwelling","21 Albert Drive","Cathcart, Renfrew, Scotland","0203567","GRO","560",,"8","26","Wishart WINCHESTER","M","33","M","Elgin, Elgin, Scotland","Head","Comml Clerk"
"Dwelling","21 Albert Drive","Cathcart, Renfrew, Scotland","0203567","GRO","560",,"8","26","Mary WINCHESTER","M","36","F","Glasgow, Lanark, Scotland","Wife",""
"Dwelling","21 Albert Drive","Cathcart, Renfrew, Scotland","0203567","GRO","560",,"8","26","Maggie WINCHESTER","","7","F","England","Daur","Scholar"
"Dwelling","21 Albert Drive","Cathcart, Renfrew, Scotland","0203567","GRO","560",,"8","26","James WINCHESTER","","4","M","Crosshill, Renfrew, Scotland","Son","Scholar"
"Dwelling","21 Albert Drive","Cathcart, Renfrew, Scotland","0203567","GRO","560",,"8","26","William N. WINCHESTER","M","38","M","Glasgow, Lanark, Scotland","Visitor","China Merchant"
"Dwelling","21 Albert Drive","Cathcart, Renfrew, Scotland","0203567","GRO","560",,"8","26","Henry A. WINCHESTER","","1","M","Crosshill, Renfrew, Scotland","Son",""
"Dwelling","21 Albert Drive","Cathcart, Renfrew, Scotland","0203567","GRO","560",,"8","26","Mary WHITEFORD","U","15","F","Govan, Lanark, Scotland","Servant","Genl Servant"
"Dwelling","5 Bulls Close Canongate","Edinburgh Canongate, Edinburgh, Scotland","0224003","GRO","685-3",,"89","4","William HAMILTON","M","41","M","Ireland","Head","Maltman"
"Dwelling","5 Bulls Close Canongate","Edinburgh Canongate, Edinburgh, Scotland","0224003","GRO","685-3",,"89","4","Ellen HAMILTON","M","34","F","Leith","Wife",""
"Dwelling","5 Bulls Close Canongate","Edinburgh Canongate, Edinburgh, Scotland","0224003","GRO","685-3",,"89","4","Isabella HAMILTON","U","18","F","Edinburgh, Scotland","Daughter","Brush Maker"
"Dwelling","5 Bulls Close Canongate","Edinburgh Canongate, Edinburgh, Scotland","0224003","GRO","685-3",,"89","4","Walter WHITEFORD","","15","M","Edinburgh, Scotland","Boarder","Porter"
"Dwelling","63 Springfield Rd","Barony, Lanark, Scotland","0203630","GRO","644-1",,"32","4","Stephen CRAWFORD","M","52","M","Tollcross, Lanark, Scotland","Head","Checkweigher"
"Dwelling","63 Springfield Rd","Barony, Lanark, Scotland","0203630","GRO","644-1",,"32","4","Agnes CRAWFORD","M","56","F","Glasgow, Lanark, Scotland","Wife",""
"Dwelling","63 Springfield Rd","Barony, Lanark, Scotland","0203630","GRO","644-1",,"32","4","John CRAWFORD","U","23","M","Rutherglen, Lanark, Scotland","Son","Shopman"
"Dwelling","63 Springfield Rd","Barony, Lanark, Scotland","0203630","GRO","644-1",,"32","4","Margt. WHITEFORD (CRAWFORD)","U","15","F","Kilwinning, Ayr, Scotland","Adopted","Dye Worker"
"Institution","""Dalry Reformatory School""","Edinburgh St Cuthberts, Edinburgh, Scotland","0223989","GRO","685-1",,"1","51","Margaret MARTIN","U","15","F","Islay, Argyll, Scotland","Inmate","Scholar"
"Institution","""Dalry Reformatory School""","Edinburgh St Cuthberts, Edinburgh, Scotland","0223989","GRO","685-1",,"1","51","Jane KERR","","14","F","Edinburgh, Edinburgh, Scotland","Inmate","Scholar"
"Institution","""Dalry Reformatory School""","Edinburgh St Cuthberts, Edinburgh, Scotland","0223989","GRO","685-1",,"1","51","Mary MC NEIL","","19","F","Islay, Argyll, Scotland","Inmate","Scholar"
"Institution","""Dalry Reformatory School""","Edinburgh St Cuthberts, Edinburgh, Scotland","0223989","GRO","685-1",,"1","51","Elizabeth CHALMERS","","15","F","Edinburgh, Edinburgh, Scotland","Inmate","Scholar"
"Institution","""Dalry Reformatory School""","Edinburgh St Cuthberts, Edinburgh, Scotland","0223989","GRO","685-1",,"1","51","Elizabeth POTTS","","16","F","Edinburgh, Edinburgh, Scotland","Inmate","Scholar"
"Institution","""Dalry Reformatory School""","Edinburgh St Cuthberts, Edinburgh, Scotland","0223989","GRO","685-1",,"1","51","Euphemia CLELLAND","","15","F","Edinburgh, Edinburgh, Scotland","Inmate","Scholar"
"Institution","""Dalry Reformatory School""","Edinburgh St Cuthberts, Edinburgh, Scotland","0223989","GRO","685-1",,"1","51","Elizabeth COLLIE","","19","F","Edinburgh, Edinburgh, Scotland","Inmate","Scholar"
"Institution","""Dalry Reformatory School""","Edinburgh St Cuthberts, Edinburgh, Scotland","0223989","GRO","685-1",,"1","51","Christina FORREST","","13","F","Edinburgh, Edinburgh, Scotland","Inmate","Scholar"
"Institution","""Dalry Reformatory School""","Edinburgh St Cuthberts, Edinburgh, Scotland","0223989","GRO","685-1",,"1","51","Janet CHALMERS","","13","F","Kirkintilloch, Dunbarton, Scotland","Inmate","Scholar"
"Institution","""Dalry Reformatory School""","Edinburgh St Cuthberts, Edinburgh, Scotland","0223989","GRO","685-1",,"1","51","Catherine GRANDISON","","12","F","Prestonpans, Haddington, Scotland","Inmate","Scholar"
"Institution","""Dalry Reformatory School""","Edinburgh St Cuthberts, Edinburgh, Scotland","0223989","GRO","685-1",,"1","51","Eliza MACKAY","","19","F","Edinburgh, Edinburgh, Scotland","Inmate","Scholar"
"Institution","""Dalry Reformatory School""","Edinburgh St Cuthberts, Edinburgh, Scotland","0223989","GRO","685-1",,"1","51","Isabella LINDSAY","","18","F","Edinburgh, Edinburgh, Scotland","Inmate","Scholar"
"Institution","""Dalry Reformatory School""","Edinburgh St Cuthberts, Edinburgh, Scotland","0223989","GRO","685-1",,"1","51","Annie MC PHERSON","","18","F","Edinburgh, Edinburgh, Scotland","Inmate","Scholar"
"Institution","""Dalry Reformatory School""","Edinburgh St Cuthberts, Edinburgh, Scotland","0223989","GRO","685-1",,"1","51","Jessie HOOD","","18","F","Dundee, Forfar, Scotland","Inmate","Scholar"
"Institution","""Dalry Reformatory School""","Edinburgh St Cuthberts, Edinburgh, Scotland","0223989","GRO","685-1",,"1","51","Catherine MAXWELL","","10","F","NK, Fife, Scotland","Inmate","Scholar"
"Institution","""Dalry Reformatory School""","Edinburgh St Cuthberts, Edinburgh, Scotland","0223989","GRO","685-1",,"1","51","Margaret BRODIE","","17","F","Edinburgh, Edinburgh, Scotland","Inmate","Scholar"
"Institution","""Dalry Reformatory School""","Edinburgh St Cuthberts, Edinburgh, Scotland","0223989","GRO","685-1",,"1","51","Mary NISSON","","7","F","Edinburgh, Edinburgh, Scotland","Inmate","Scholar"
"Institution","""Dalry Reformatory School""","Edinburgh St Cuthberts, Edinburgh, Scotland","0223989","GRO","685-1",,"1","51","Mary C. WHITFORD","","14","F","Greenock, Renfrew, Scotland","Visitor","Scholar"
"Institution","""Dalry Reformatory School""","Edinburgh St Cuthberts, Edinburgh, Scotland","0223989","GRO","685-1",,"1","51","Ethel J. C. WHITFORD","","9","F","Greenock, Renfrew, Scotland","Visitor","Scholar"
"Dwelling","Welldale Cottage Nemphlar","Lanark, Lanark, Scotland","0203694","GRO","648",,"13","6","William ELLIS","M","45","M","Lanark, Lanark, Scotland","Head","General Labourer"
"Dwelling","Welldale Cottage Nemphlar","Lanark, Lanark, Scotland","0203694","GRO","648",,"13","6","Elizabeth ELLIS","M","47","F","Lanark, Lanark, Scotland","Wife","Labourers Wife"
"Dwelling","Welldale Cottage Nemphlar","Lanark, Lanark, Scotland","0203694","GRO","648",,"13","6","Robert WHITEFORD","U","13","M","Carnwath, Lanark, Scotland","Visitor","Nephew"
"Dwelling","Welldale Cottage Nemphlar","Lanark, Lanark, Scotland","0203694","GRO","648",,"13","6","Hugh SHAW","","2","M","Ayr, Ayr, Scotland","Boarder",""
"Institution","""Original Ragged Boys School""","Edinburgh Tolbooth, Edinburgh, Scotland","0224007","GRO","685-4",,"94","6","William FERGUSON","","15","M","Edinburgh, Edinburgh, Scotland","Scholar","Scholar"
"Institution","""Original Ragged Boys School""","Edinburgh Tolbooth, Edinburgh, Scotland","0224007","GRO","685-4",,"94","6","Gilbert HENDERSON","","13","M","Edinburgh, Edinburgh, Scotland","Scholar","Scholar"
"Institution","""Original Ragged Boys School""","Edinburgh Tolbooth, Edinburgh, Scotland","0224007","GRO","685-4",,"94","6","Charles GRANT","","11","M","Coatbridge, Lanark, Scotland","Scholar","Scholar"
"Institution","""Original Ragged Boys School""","Edinburgh Tolbooth, Edinburgh, Scotland","0224007","GRO","685-4",,"94","6","Charles DUNBAR","","11","M","Halkirk, Caithness, Scotland","Scholar","Scholar"
"Institution","""Original Ragged Boys School""","Edinburgh Tolbooth, Edinburgh, Scotland","0224007","GRO","685-4",,"94","6","Hugh ROBERTSON","","12","M","Edinburgh, Edinburgh, Scotland","Scholar","Scholar"
"Institution","""Original Ragged Boys School""","Edinburgh Tolbooth, Edinburgh, Scotland","0224007","GRO","685-4",,"94","6","David SCOTT","","10","M","Edinburgh, Edinburgh, Scotland","Scholar","Scholar"
"Institution","""Original Ragged Boys School""","Edinburgh Tolbooth, Edinburgh, Scotland","0224007","GRO","685-4",,"94","6","Robert MACKAY","","11","M","Edinburgh, Edinburgh, Scotland","Scholar","Scholar"
"Institution","""Original Ragged Boys School""","Edinburgh Tolbooth, Edinburgh, Scotland","0224007","GRO","685-4",,"94","6","William CURRIE","","9","M","Edinburgh, Edinburgh, Scotland","Scholar","Scholar"
"Institution","""Original Ragged Boys School""","Edinburgh Tolbooth, Edinburgh, Scotland","0224007","GRO","685-4",,"94","6","Peter MORAN","","10","M","Edinburgh, Edinburgh, Scotland","Scholar","Scholar"
"Institution","""Original Ragged Boys School""","Edinburgh Tolbooth, Edinburgh, Scotland","0224007","GRO","685-4",,"94","6","Hugh WHITEFORD","","12","M","Edinburgh, Edinburgh, Scotland","Scholar","Scholar"
"Institution","""Original Ragged Boys School""","Edinburgh Tolbooth, Edinburgh, Scotland","0224007","GRO","685-4",,"94","6","James MURRAY","","9","M","Edinburgh, Edinburgh, Scotland","Scholar","Scholar"
"Institution","""Original Ragged Boys School""","Edinburgh Tolbooth, Edinburgh, Scotland","0224007","GRO","685-4",,"94","6","George MC TAVISH","","12","M","Edinburgh, Edinburgh, Scotland","Scholar","Scholar"
"Institution","""Original Ragged Boys School""","Edinburgh Tolbooth, Edinburgh, Scotland","0224007","GRO","685-4",,"94","6","Robert ROBERTSON","","12","M","England","Scholar","Scholar"
"Institution","""Original Ragged Boys School""","Edinburgh Tolbooth, Edinburgh, Scotland","0224007","GRO","685-4",,"94","6","James HART","","12","M","Edinburgh, Edinburgh, Scotland","Scholar","Scholar"
"Institution","""Original Ragged Boys School""","Edinburgh Tolbooth, Edinburgh, Scotland","0224007","GRO","685-4",,"94","6","Thomas SOMERVILLE","","12","M","Edinburgh, Edinburgh, Scotland","Scholar","Scholar"
"Institution","""Original Ragged Boys School""","Edinburgh Tolbooth, Edinburgh, Scotland","0224007","GRO","685-4",,"94","6","Alexander MC GILL","","12","M","Penicuik, Edinburgh, Scotland","Scholar","Scholar"
"Institution","""Original Ragged Boys School""","Edinburgh Tolbooth, Edinburgh, Scotland","0224007","GRO","685-4",,"94","6","Joseph GILMOUR","","11","M","Edinburgh, Edinburgh, Scotland","Scholar","Scholar"
"Institution","""Original Ragged Boys School""","Edinburgh Tolbooth, Edinburgh, Scotland","0224007","GRO","685-4",,"94","6","John KELLACHER","","12","M","Edinburgh, Edinburgh, Scotland","Scholar","Scholar"
"Institution","""Original Ragged Boys School""","Edinburgh Tolbooth, Edinburgh, Scotland","0224007","GRO","685-4",,"94","6","Archibald BATHGATE","","12","M","Edinburgh, Edinburgh, Scotland","Scholar","Scholar"
"Institution","""Original Ragged Boys School""","Edinburgh Tolbooth, Edinburgh, Scotland","0224007","GRO","685-4",,"94","6","Robert RICHARDSON","","10","M","Edinburgh, Edinburgh, Scotland","Scholar","Scholar"
"Institution","""Original Ragged Boys School""","Edinburgh Tolbooth, Edinburgh, Scotland","0224007","GRO","685-4",,"94","6","Henry STEWART","","8","M","Kinross, Kinross, Scotland","Scholar","Scholar"
"Institution","""Original Ragged Boys School""","Edinburgh Tolbooth, Edinburgh, Scotland","0224007","GRO","685-4",,"94","6","George EDMUNDS","","9","M","Edinburgh, Edinburgh, Scotland","Scholar","Scholar"
"Institution","""Original Ragged Boys School""","Edinburgh Tolbooth, Edinburgh, Scotland","0224007","GRO","685-4",,"94","6","Robert DEMPSTER","","11","M","Kirkcaldy, Fife, Scotland","Scholar","Scholar"
"Institution","""Original Ragged Boys School""","Edinburgh Tolbooth, Edinburgh, Scotland","0224007","GRO","685-4",,"94","6","Matthew DOBBIE","","12","M","Portobello, Edinburgh, Scotland","Scholar","Scholar"
"Institution","""Original Ragged Boys School""","Edinburgh Tolbooth, Edinburgh, Scotland","0224007","GRO","685-4",,"94","6","Donald KEAY","","13","M","Edinburgh, Edinburgh, Scotland","Scholar","Scholar"
"Dwelling","60 Fisher Street","Barony, Lanark, Scotland","0203640","GRO","644-3",,"72","6","Alexr. MANN","M","49","M","Blantyre, Lanark, Scotland","Head","Carter"
"Dwelling","60 Fisher Street","Barony, Lanark, Scotland","0203640","GRO","644-3",,"72","6","Marion MANN","M","46","F","Bridge Of Weir, Renfrew, Scotland","Wife",""
"Dwelling","60 Fisher Street","Barony, Lanark, Scotland","0203640","GRO","644-3",,"72","6","Maggie WHITEFORD","U","9","F","Greenock, Renfrew, Scotland","Boarder","Scholar"
"Dwelling","60 Fisher Street","Barony, Lanark, Scotland","0203640","GRO","644-3",,"72","6","Jane WHITEFORD","U","9","F","Greenock, Renfrew, Scotland","Boarder","Scholar"
"Dwelling","60 Fisher Street","Barony, Lanark, Scotland","0203640","GRO","644-3",,"72","6","Alexr SUTHERLAND","U","58","M","Brora, Sunderland, Durham, England","Boarder","Porter Railway"
